time	V(vout)
Step Information: Run=0  (Step: 1/9)
0.000000000000000e+00	1.558742e-06
1.867297155739665e-15	2.515584e-06
4.944373095832172e-15	4.042873e-06
8.188566491083603e-15	5.554077e-06
1.467695328158647e-14	8.323211e-06
2.765372686259220e-14	1.297649e-05
5.360727402460365e-14	1.961284e-05
1.055143683486266e-13	2.664590e-05
2.093285569966724e-13	3.127232e-05
4.169569342927641e-13	3.414734e-05
8.322136888849473e-13	3.980637e-05
1.662727198069314e-12	5.098217e-05
3.323754216438047e-12	7.266086e-05
6.645808253175514e-12	1.135496e-04
1.328991632665045e-11	1.862914e-04
2.525344626353556e-11	2.918731e-04
4.918050613730578e-11	4.331434e-04
9.703462588484623e-11	5.648202e-04
9.721394110262089e-11	5.650058e-04
9.757257153817024e-11	5.654314e-04
9.828983240926893e-11	5.663141e-04
9.972435415146631e-11	5.680136e-04
1.025933976358611e-10	5.712867e-04
1.083314846046506e-10	5.772674e-04
1.198076585422296e-10	5.874017e-04
1.427600064173877e-10	6.022737e-04
1.886647021677038e-10	6.201385e-04
2.804740936683362e-10	6.395913e-04
4.584992185459499e-10	6.686532e-04
7.579092059353309e-10	7.181435e-04
1.356729180714093e-09	8.168106e-04
1.907331658495524e-09	9.076550e-04
3.008536614058386e-09	1.089195e-03
5.210946525184111e-09	1.452394e-03
9.459285427300665e-09	1.829547e-03
1.783553046553706e-08	2.516996e-03
2.805983249066700e-08	3.363645e-03
2.837934192895231e-08	3.388572e-03
2.901836080552293e-08	3.441108e-03
2.917811552466558e-08	3.454366e-03
2.949762496295089e-08	3.480748e-03
2.957750232252222e-08	3.487332e-03
2.973725704166488e-08	3.500798e-03
3.005676647995019e-08	3.530014e-03
3.069578535652081e-08	3.595513e-03
3.197382310966205e-08	3.740746e-03
3.452989861594453e-08	4.054192e-03
3.964204962850950e-08	4.712685e-03
4.986635165363944e-08	6.138804e-03
7.031495570389931e-08	9.500196e-03
7.542710671646428e-08	1.048420e-02
8.565140874159422e-08	1.256667e-02
1.061000127918541e-07	1.609434e-02
1.469972208923738e-07	2.284863e-02
2.287916370934133e-07	3.639911e-02
3.007019119134017e-07	4.835288e-02
3.793985112601020e-07	6.150455e-02
4.592436567558773e-07	7.492068e-02
5.523102421402938e-07	9.067358e-02
7.384434129091268e-07	1.213686e-01
7.784982440938946e-07	1.279757e-01
8.586079064634301e-07	1.411879e-01
8.786353220558138e-07	1.444910e-01
9.186901532405816e-07	1.510971e-01
9.287038610367735e-07	1.527487e-01
9.312072879858215e-07	1.531616e-01
9.318331447230835e-07	1.532648e-01
9.319896089073990e-07	1.532906e-01
9.323025372760300e-07	1.533422e-01
9.323807693681877e-07	1.533551e-01
9.325372335525032e-07	1.533809e-01
9.328501619211342e-07	1.534325e-01
9.334760186583962e-07	1.535357e-01
9.347277321329203e-07	1.537422e-01
9.372311590819682e-07	1.541551e-01
9.422380129800641e-07	1.549808e-01
9.522517207762561e-07	1.566324e-01
9.722791363686399e-07	1.599355e-01
1.012333967553408e-06	1.665416e-01
1.092443629922943e-06	1.797540e-01
1.252662954662014e-06	2.061789e-01
1.573101604140156e-06	2.590287e-01
2.213978903096439e-06	3.647285e-01
3.213978903096439e-06	5.296587e-01
4.213978903096439e-06	6.945889e-01
6.213978903096439e-06	1.024450e+00
7.213978903096439e-06	1.189380e+00
1.021397890309644e-05	1.684165e+00
1.121397890309644e-05	1.849085e+00
1.621397890309644e-05	2.673680e+00
1.721397890309644e-05	2.838600e+00
1.999999999699662e-05	3.298068e+00
2.040393414633538e-05	3.298080e+00
2.121180244501289e-05	3.298085e+00
2.282753904236792e-05	3.298084e+00
2.474183054237460e-05	3.298084e+00
2.857041354238794e-05	3.298084e+00
3.622757954241463e-05	3.298084e+00
5.154191154246800e-05	3.298085e+00
8.217057554257473e-05	3.298085e+00
1.434279035427882e-04	3.298085e+00
2.659425595432152e-04	3.298085e+00
5.109718715440692e-04	3.298086e+00
1.001030495545777e-03	3.298088e+00
1.981147743549193e-03	3.298091e+00
3.941382239556025e-03	3.298098e+00
6.871069739556025e-03	3.298109e+00
9.800757239556025e-03	3.298119e+00
1.273044473955602e-02	3.298129e+00
1.566013223955602e-02	3.298139e+00
1.858981973955602e-02	3.298149e+00
2.151950723955602e-02	3.298159e+00
2.444919473955602e-02	3.298169e+00
2.737888223955602e-02	3.298179e+00
3.030856973955602e-02	3.298188e+00
3.323825723955602e-02	3.298198e+00
3.616794473955602e-02	3.298208e+00
3.909763223955602e-02	3.298217e+00
4.202731973955602e-02	3.298226e+00
4.495700723955602e-02	3.298236e+00
4.788669473955602e-02	3.298245e+00
5.081638223955602e-02	3.298254e+00
5.374606973955602e-02	3.298263e+00
5.667575723955602e-02	3.298272e+00
5.960544473955602e-02	3.298281e+00
6.253513223955603e-02	3.298290e+00
6.546481973955603e-02	3.298299e+00
6.839450723955603e-02	3.298308e+00
7.132419473955603e-02	3.298317e+00
7.425388223955603e-02	3.298326e+00
7.718356973955603e-02	3.298334e+00
8.011325723955603e-02	3.298343e+00
8.304294473955603e-02	3.298351e+00
8.597263223955603e-02	3.298360e+00
8.890231973955603e-02	3.298368e+00
9.183200723955603e-02	3.298377e+00
9.476169473955603e-02	3.298385e+00
9.769138223955603e-02	3.298393e+00
1.006210697395560e-01	3.298401e+00
1.035507572395560e-01	3.298409e+00
1.064804447395560e-01	3.298417e+00
1.094101322395560e-01	3.298425e+00
1.123398197395560e-01	3.298433e+00
1.152695072395560e-01	3.298441e+00
1.181991947395560e-01	3.298449e+00
1.211288822395560e-01	3.298457e+00
1.240585697395560e-01	3.298464e+00
1.269882572395560e-01	3.298472e+00
1.299179447395560e-01	3.298480e+00
1.328476322395560e-01	3.298487e+00
1.357773197395560e-01	3.298495e+00
1.387070072395560e-01	3.298502e+00
1.416366947395560e-01	3.298509e+00
1.445663822395560e-01	3.298517e+00
1.474960697395560e-01	3.298524e+00
1.504257572395560e-01	3.298531e+00
1.533554447395560e-01	3.298538e+00
1.562851322395560e-01	3.298545e+00
1.592148197395560e-01	3.298552e+00
1.621445072395560e-01	3.298559e+00
1.650741947395560e-01	3.298566e+00
1.680038822395560e-01	3.298573e+00
1.709335697395560e-01	3.298580e+00
1.738632572395560e-01	3.298587e+00
1.767929447395560e-01	3.298594e+00
1.797226322395560e-01	3.298600e+00
1.826523197395560e-01	3.298607e+00
1.855820072395560e-01	3.298614e+00
1.885116947395560e-01	3.298620e+00
1.914413822395560e-01	3.298627e+00
1.943710697395560e-01	3.298633e+00
1.973007572395560e-01	3.298640e+00
2.002304447395560e-01	3.298646e+00
2.031601322395560e-01	3.298652e+00
2.060898197395560e-01	3.298659e+00
2.090195072395560e-01	3.298665e+00
2.119491947395560e-01	3.298671e+00
2.148788822395560e-01	3.298677e+00
2.178085697395560e-01	3.298683e+00
2.207382572395560e-01	3.298689e+00
2.236679447395560e-01	3.298695e+00
2.265976322395560e-01	3.298701e+00
2.295273197395560e-01	3.298707e+00
2.324570072395560e-01	3.298713e+00
2.353866947395560e-01	3.298719e+00
2.383163822395560e-01	3.298725e+00
2.412460697395560e-01	3.298731e+00
2.441757572395560e-01	3.298736e+00
2.471054447395560e-01	3.298742e+00
2.500351322395560e-01	3.298748e+00
2.529648197395560e-01	3.298753e+00
2.558945072395560e-01	3.298759e+00
2.588241947395560e-01	3.298764e+00
2.617538822395560e-01	3.298770e+00
2.646835697395560e-01	3.298775e+00
2.676132572395560e-01	3.298780e+00
2.705429447395560e-01	3.298786e+00
2.734726322395560e-01	3.298791e+00
2.764023197395560e-01	3.298796e+00
2.793320072395560e-01	3.298802e+00
2.822616947395560e-01	3.298807e+00
2.851913822395560e-01	3.298812e+00
2.881210697395560e-01	3.298817e+00
2.910507572395560e-01	3.298822e+00
2.939804447395560e-01	3.298827e+00
2.969101322395560e-01	3.298832e+00
2.998398197395560e-01	3.298837e+00
3.027695072395560e-01	3.298842e+00
3.056991947395560e-01	3.298847e+00
3.086288822395560e-01	3.298852e+00
3.115585697395560e-01	3.298857e+00
3.144882572395560e-01	3.298862e+00
3.174179447395560e-01	3.298867e+00
3.203476322395560e-01	3.298871e+00
3.232773197395560e-01	3.298876e+00
3.262070072395560e-01	3.298881e+00
3.291366947395560e-01	3.298885e+00
3.320663822395560e-01	3.298890e+00
3.349960697395560e-01	3.298894e+00
3.379257572395560e-01	3.298899e+00
3.408554447395560e-01	3.298903e+00
3.437851322395560e-01	3.298908e+00
3.467148197395560e-01	3.298913e+00
3.496445072395560e-01	3.298917e+00
3.525741947395560e-01	3.298921e+00
3.555038822395560e-01	3.298926e+00
3.584335697395560e-01	3.298930e+00
3.613632572395560e-01	3.298934e+00
3.642929447395560e-01	3.298939e+00
3.672226322395560e-01	3.298943e+00
3.701523197395560e-01	3.298947e+00
3.730820072395560e-01	3.298951e+00
3.760116947395560e-01	3.298955e+00
3.789413822395560e-01	3.298959e+00
3.818710697395560e-01	3.298963e+00
3.848007572395560e-01	3.298967e+00
3.877304447395560e-01	3.298971e+00
3.906601322395560e-01	3.298975e+00
3.935898197395560e-01	3.298979e+00
3.965195072395560e-01	3.298983e+00
3.994491947395560e-01	3.298987e+00
4.023788822395560e-01	3.298991e+00
4.053085697395560e-01	3.298995e+00
4.082382572395560e-01	3.298999e+00
4.111679447395560e-01	3.299002e+00
4.140976322395560e-01	3.299006e+00
4.170273197395560e-01	3.299010e+00
4.199570072395560e-01	3.299014e+00
4.228866947395560e-01	3.299017e+00
4.258163822395560e-01	3.299021e+00
4.287460697395560e-01	3.299025e+00
4.316757572395560e-01	3.299028e+00
4.346054447395560e-01	3.299032e+00
4.375351322395560e-01	3.299035e+00
4.404648197395560e-01	3.299039e+00
4.433945072395560e-01	3.299042e+00
4.463241947395560e-01	3.299046e+00
4.492538822395560e-01	3.299049e+00
4.521835697395560e-01	3.299053e+00
4.551132572395560e-01	3.299056e+00
4.580429447395560e-01	3.299059e+00
4.609726322395560e-01	3.299063e+00
4.639023197395560e-01	3.299066e+00
4.668320072395560e-01	3.299069e+00
4.697616947395560e-01	3.299073e+00
4.726913822395560e-01	3.299076e+00
4.756210697395560e-01	3.299079e+00
4.785507572395560e-01	3.299083e+00
4.814804447395560e-01	3.299086e+00
4.844101322395560e-01	3.299089e+00
4.873398197395560e-01	3.299092e+00
4.902695072395560e-01	3.299095e+00
4.931991947395560e-01	3.299098e+00
4.961288822395560e-01	3.299101e+00
4.990585697395560e-01	3.299104e+00
5.019882572395560e-01	3.299107e+00
5.049179447395560e-01	3.299110e+00
5.078476322395560e-01	3.299113e+00
5.107773197395560e-01	3.299116e+00
5.137070072395560e-01	3.299119e+00
5.166366947395560e-01	3.299122e+00
5.195663822395560e-01	3.299125e+00
5.224960697395560e-01	3.299128e+00
5.254257572395560e-01	3.299131e+00
5.283554447395560e-01	3.299133e+00
5.312851322395560e-01	3.299136e+00
5.342148197395560e-01	3.299139e+00
5.371445072395560e-01	3.299142e+00
5.400741947395560e-01	3.299144e+00
5.430038822395560e-01	3.299147e+00
5.459335697395560e-01	3.299150e+00
5.488632572395560e-01	3.299152e+00
5.517929447395560e-01	3.299155e+00
5.547226322395560e-01	3.299157e+00
5.576523197395560e-01	3.299160e+00
5.605820072395560e-01	3.299163e+00
5.609482181770560e-01	3.299163e+00
5.616806400520560e-01	3.299164e+00
5.618637455208060e-01	3.299164e+00
5.622299564583060e-01	3.299143e+00
5.623215091926810e-01	3.299130e+00
5.625046146614310e-01	3.299100e+00
5.625503910286185e-01	3.299090e+00
5.626419437629935e-01	3.299069e+00
5.626648319465872e-01	3.299064e+00
5.626705539924857e-01	3.298396e+00
5.626707328064200e-01	3.298343e+00
5.626710904342886e-01	3.298235e+00
5.626711798412558e-01	3.298207e+00
5.626713586551901e-01	3.298152e+00
5.626714033586737e-01	3.298138e+00
5.626714927656409e-01	3.298110e+00
5.626715151173827e-01	3.298103e+00
5.626715598208663e-01	3.298089e+00
5.626716492278334e-01	3.295851e+00
5.626716715795752e-01	3.291489e+00
5.626717162830588e-01	3.280529e+00
5.626718056900260e-01	3.230887e+00
5.626718280417677e-01	3.206490e+00
5.626718727452513e-01	3.141389e+00
5.626719621522185e-01	2.813760e+00
5.626719644384037e-01	2.800841e+00
5.626719690107741e-01	2.774330e+00
5.626719781555150e-01	2.717001e+00
5.626719964449967e-01	2.582639e+00
5.626720010173670e-01	2.543602e+00
5.626720011602536e-01	2.542380e+00
5.626720014460268e-01	2.539932e+00
5.626720015174700e-01	2.539319e+00
5.626720016603566e-01	2.538091e+00
5.626720016960782e-01	2.537784e+00
5.626720017050086e-01	2.537707e+00
5.626720017228695e-01	2.537553e+00
5.626720017273347e-01	2.537515e+00
5.626720017284510e-01	2.537505e+00
5.626720017306835e-01	2.537486e+00
5.626720017351488e-01	2.537447e+00
5.626720017440792e-01	2.537370e+00
5.626720017619400e-01	2.537217e+00
5.626720017976616e-01	2.536909e+00
5.626720018691049e-01	2.536294e+00
5.626720020119915e-01	2.535061e+00
5.626720022977647e-01	2.532595e+00
5.626720028693110e-01	2.527689e+00
5.626720040124036e-01	2.518045e+00
5.626720062985888e-01	2.499484e+00
5.626720108709592e-01	2.464643e+00
5.626720200157000e-01	2.399277e+00
5.626720383051816e-01	2.272774e+00
5.626720748841449e-01	2.020720e+00
5.626721480420716e-01	1.516187e+00
5.626722943579247e-01	5.069039e-01
5.626723309368880e-01	2.544763e-01
5.626723400816287e-01	1.913712e-01
5.626723583711104e-01	6.516105e-02
5.626723629434808e-01	3.360826e-02
5.626723640865734e-01	2.572004e-02
5.626723663727586e-01	9.943563e-03
5.626723669443049e-01	5.999429e-03
5.626723670871915e-01	5.147996e-03
5.626723673729647e-01	4.767941e-03
5.626723678615424e-01	4.984642e-03
5.626723683761125e-01	4.818925e-03
5.626723693682867e-01	4.925809e-03
5.626723708854633e-01	4.798712e-03
5.626723734574768e-01	4.857022e-03
5.626723782704244e-01	4.695823e-03
5.626723876649755e-01	4.647582e-03
5.626724064540777e-01	4.287092e-03
5.626724440322820e-01	3.829749e-03
5.626725191886908e-01	3.803574e-03
5.626726695015083e-01	3.843233e-03
5.626729701271433e-01	3.717961e-03
5.626735713784135e-01	3.775852e-03
5.626741881807211e-01	3.685345e-03
5.626752765185083e-01	3.752693e-03
5.626771978525874e-01	3.643165e-03
5.626776781861071e-01	3.677749e-03
5.626786388531467e-01	3.664300e-03
5.626788790199065e-01	3.660934e-03
5.626793593534263e-01	3.654540e-03
5.626803200204659e-01	3.653045e-03
5.626817912558496e-01	3.654103e-03
5.626831773900951e-01	3.653283e-03
5.626852225577739e-01	3.653926e-03
5.626885978811841e-01	3.653358e-03
5.626944219991591e-01	3.653855e-03
5.627060702351089e-01	3.653335e-03
5.627293667070087e-01	3.653751e-03
5.627759596508083e-01	3.653156e-03
5.628691455384074e-01	3.653378e-03
5.630555173136057e-01	3.652416e-03
5.634282608640022e-01	3.651896e-03
5.641737479647952e-01	3.649459e-03
5.656647221663812e-01	3.645994e-03
5.685944096663812e-01	3.637845e-03
5.715240971663812e-01	3.630684e-03
5.744537846663812e-01	3.622646e-03
5.773834721663812e-01	3.615595e-03
5.803131596663812e-01	3.607665e-03
5.832428471663812e-01	3.600721e-03
5.861725346663812e-01	3.592899e-03
5.891022221663812e-01	3.586062e-03
5.920319096663812e-01	3.578346e-03
5.949615971663812e-01	3.571613e-03
5.978912846663812e-01	3.564001e-03
6.008209721663812e-01	3.557371e-03
6.037506596663812e-01	3.549862e-03
6.066803471663812e-01	3.543334e-03
6.096100346663812e-01	3.535926e-03
6.125397221663812e-01	3.529499e-03
6.154694096663812e-01	3.522190e-03
6.183990971663812e-01	3.515862e-03
6.213287846663812e-01	3.508652e-03
6.242584721663812e-01	3.502421e-03
6.271881596663812e-01	3.495308e-03
6.301178471663812e-01	3.489173e-03
6.330475346663812e-01	3.482156e-03
6.359772221663812e-01	3.476115e-03
6.389069096663812e-01	3.469192e-03
6.418365971663812e-01	3.463245e-03
6.447662846663812e-01	3.456414e-03
6.476959721663812e-01	3.450559e-03
6.506256596663812e-01	3.443820e-03
6.535553471663812e-01	3.438056e-03
6.564850346663812e-01	3.431407e-03
6.594147221663812e-01	3.425732e-03
6.623444096663812e-01	3.419172e-03
6.652740971663812e-01	3.413585e-03
6.682037846663812e-01	3.407113e-03
6.711334721663812e-01	3.401613e-03
6.740631596663812e-01	3.395227e-03
6.769928471663812e-01	3.389812e-03
6.799225346663812e-01	3.383511e-03
6.828522221663812e-01	3.378181e-03
6.857819096663812e-01	3.371964e-03
6.887115971663812e-01	3.366717e-03
6.916412846663812e-01	3.360583e-03
6.945709721663812e-01	3.355417e-03
6.975006596663812e-01	3.349365e-03
7.004303471663812e-01	3.344280e-03
7.033600346663812e-01	3.338308e-03
7.062897221663812e-01	3.333303e-03
7.092194096663812e-01	3.327410e-03
7.121490971663812e-01	3.322483e-03
7.150787846663812e-01	3.316668e-03
7.180084721663812e-01	3.311818e-03
7.209381596663812e-01	3.306081e-03
7.238678471663812e-01	3.301307e-03
7.267975346663812e-01	3.295645e-03
7.297272221663812e-01	3.290947e-03
7.326569096663812e-01	3.285360e-03
7.355865971663812e-01	3.280735e-03
7.385162846663812e-01	3.275222e-03
7.414459721663812e-01	3.270670e-03
7.443756596663812e-01	3.265230e-03
7.473053471663812e-01	3.260750e-03
7.502350346663812e-01	3.255381e-03
7.531647221663812e-01	3.250972e-03
7.560944096663812e-01	3.245673e-03
7.590240971663812e-01	3.241334e-03
7.619537846663812e-01	3.236105e-03
7.648834721663812e-01	3.231835e-03
7.678131596663812e-01	3.226675e-03
7.707428471663812e-01	3.222472e-03
7.736725346663812e-01	3.217379e-03
7.766022221663812e-01	3.213244e-03
7.795319096663812e-01	3.208217e-03
7.824615971663812e-01	3.204148e-03
7.853912846663812e-01	3.199187e-03
7.883209721663812e-01	3.195183e-03
7.912506596663812e-01	3.190287e-03
7.941803471663812e-01	3.186346e-03
7.971100346663812e-01	3.181514e-03
8.000397221663812e-01	3.177637e-03
8.029694096663812e-01	3.172867e-03
8.058990971663812e-01	3.169052e-03
8.088287846663812e-01	3.164345e-03
8.117584721663812e-01	3.160591e-03
8.146881596663812e-01	3.155944e-03
8.176178471663812e-01	3.152251e-03
8.205475346663812e-01	3.147665e-03
8.234772221663812e-01	3.144031e-03
8.264069096663812e-01	3.139504e-03
8.293365971663812e-01	3.135929e-03
8.322662846663812e-01	3.131460e-03
8.351959721663812e-01	3.127943e-03
8.381256596663812e-01	3.123533e-03
8.410553471663812e-01	3.120072e-03
8.439850346663812e-01	3.115718e-03
8.469147221663812e-01	3.112314e-03
8.498444096663812e-01	3.108016e-03
8.527740971663812e-01	3.104667e-03
8.557037846663812e-01	3.100425e-03
8.586334721663812e-01	3.097130e-03
8.615631596663812e-01	3.092942e-03
8.644928471663812e-01	3.089702e-03
8.674225346663812e-01	3.085567e-03
8.703522221663812e-01	3.082380e-03
8.732819096663812e-01	3.078298e-03
8.762115971663812e-01	3.075163e-03
8.791412846663812e-01	3.071134e-03
8.820709721663812e-01	3.068050e-03
8.850006596663812e-01	3.064072e-03
8.879303471663812e-01	3.061039e-03
8.908600346663812e-01	3.057111e-03
8.937897221663812e-01	3.054128e-03
8.967194096663812e-01	3.050251e-03
8.996490971663812e-01	3.047317e-03
9.025787846663812e-01	3.043489e-03
9.055084721663812e-01	3.040604e-03
9.084381596663812e-01	3.036824e-03
9.113678471663812e-01	3.033987e-03
9.142975346663812e-01	3.030255e-03
9.172272221663812e-01	3.027465e-03
9.201569096663812e-01	3.023780e-03
9.230865971663812e-01	3.021037e-03
9.260162846663812e-01	3.017398e-03
9.289459721663812e-01	3.014700e-03
9.318756596663812e-01	3.011108e-03
9.348053471663812e-01	3.008456e-03
9.377350346663812e-01	3.004908e-03
9.406647221663812e-01	3.002300e-03
9.435944096663812e-01	2.998797e-03
9.465240971663812e-01	2.996233e-03
9.494537846663812e-01	2.992774e-03
9.523834721663812e-01	2.990253e-03
9.553131596663812e-01	2.986837e-03
9.582428471663812e-01	2.984359e-03
9.611725346663812e-01	2.980985e-03
9.641022221663812e-01	2.978550e-03
9.670319096663812e-01	2.975271e-03
9.699615971663812e-01	2.972947e-03
9.728912846663812e-01	2.969725e-03
9.758209721663812e-01	2.967440e-03
9.787506596663812e-01	2.964259e-03
9.816803471663812e-01	2.962013e-03
9.846100346663812e-01	2.958871e-03
9.875397221663812e-01	2.956664e-03
9.904694096663812e-01	2.953561e-03
9.933990971663812e-01	2.951392e-03
9.963287846663812e-01	2.948327e-03
9.966949956038812e-01	2.948232e-03
9.974274174788812e-01	2.947583e-03
9.988922612288812e-01	2.946290e-03
1.001821948728881e+00	2.943718e-03
1.004751636228881e+00	2.941164e-03
1.007681323728881e+00	2.938628e-03
1.008047534666381e+00	2.961241e-03
1.008139087400756e+00	2.969485e-03
1.008322192869506e+00	2.991154e-03
1.008367969236694e+00	2.998515e-03
1.008459521971069e+00	3.014531e-03
1.008482410154662e+00	3.019021e-03
1.008528186521850e+00	3.028326e-03
1.008539630613647e+00	3.030773e-03
1.008542491636596e+00	3.031387e-03
1.008548213682494e+00	3.032621e-03
1.008549644193969e+00	3.032932e-03
1.008552505216918e+00	3.033554e-03
1.008558227262817e+00	3.531981e-03
1.008559657774291e+00	3.937646e-03
1.008559702477775e+00	3.950364e-03
1.008559791884742e+00	3.975884e-03
1.008559970698676e+00	4.027429e-03
1.008559987220965e+00	4.032229e-03
1.008560020265543e+00	8.012878e-03
1.008560086354699e+00	2.292772e-02
1.008560170405013e+00	6.701188e-02
1.008560191417591e+00	8.809365e-02
1.008560233442748e+00	1.430832e-01
1.008560317493061e+00	4.009350e-01
1.008560334484839e+00	4.958431e-01
1.008560338732783e+00	5.207579e-01
1.008560347228672e+00	5.730844e-01
1.008560364220449e+00	6.942928e-01
1.008560364751443e+00	6.984668e-01
1.008560364884191e+00	6.995118e-01
1.008560365149687e+00	7.016050e-01
1.008560365216062e+00	7.021294e-01
1.008560365348810e+00	7.031791e-01
1.008560365614306e+00	7.052827e-01
1.008560366145299e+00	7.094899e-01
1.008560367207285e+00	7.177978e-01
1.008560369331257e+00	7.338339e-01
1.008560373579202e+00	7.639579e-01
1.008560382075091e+00	8.202103e-01
1.008560399066868e+00	9.284754e-01
1.008560433050423e+00	1.143727e+00
1.008560441546312e+00	1.197606e+00
1.008560458538090e+00	1.305337e+00
1.008560492521645e+00	1.520780e+00
1.008560560488755e+00	1.951766e+00
1.008560696422976e+00	2.813993e+00
1.008560730406531e+00	3.029602e+00
1.008560738902420e+00	3.083505e+00
1.008560755894197e+00	3.191312e+00
1.008560760142141e+00	3.218264e+00
1.008560768638030e+00	3.272169e+00
1.008560770762002e+00	3.285645e+00
1.008560771292995e+00	3.289015e+00
1.008560772354982e+00	3.295753e+00
1.008560772620478e+00	3.297004e+00
1.008560773151471e+00	3.297344e+00
1.008560774213457e+00	3.297100e+00
1.008560776337429e+00	3.297357e+00
1.008560780585374e+00	3.297199e+00
1.008560789081263e+00	3.297522e+00
1.008560806073040e+00	3.297544e+00
1.008560840056595e+00	3.298201e+00
1.008560908023705e+00	3.298899e+00
1.008561043957926e+00	3.298384e+00
1.008561315826367e+00	3.298232e+00
1.008561859563249e+00	3.298453e+00
1.008562873813633e+00	3.298271e+00
1.008564336293822e+00	3.298485e+00
1.008567261254200e+00	3.298328e+00
1.008567992494295e+00	3.298434e+00
1.008569454974485e+00	3.298445e+00
1.008572379934863e+00	3.298445e+00
1.008575069695431e+00	3.298445e+00
1.008580449216567e+00	3.298445e+00
1.008591208258838e+00	3.298445e+00
1.008612726343380e+00	3.298445e+00
1.008655762512463e+00	3.298445e+00
1.008741834850631e+00	3.298445e+00
1.008913979526967e+00	3.298446e+00
1.009258268879638e+00	3.298447e+00
1.009946847584980e+00	3.298448e+00
1.011324004995664e+00	3.298452e+00
1.014078319817033e+00	3.298459e+00
1.017008007317033e+00	3.298467e+00
1.019937694817033e+00	3.298475e+00
1.022867382317033e+00	3.298482e+00
1.025797069817033e+00	3.298490e+00
1.028726757317033e+00	3.298497e+00
1.031656444817033e+00	3.298505e+00
1.034586132317033e+00	3.298512e+00
1.037515819817033e+00	3.298519e+00
1.040445507317033e+00	3.298527e+00
1.043375194817033e+00	3.298534e+00
1.046304882317033e+00	3.298541e+00
1.049234569817033e+00	3.298548e+00
1.052164257317033e+00	3.298555e+00
1.055093944817033e+00	3.298562e+00
1.058023632317033e+00	3.298569e+00
1.060953319817033e+00	3.298576e+00
1.063883007317033e+00	3.298583e+00
1.066812694817033e+00	3.298589e+00
1.069742382317033e+00	3.298596e+00
1.072672069817033e+00	3.298603e+00
1.075601757317033e+00	3.298609e+00
1.078531444817033e+00	3.298616e+00
1.081461132317033e+00	3.298623e+00
1.084390819817033e+00	3.298629e+00
1.087320507317033e+00	3.298635e+00
1.090250194817033e+00	3.298642e+00
1.093179882317033e+00	3.298648e+00
1.096109569817033e+00	3.298655e+00
1.099039257317033e+00	3.298661e+00
1.101968944817033e+00	3.298667e+00
1.104898632317033e+00	3.298673e+00
1.107828319817033e+00	3.298679e+00
1.110758007317033e+00	3.298686e+00
1.113687694817033e+00	3.298692e+00
1.116617382317033e+00	3.298697e+00
1.119547069817033e+00	3.298703e+00
1.122476757317033e+00	3.298709e+00
1.125406444817033e+00	3.298715e+00
1.128336132317033e+00	3.298721e+00
1.131265819817033e+00	3.298727e+00
1.134195507317033e+00	3.298733e+00
1.137125194817033e+00	3.298738e+00
1.140054882317033e+00	3.298744e+00
1.142984569817033e+00	3.298749e+00
1.145914257317033e+00	3.298755e+00
1.148843944817033e+00	3.298761e+00
1.151773632317033e+00	3.298766e+00
1.154703319817033e+00	3.298772e+00
1.157633007317033e+00	3.298777e+00
1.160562694817033e+00	3.298782e+00
1.163492382317033e+00	3.298788e+00
1.166422069817033e+00	3.298793e+00
1.169351757317033e+00	3.298799e+00
1.172281444817033e+00	3.298804e+00
1.175211132317033e+00	3.298809e+00
1.178140819817033e+00	3.298814e+00
1.181070507317033e+00	3.298819e+00
1.184000194817033e+00	3.298824e+00
1.186929882317033e+00	3.298829e+00
1.189859569817033e+00	3.298834e+00
1.192789257317033e+00	3.298839e+00
1.195718944817033e+00	3.298844e+00
1.198648632317033e+00	3.298849e+00
1.201578319817033e+00	3.298854e+00
1.204508007317033e+00	3.298859e+00
1.207437694817033e+00	3.298863e+00
1.210367382317033e+00	3.298868e+00
1.213297069817033e+00	3.298873e+00
1.216226757317033e+00	3.298878e+00
1.219156444817033e+00	3.298882e+00
1.222086132317033e+00	3.298887e+00
1.225015819817033e+00	3.298892e+00
1.227945507317033e+00	3.298896e+00
1.230875194817033e+00	3.298901e+00
1.233804882317033e+00	3.298905e+00
1.236734569817033e+00	3.298910e+00
1.239664257317033e+00	3.298914e+00
1.242593944817033e+00	3.298918e+00
1.245523632317033e+00	3.298923e+00
1.248453319817033e+00	3.298927e+00
1.251383007317033e+00	3.298932e+00
1.254312694817033e+00	3.298936e+00
1.257242382317033e+00	3.298940e+00
1.260172069817033e+00	3.298944e+00
1.263101757317033e+00	3.298949e+00
1.266031444817033e+00	3.298952e+00
1.268961132317033e+00	3.298957e+00
1.271890819817033e+00	3.298961e+00
1.274820507317033e+00	3.298965e+00
1.277750194817033e+00	3.298969e+00
1.280679882317033e+00	3.298973e+00
1.283609569817033e+00	3.298977e+00
1.286539257317033e+00	3.298981e+00
1.289468944817033e+00	3.298985e+00
1.292398632317033e+00	3.298989e+00
1.295328319817033e+00	3.298992e+00
1.298258007317033e+00	3.298996e+00
1.301187694817033e+00	3.299000e+00
1.304117382317033e+00	3.299004e+00
1.307047069817033e+00	3.299007e+00
1.309976757317033e+00	3.299011e+00
1.312906444817033e+00	3.299015e+00
1.315836132317033e+00	3.299019e+00
1.318765819817033e+00	3.299022e+00
1.321695507317033e+00	3.299026e+00
1.324625194817033e+00	3.299029e+00
1.327554882317033e+00	3.299033e+00
1.330484569817033e+00	3.299037e+00
1.333414257317033e+00	3.299040e+00
1.336343944817033e+00	3.299044e+00
1.339273632317033e+00	3.299047e+00
1.342203319817033e+00	3.299050e+00
1.345133007317033e+00	3.299054e+00
1.348062694817033e+00	3.299057e+00
1.350992382317033e+00	3.299061e+00
1.353922069817033e+00	3.299064e+00
1.356851757317033e+00	3.299067e+00
1.359781444817033e+00	3.299071e+00
1.362711132317033e+00	3.299074e+00
1.365640819817033e+00	3.299077e+00
1.368570507317033e+00	3.299080e+00
1.371500194817033e+00	3.299083e+00
1.374429882317033e+00	3.299087e+00
1.377359569817033e+00	3.299090e+00
1.380289257317033e+00	3.299093e+00
1.383218944817033e+00	3.299096e+00
1.386148632317033e+00	3.299099e+00
1.389078319817033e+00	3.299102e+00
1.392008007317033e+00	3.299105e+00
1.394937694817033e+00	3.299108e+00
1.397867382317033e+00	3.299111e+00
1.400797069817033e+00	3.299114e+00
1.403726757317033e+00	3.299117e+00
1.406656444817033e+00	3.299120e+00
1.409586132317033e+00	3.299123e+00
1.412515819817033e+00	3.299126e+00
1.415445507317033e+00	3.299129e+00
1.418375194817033e+00	3.299132e+00
1.421304882317033e+00	3.299134e+00
1.424234569817033e+00	3.299137e+00
1.427164257317033e+00	3.299140e+00
1.430093944817033e+00	3.299142e+00
1.433023632317033e+00	3.299145e+00
1.435953319817033e+00	3.299148e+00
1.438883007317033e+00	3.299150e+00
1.441812694817033e+00	3.299153e+00
1.444742382317033e+00	3.299156e+00
1.447672069817033e+00	3.299158e+00
1.450601757317033e+00	3.299161e+00
1.450967968254533e+00	3.299161e+00
1.451700390129533e+00	3.299162e+00
1.453165233879533e+00	3.299163e+00
1.453531444817033e+00	3.299163e+00
1.454263866692033e+00	3.299105e+00
1.454360224805220e+00	3.299086e+00
1.454384314333517e+00	3.299081e+00
1.454432493390111e+00	3.299072e+00
1.454444538154259e+00	3.299069e+00
1.454468627682556e+00	3.299063e+00
1.454469380480315e+00	3.299063e+00
1.454470886075834e+00	3.299063e+00
1.454473897266871e+00	3.298523e+00
1.454474650064630e+00	3.298313e+00
1.454474838264070e+00	3.298260e+00
1.454475214662950e+00	3.298152e+00
1.454475308762670e+00	3.298125e+00
1.454475496962109e+00	3.298069e+00
1.454475544011969e+00	3.291886e+00
1.454475638111689e+00	3.259049e+00
1.454475661636619e+00	3.242898e+00
1.454475708686479e+00	3.199309e+00
1.454475802786199e+00	2.965950e+00
1.454475822083353e+00	2.872512e+00
1.454475826907642e+00	2.847814e+00
1.454475836556219e+00	2.795586e+00
1.454475855853373e+00	2.672078e+00
1.454475860677662e+00	2.635895e+00
1.454475870326239e+00	2.559393e+00
1.454475872738383e+00	2.538673e+00
1.454475872813763e+00	2.538025e+00
1.454475872832607e+00	2.537863e+00
1.454475872870297e+00	2.537539e+00
1.454475872879720e+00	2.537458e+00
1.454475872898565e+00	2.537296e+00
1.454475872903276e+00	2.537255e+00
1.454475872904454e+00	2.537245e+00
1.454475872906809e+00	2.537225e+00
1.454475872911520e+00	2.537184e+00
1.454475872920943e+00	2.537103e+00
1.454475872939788e+00	2.536941e+00
1.454475872977478e+00	2.536617e+00
1.454475873052857e+00	2.535967e+00
1.454475873203616e+00	2.534667e+00
1.454475873505134e+00	2.532065e+00
1.454475874108170e+00	2.526893e+00
1.454475875314242e+00	2.516738e+00
1.454475877726387e+00	2.497236e+00
1.454475882550675e+00	2.460672e+00
1.454475892199252e+00	2.391974e+00
1.454475911496407e+00	2.258636e+00
1.454475950090715e+00	1.992664e+00
1.454476027279332e+00	1.460333e+00
1.454476181656566e+00	3.953966e-01
1.454476220250874e+00	1.290554e-01
1.454476229899451e+00	6.247146e-02
1.454476232311596e+00	4.582552e-02
1.454476237135884e+00	1.253367e-02
1.454476238341956e+00	5.152470e-03
1.454476240754101e+00	4.633457e-03
1.454476243146962e+00	5.048999e-03
1.454476245457493e+00	4.596515e-03
1.454476250078556e+00	4.925036e-03
1.454476259320681e+00	4.405455e-03
1.454476277804931e+00	4.516438e-03
1.454476314773431e+00	3.604111e-03
1.454476388710432e+00	4.023667e-03
1.454476536584433e+00	3.624825e-03
1.454476832332435e+00	3.937845e-03
1.454477423828439e+00	3.557058e-03
1.454478039268862e+00	3.904596e-03
1.454479109720141e+00	3.534162e-03
1.454480991218205e+00	3.863177e-03
1.454481461592721e+00	3.678936e-03
1.454482402341753e+00	3.665728e-03
1.454482637529011e+00	3.662450e-03
1.454483107903527e+00	3.655865e-03
1.454483225497156e+00	3.654451e-03
1.454483460684413e+00	3.653489e-03
1.454483760633801e+00	3.653615e-03
1.454484047303588e+00	3.653569e-03
1.454484489949973e+00	3.653595e-03
1.454485375242745e+00	3.653568e-03
1.454487145828288e+00	3.653587e-03
1.454490686999374e+00	3.653555e-03
1.454497769341546e+00	3.653559e-03
1.454511934025890e+00	3.653499e-03
1.454540263394579e+00	3.653446e-03
1.454596922131955e+00	3.653273e-03
1.454710239606708e+00	3.652996e-03
1.454936874556214e+00	3.652373e-03
1.455390144455227e+00	3.651196e-03
1.456296684253252e+00	3.648778e-03
1.458109763849301e+00	3.644026e-03
1.461039451349301e+00	3.636333e-03
1.463969138849301e+00	3.628741e-03
1.466898826349301e+00	3.621159e-03
1.469828513849301e+00	3.613677e-03
1.472758201349301e+00	3.606203e-03
1.475687888849301e+00	3.598828e-03
1.478617576349301e+00	3.591461e-03
1.481547263849301e+00	3.584192e-03
1.484476951349301e+00	3.576931e-03
1.487406638849301e+00	3.569767e-03
1.490336326349301e+00	3.562610e-03
1.493266013849301e+00	3.555549e-03
1.496195701349301e+00	3.548494e-03
1.499125388849301e+00	3.541535e-03
1.502055076349301e+00	3.534581e-03
1.504984763849301e+00	3.527722e-03
1.507914451349301e+00	3.520868e-03
1.510844138849301e+00	3.514108e-03
1.513773826349301e+00	3.507351e-03
1.516703513849301e+00	3.500689e-03
1.519633201349301e+00	3.494029e-03
1.522562888849301e+00	3.487462e-03
1.525492576349301e+00	3.480898e-03
1.528422263849301e+00	3.474426e-03
1.531351951349301e+00	3.467956e-03
1.534281638849301e+00	3.461577e-03
1.537211326349301e+00	3.455199e-03
1.540141013849301e+00	3.448912e-03
1.543070701349301e+00	3.442626e-03
1.546000388849301e+00	3.436429e-03
1.548930076349301e+00	3.430233e-03
1.551859763849301e+00	3.424126e-03
1.554789451349301e+00	3.418018e-03
1.557719138849301e+00	3.411999e-03
1.560648826349301e+00	3.405978e-03
1.563578513849301e+00	3.400046e-03
1.566508201349301e+00	3.394111e-03
1.569437888849301e+00	3.388265e-03
1.572367576349301e+00	3.382415e-03
1.575297263849301e+00	3.376653e-03
1.578226951349301e+00	3.370887e-03
1.581156638849301e+00	3.365207e-03
1.584086326349301e+00	3.359524e-03
1.587016013849301e+00	3.353926e-03
1.589945701349301e+00	3.348324e-03
1.592875388849301e+00	3.342808e-03
1.595805076349301e+00	3.337285e-03
1.598734763849301e+00	3.331848e-03
1.598735763849301e+00	3.331824e-03
1.598751763849301e+00	3.331816e-03
1.598783763849301e+00	3.331735e-03
1.598847763849301e+00	3.331638e-03
1.598975763849301e+00	3.331379e-03
1.599231763849301e+00	3.330925e-03
1.599743763849301e+00	3.329955e-03
1.600767763849301e+00	3.328082e-03
1.602815763849301e+00	3.324286e-03
1.605745451349301e+00	3.318942e-03
1.608675138849301e+00	3.313592e-03
1.611604826349301e+00	3.308325e-03
1.614534513849301e+00	3.303052e-03
1.617464201349301e+00	3.297861e-03
1.620393888849301e+00	3.292663e-03
1.623323576349301e+00	3.287547e-03
1.623324576349301e+00	3.287524e-03
1.623340576349301e+00	3.287517e-03
1.623372576349301e+00	3.287440e-03
1.623436576349301e+00	3.287349e-03
1.623564576349301e+00	3.287104e-03
1.623820576349301e+00	3.286679e-03
1.624332576349301e+00	3.285764e-03
1.625356576349301e+00	3.284003e-03
1.627404576349301e+00	3.280429e-03
1.630334263849301e+00	3.275400e-03
1.633263951349301e+00	3.270365e-03
1.636193638849301e+00	3.265409e-03
1.639123326349301e+00	3.260446e-03
1.642053013849301e+00	3.255561e-03
1.644982701349301e+00	3.250669e-03
1.647912388849301e+00	3.245854e-03
1.647913388849301e+00	3.245832e-03
1.647929388849301e+00	3.245826e-03
1.647961388849301e+00	3.245753e-03
1.648025388849301e+00	3.245668e-03
1.648153388849301e+00	3.245437e-03
1.648409388849301e+00	3.245037e-03
1.648921388849301e+00	3.244176e-03
1.649945388849301e+00	3.242519e-03
1.651993388849301e+00	3.239155e-03
1.654923076349301e+00	3.234423e-03
1.657852763849301e+00	3.229684e-03
1.660782451349301e+00	3.225020e-03
1.663712138849301e+00	3.220349e-03
1.666641826349301e+00	3.215752e-03
1.669571513849301e+00	3.211147e-03
1.672501201349301e+00	3.206617e-03
1.672502201349301e+00	3.206595e-03
1.672518201349301e+00	3.206590e-03
1.672550201349301e+00	3.206521e-03
1.672614201349301e+00	3.206442e-03
1.672742201349301e+00	3.206224e-03
1.672998201349301e+00	3.205848e-03
1.673510201349301e+00	3.205037e-03
1.674534201349301e+00	3.203478e-03
1.676582201349301e+00	3.200312e-03
1.679511888849301e+00	3.195859e-03
1.682441576349301e+00	3.191398e-03
1.685371263849301e+00	3.187010e-03
1.688300951349301e+00	3.182613e-03
1.691230638849301e+00	3.178288e-03
1.694160326349301e+00	3.173953e-03
1.697090013849301e+00	3.169690e-03
1.697091013849301e+00	3.169669e-03
1.697107013849301e+00	3.169665e-03
1.697139013849301e+00	3.169599e-03
1.697203013849301e+00	3.169526e-03
1.697331013849301e+00	3.169320e-03
1.697587013849301e+00	3.168967e-03
1.698099013849301e+00	3.168203e-03
1.699123013849301e+00	3.166736e-03
1.701171013849301e+00	3.163756e-03
1.704100701349301e+00	3.159566e-03
1.707030388849301e+00	3.155367e-03
1.709960076349301e+00	3.151238e-03
1.712889763849301e+00	3.147099e-03
1.715819451349301e+00	3.143029e-03
1.718749138849301e+00	3.138949e-03
1.721678826349301e+00	3.134938e-03
1.721679826349301e+00	3.134917e-03
1.721695826349301e+00	3.134915e-03
1.721727826349301e+00	3.134852e-03
1.721791826349301e+00	3.134783e-03
1.721919826349301e+00	3.134589e-03
1.722175826349301e+00	3.134257e-03
1.722687826349301e+00	3.133537e-03
1.723711826349301e+00	3.132158e-03
1.725759826349301e+00	3.129353e-03
1.728689513849301e+00	3.125410e-03
1.731619201349301e+00	3.121458e-03
1.734548888849301e+00	3.117572e-03
1.737478576349301e+00	3.113677e-03
1.740408263849301e+00	3.109847e-03
1.743337951349301e+00	3.106007e-03
1.746267638849301e+00	3.102233e-03
1.746268638849301e+00	3.102212e-03
1.746284638849301e+00	3.102211e-03
1.746316638849301e+00	3.102151e-03
1.746380638849301e+00	3.102087e-03
1.746508638849301e+00	3.101903e-03
1.746764638849301e+00	3.101592e-03
1.747276638849301e+00	3.100913e-03
1.748300638849301e+00	3.099616e-03
1.750348638849301e+00	3.096975e-03
1.753278326349301e+00	3.093266e-03
1.756208013849301e+00	3.089545e-03
1.759137701349301e+00	3.085889e-03
1.762067388849301e+00	3.082222e-03
1.764997076349301e+00	3.078619e-03
1.767926763849301e+00	3.075004e-03
1.770856451349301e+00	3.071453e-03
1.770857451349301e+00	3.071433e-03
1.770873451349301e+00	3.071432e-03
1.770905451349301e+00	3.071375e-03
1.770969451349301e+00	3.071316e-03
1.771097451349301e+00	3.071142e-03
1.771353451349301e+00	3.070850e-03
1.771865451349301e+00	3.070211e-03
1.772889451349301e+00	3.068991e-03
1.774937451349301e+00	3.066504e-03
1.777867138849301e+00	3.063014e-03
1.780796826349301e+00	3.059512e-03
1.783726513849301e+00	3.056072e-03
1.786656201349301e+00	3.052620e-03
1.789585888849301e+00	3.049230e-03
1.792515576349301e+00	3.045827e-03
1.795445263849301e+00	3.042486e-03
1.795446263849301e+00	3.042466e-03
1.795462263849301e+00	3.042466e-03
1.795494263849301e+00	3.042412e-03
1.795558263849301e+00	3.042357e-03
1.795686263849301e+00	3.042192e-03
1.795942263849301e+00	3.041918e-03
1.796454263849301e+00	3.041316e-03
1.797478263849301e+00	3.040169e-03
1.799526263849301e+00	3.037828e-03
1.802455951349301e+00	3.034544e-03
1.805385638849301e+00	3.031247e-03
1.808315326349301e+00	3.028011e-03
1.811245013849301e+00	3.024761e-03
1.814174701349301e+00	3.021572e-03
1.817104388849301e+00	3.018369e-03
1.820034076349301e+00	3.015225e-03
1.820035076349301e+00	3.015206e-03
1.820051076349301e+00	3.015206e-03
1.820083076349301e+00	3.015154e-03
1.820147076349301e+00	3.015103e-03
1.820275076349301e+00	3.014948e-03
1.820531076349301e+00	3.014690e-03
1.821043076349301e+00	3.014123e-03
1.822067076349301e+00	3.013044e-03
1.824115076349301e+00	3.010840e-03
1.827044763849301e+00	3.007750e-03
1.829974451349301e+00	3.004647e-03
1.832904138849301e+00	3.001602e-03
1.835833826349301e+00	2.998543e-03
1.838763513849301e+00	2.995542e-03
1.841693201349301e+00	2.992527e-03
1.844622888849301e+00	2.989569e-03
1.844623888849301e+00	2.989550e-03
1.844639888849301e+00	2.989551e-03
1.844671888849301e+00	2.989502e-03
1.844735888849301e+00	2.989454e-03
1.844863888849301e+00	2.989307e-03
1.845119888849301e+00	2.989066e-03
1.845631888849301e+00	2.988531e-03
1.846655888849301e+00	2.987516e-03
1.848703888849301e+00	2.985442e-03
1.851633576349301e+00	2.982534e-03
1.854563263849301e+00	2.979613e-03
1.857492951349301e+00	2.976770e-03
1.860422638849301e+00	2.973960e-03
1.863352326349301e+00	2.971206e-03
1.866282013849301e+00	2.968436e-03
1.869211701349301e+00	2.965721e-03
1.869212701349301e+00	2.965703e-03
1.869228701349301e+00	2.965705e-03
1.869260701349301e+00	2.965659e-03
1.869324701349301e+00	2.965616e-03
1.869452701349301e+00	2.965480e-03
1.869708701349301e+00	2.965260e-03
1.870220701349301e+00	2.964768e-03
1.871244701349301e+00	2.963837e-03
1.873292701349301e+00	2.961931e-03
1.876222388849301e+00	2.959263e-03
1.879152076349301e+00	2.956580e-03
1.882081763849301e+00	2.953950e-03
1.885011451349301e+00	2.951306e-03
1.887941138849301e+00	2.948714e-03
1.890870826349301e+00	2.946107e-03
1.893800513849301e+00	2.943553e-03
1.893801513849301e+00	2.943536e-03
1.893817513849301e+00	2.943538e-03
1.893849513849301e+00	2.943494e-03
1.893913513849301e+00	2.943455e-03
1.894041513849301e+00	2.943326e-03
1.894297513849301e+00	2.943119e-03
1.894809513849301e+00	2.942655e-03
1.895833513849301e+00	2.941780e-03
1.897881513849301e+00	2.939986e-03
1.898247724786801e+00	2.939678e-03
1.898980146661801e+00	2.939045e-03
1.899163252130551e+00	2.938887e-03
1.899529463068051e+00	2.938571e-03
1.900261884943051e+00	3.009906e-03
1.900347569250607e+00	3.028940e-03
1.900368990327496e+00	3.033841e-03
1.900369659736148e+00	3.033994e-03
1.900370998553454e+00	3.034301e-03
1.900373676188065e+00	3.623828e-03
1.900374345596718e+00	3.813770e-03
1.900374512948881e+00	3.861895e-03
1.900374847653207e+00	3.959415e-03
1.900374931329289e+00	3.984271e-03
1.900375098681452e+00	6.719721e-03
1.900375113040006e+00	9.329516e-03
1.900375141757114e+00	1.540457e-02
1.900375199191330e+00	3.398205e-02
1.900375314059761e+00	1.646018e-01
1.900375334614412e+00	2.143751e-01
1.900375375723715e+00	3.438552e-01
1.900375386001040e+00	3.889224e-01
1.900375406555691e+00	4.908348e-01
1.900375411694354e+00	5.209994e-01
1.900375421971680e+00	5.850244e-01
1.900375424541011e+00	6.024575e-01
1.900375429679674e+00	6.383591e-01
1.900375430964340e+00	6.477284e-01
1.900375433533671e+00	6.667410e-01
1.900375434176004e+00	6.715976e-01
1.900375435460670e+00	6.813813e-01
1.900375438030001e+00	7.013779e-01
1.900375438110293e+00	7.020123e-01
1.900375438130366e+00	7.021710e-01
1.900375438170512e+00	7.024884e-01
1.900375438180548e+00	7.025677e-01
1.900375438200621e+00	7.027265e-01
1.900375438205639e+00	7.027662e-01
1.900375438215675e+00	7.028456e-01
1.900375438218185e+00	7.028654e-01
1.900375438223203e+00	7.029051e-01
1.900375438233239e+00	7.029845e-01
1.900375438253312e+00	7.031434e-01
1.900375438293458e+00	7.034612e-01
1.900375438373750e+00	7.040973e-01
1.900375438534333e+00	7.053707e-01
1.900375438855499e+00	7.079182e-01
1.900375439497832e+00	7.129801e-01
1.900375440782498e+00	7.229031e-01
1.900375443351829e+00	7.419137e-01
1.900375448490492e+00	7.775037e-01
1.900375458767818e+00	8.444942e-01
1.900375479322469e+00	9.749469e-01
1.900375520431771e+00	1.235446e+00
1.900375602650376e+00	1.756754e+00
1.900375767087585e+00	2.799694e+00
1.900375808196888e+00	3.060526e+00
1.900375818474213e+00	3.125733e+00
1.900375839028865e+00	3.256149e+00
1.900375844167527e+00	3.288753e+00
1.900375845452193e+00	3.296904e+00
1.900375845492339e+00	3.297046e+00
1.900375845572631e+00	3.297193e+00
1.900375845733214e+00	3.297202e+00
1.900375846054380e+00	3.297203e+00
1.900375846696713e+00	3.297214e+00
1.900375847981379e+00	3.297230e+00
1.900375850550710e+00	3.297265e+00
1.900375855689373e+00	3.297333e+00
1.900375865966698e+00	3.297472e+00
1.900375886521350e+00	3.297746e+00
1.900375927630652e+00	3.298295e+00
1.900376009849257e+00	3.298257e+00
1.900376174286466e+00	3.298299e+00
1.900376503160885e+00	3.298338e+00
1.900377160909723e+00	3.298359e+00
1.900378241916661e+00	3.298372e+00
1.900380024674850e+00	3.298395e+00
1.900383590191227e+00	3.298441e+00
1.900383972227792e+00	3.298444e+00
1.900384736300923e+00	3.298445e+00
1.900386264447184e+00	3.298445e+00
1.900387714551380e+00	3.298445e+00
1.900389670794030e+00	3.298445e+00
1.900393290018805e+00	3.298445e+00
1.900399442670945e+00	3.298445e+00
1.900411747975224e+00	3.298445e+00
1.900436358583783e+00	3.298445e+00
1.900485579800902e+00	3.298445e+00
1.900584022235138e+00	3.298445e+00
1.900780907103612e+00	3.298446e+00
1.901174676840558e+00	3.298447e+00
1.901962216314452e+00	3.298449e+00
1.903537295262238e+00	3.298453e+00
1.906466982762238e+00	3.298461e+00
1.909396670262238e+00	3.298468e+00
1.912326357762238e+00	3.298476e+00
1.915256045262238e+00	3.298484e+00
1.918185732762238e+00	3.298491e+00
1.921115420262238e+00	3.298498e+00
1.924045107762238e+00	3.298506e+00
1.926974795262238e+00	3.298513e+00
1.929904482762238e+00	3.298521e+00
1.932834170262238e+00	3.298528e+00
1.935763857762238e+00	3.298535e+00
1.938693545262238e+00	3.298542e+00
1.941623232762238e+00	3.298549e+00
1.944552920262238e+00	3.298556e+00
1.947482607762238e+00	3.298563e+00
1.950412295262238e+00	3.298570e+00
1.953341982762238e+00	3.298577e+00
1.956271670262238e+00	3.298584e+00
1.959201357762238e+00	3.298591e+00
1.962131045262238e+00	3.298597e+00
1.965060732762238e+00	3.298604e+00
1.967990420262238e+00	3.298610e+00
1.970920107762238e+00	3.298617e+00
1.973849795262238e+00	3.298624e+00
1.976779482762238e+00	3.298630e+00
1.979709170262238e+00	3.298637e+00
1.982638857762238e+00	3.298643e+00
1.985568545262238e+00	3.298649e+00
1.988498232762238e+00	3.298656e+00
1.991427920262238e+00	3.298662e+00
1.994357607762238e+00	3.298668e+00
1.997287295262238e+00	3.298674e+00
2.000216982762238e+00	3.298681e+00
2.003146670262238e+00	3.298687e+00
2.006076357762238e+00	3.298693e+00
2.009006045262238e+00	3.298698e+00
2.011935732762238e+00	3.298705e+00
2.014865420262238e+00	3.298710e+00
2.017795107762238e+00	3.298717e+00
2.020724795262238e+00	3.298722e+00
2.023654482762238e+00	3.298728e+00
2.026584170262238e+00	3.298733e+00
2.029513857762238e+00	3.298739e+00
2.032443545262238e+00	3.298745e+00
2.035373232762238e+00	3.298751e+00
2.038302920262238e+00	3.298756e+00
2.041232607762238e+00	3.298762e+00
2.044162295262238e+00	3.298767e+00
2.047091982762238e+00	3.298773e+00
2.050021670262238e+00	3.298778e+00
2.052951357762238e+00	3.298784e+00
2.055881045262238e+00	3.298789e+00
2.058810732762238e+00	3.298794e+00
2.061740420262238e+00	3.298799e+00
2.064670107762238e+00	3.298805e+00
2.067599795262238e+00	3.298810e+00
2.070529482762238e+00	3.298815e+00
2.073459170262238e+00	3.298820e+00
2.076388857762238e+00	3.298825e+00
2.079318545262238e+00	3.298830e+00
2.082248232762238e+00	3.298835e+00
2.085177920262238e+00	3.298840e+00
2.088107607762238e+00	3.298845e+00
2.091037295262238e+00	3.298850e+00
2.093966982762238e+00	3.298855e+00
2.096896670262238e+00	3.298860e+00
2.099826357762238e+00	3.298865e+00
2.102756045262238e+00	3.298869e+00
2.105685732762238e+00	3.298874e+00
2.108615420262238e+00	3.298878e+00
2.111545107762238e+00	3.298883e+00
2.114474795262238e+00	3.298888e+00
2.117404482762238e+00	3.298892e+00
2.120334170262238e+00	3.298897e+00
2.123263857762238e+00	3.298902e+00
2.126193545262238e+00	3.298906e+00
2.129123232762238e+00	3.298911e+00
2.132052920262238e+00	3.298915e+00
2.134982607762238e+00	3.298919e+00
2.137912295262238e+00	3.298923e+00
2.140841982762238e+00	3.298928e+00
2.143771670262238e+00	3.298932e+00
2.146701357762238e+00	3.298937e+00
2.149631045262238e+00	3.298941e+00
2.152560732762238e+00	3.298945e+00
2.155490420262238e+00	3.298949e+00
2.158420107762238e+00	3.298954e+00
2.161349795262238e+00	3.298957e+00
2.164279482762238e+00	3.298962e+00
2.167209170262238e+00	3.298965e+00
2.170138857762238e+00	3.298970e+00
2.173068545262238e+00	3.298974e+00
2.175998232762238e+00	3.298978e+00
2.178927920262238e+00	3.298981e+00
2.181857607762238e+00	3.298985e+00
2.184787295262238e+00	3.298989e+00
2.187716982762238e+00	3.298993e+00
2.190646670262238e+00	3.298997e+00
2.193576357762238e+00	3.299001e+00
2.196506045262238e+00	3.299004e+00
2.199435732762238e+00	3.299008e+00
2.202365420262238e+00	3.299012e+00
2.205295107762238e+00	3.299016e+00
2.208224795262238e+00	3.299019e+00
2.211154482762238e+00	3.299023e+00
2.214084170262238e+00	3.299026e+00
2.217013857762238e+00	3.299030e+00
2.219943545262238e+00	3.299034e+00
2.222873232762238e+00	3.299037e+00
2.225802920262238e+00	3.299041e+00
2.228732607762238e+00	3.299044e+00
2.231662295262238e+00	3.299048e+00
2.234591982762238e+00	3.299051e+00
2.237521670262238e+00	3.299054e+00
2.240451357762238e+00	3.299058e+00
2.243381045262238e+00	3.299061e+00
2.246310732762238e+00	3.299065e+00
2.249240420262238e+00	3.299068e+00
2.252170107762238e+00	3.299071e+00
2.255099795262238e+00	3.299074e+00
2.258029482762238e+00	3.299078e+00
2.260959170262238e+00	3.299081e+00
2.263888857762238e+00	3.299084e+00
2.266818545262238e+00	3.299087e+00
2.269748232762238e+00	3.299091e+00
2.272677920262238e+00	3.299093e+00
2.275607607762238e+00	3.299097e+00
2.278537295262238e+00	3.299100e+00
2.281466982762238e+00	3.299103e+00
2.284396670262238e+00	3.299106e+00
2.287326357762238e+00	3.299109e+00
2.290256045262238e+00	3.299112e+00
2.293185732762238e+00	3.299115e+00
2.296115420262238e+00	3.299118e+00
2.299045107762238e+00	3.299121e+00
2.301974795262238e+00	3.299124e+00
2.304904482762238e+00	3.299127e+00
2.307834170262238e+00	3.299129e+00
2.310763857762238e+00	3.299132e+00
2.313693545262238e+00	3.299135e+00
2.316623232762238e+00	3.299138e+00
2.319552920262238e+00	3.299140e+00
2.322482607762238e+00	3.299143e+00
2.325412295262238e+00	3.299146e+00
2.328341982762238e+00	3.299149e+00
2.331271670262238e+00	3.299151e+00
2.334201357762238e+00	3.299154e+00
2.337131045262238e+00	3.299156e+00
2.340060732762238e+00	3.299159e+00
2.340426943699738e+00	3.299159e+00
2.341159365574738e+00	3.299160e+00
2.342624209324738e+00	3.299161e+00
2.345553896824738e+00	3.299164e+00
2.345920107762238e+00	3.299124e+00
2.346011660496613e+00	3.299111e+00
2.346194765965363e+00	3.299081e+00
2.346240542332551e+00	3.299071e+00
2.346251986424348e+00	3.299069e+00
2.346274874607941e+00	3.299064e+00
2.346280596653840e+00	3.298915e+00
2.346282027165314e+00	3.298549e+00
2.346282384793183e+00	3.298455e+00
2.346283100048920e+00	3.298262e+00
2.346283278862855e+00	3.298212e+00
2.346283636490723e+00	3.298110e+00
2.346283725897691e+00	3.298085e+00
2.346283748249432e+00	3.298078e+00
2.346283792952916e+00	3.298065e+00
2.346283882359883e+00	3.280431e+00
2.346283904711625e+00	3.272223e+00
2.346283949415108e+00	3.250874e+00
2.346284038822076e+00	3.145135e+00
2.346284059353008e+00	3.097793e+00
2.346284100414871e+00	2.974665e+00
2.346284110680338e+00	2.931823e+00
2.346284131211269e+00	2.834952e+00
2.346284136344003e+00	2.806284e+00
2.346284137627185e+00	2.799012e+00
2.346284140193552e+00	2.784256e+00
2.346284145326285e+00	2.753428e+00
2.346284155591751e+00	2.686114e+00
2.346284158158118e+00	2.667788e+00
2.346284163290851e+00	2.630049e+00
2.346284173556317e+00	2.547656e+00
2.346284173877113e+00	2.544924e+00
2.346284174518704e+00	2.539438e+00
2.346284174679102e+00	2.538059e+00
2.346284174719202e+00	2.537715e+00
2.346284174729226e+00	2.537628e+00
2.346284174749276e+00	2.537456e+00
2.346284174754289e+00	2.537413e+00
2.346284174764314e+00	2.537327e+00
2.346284174784363e+00	2.537154e+00
2.346284174784990e+00	2.537149e+00
2.346284174786243e+00	2.537138e+00
2.346284174788749e+00	2.537117e+00
2.346284174793762e+00	2.537073e+00
2.346284174803786e+00	2.536987e+00
2.346284174823836e+00	2.536814e+00
2.346284174863936e+00	2.536469e+00
2.346284174944135e+00	2.535778e+00
2.346284175104532e+00	2.534395e+00
2.346284175425328e+00	2.531627e+00
2.346284176066920e+00	2.526130e+00
2.346284177350103e+00	2.515353e+00
2.346284179916470e+00	2.494707e+00
2.346284185049202e+00	2.456047e+00
2.346284195314669e+00	2.383267e+00
2.346284215845601e+00	2.241538e+00
2.346284256907464e+00	1.958523e+00
2.346284339031193e+00	1.392157e+00
2.346284503278648e+00	2.590747e-01
2.346284508411381e+00	2.236504e-01
2.346284518676848e+00	1.528050e-01
2.346284539207780e+00	1.112553e-02
2.346284539849371e+00	6.698026e-03
2.346284540009769e+00	5.591138e-03
2.346284540330565e+00	4.818732e-03
2.346284540893934e+00	4.952744e-03
2.346284541486095e+00	4.838751e-03
2.346284542429043e+00	4.907577e-03
2.346284544314938e+00	4.808229e-03
2.346284547479454e+00	4.828811e-03
2.346284553808488e+00	4.672463e-03
2.346284566466554e+00	4.550969e-03
2.346284591782688e+00	4.121265e-03
2.346284642414955e+00	3.451565e-03
2.346284743679488e+00	3.797929e-03
2.346284946208555e+00	3.812376e-03
2.346285351266689e+00	3.716121e-03
2.346285945114439e+00	3.762060e-03
2.346286699461545e+00	3.691952e-03
2.346287984584712e+00	3.733694e-03
2.346290554831045e+00	3.637937e-03
2.346291197392629e+00	3.658823e-03
2.346291358033025e+00	3.656575e-03
2.346291679313817e+00	3.653870e-03
2.346292152284007e+00	3.653443e-03
2.346292602100190e+00	3.653616e-03
2.346293501732557e+00	3.653533e-03
2.346294318924246e+00	3.653581e-03
2.346295953307625e+00	3.653544e-03
2.346299222074383e+00	3.653563e-03
2.346305759607898e+00	3.653520e-03
2.346318834674928e+00	3.653509e-03
2.346344984808988e+00	3.653417e-03
2.346397285077109e+00	3.653301e-03
2.346501885613350e+00	3.653001e-03
2.346711086685831e+00	3.652470e-03
2.347129488830795e+00	3.651340e-03
2.347966293120723e+00	3.649151e-03
2.349639901700578e+00	3.644719e-03
2.352569589200578e+00	3.637066e-03
2.355499276700578e+00	3.629424e-03
2.358428964200578e+00	3.621882e-03
2.361358651700578e+00	3.614349e-03
2.364288339200578e+00	3.606915e-03
2.367218026700578e+00	3.599490e-03
2.370147714200578e+00	3.592164e-03
2.373077401700578e+00	3.584845e-03
2.376007089200578e+00	3.577624e-03
2.378936776700578e+00	3.570410e-03
2.381866464200578e+00	3.563293e-03
2.384796151700578e+00	3.556182e-03
2.387725839200578e+00	3.549168e-03
2.390655526700578e+00	3.542159e-03
2.393585214200578e+00	3.535245e-03
2.396514901700578e+00	3.528337e-03
2.399444589200578e+00	3.521523e-03
2.402374276700578e+00	3.514713e-03
2.405303964200578e+00	3.507997e-03
2.408233651700578e+00	3.501285e-03
2.411163339200578e+00	3.494666e-03
2.414093026700578e+00	3.488050e-03
2.417022714200578e+00	3.481526e-03
2.419952401700578e+00	3.475005e-03
2.422882089200578e+00	3.468575e-03
2.425811776700578e+00	3.462147e-03
2.428741464200578e+00	3.455810e-03
2.431671151700578e+00	3.449474e-03
2.434600839200578e+00	3.443228e-03
2.437530526700578e+00	3.436982e-03
2.440460214200578e+00	3.430827e-03
2.443389901700578e+00	3.424671e-03
2.446319589200578e+00	3.418604e-03
2.449249276700578e+00	3.412535e-03
2.452178964200578e+00	3.406556e-03
2.455108651700578e+00	3.400575e-03
2.458038339200578e+00	3.394681e-03
2.460968026700578e+00	3.388786e-03
2.463897714200578e+00	3.382977e-03
2.466827401700578e+00	3.377166e-03
2.469757089200578e+00	3.371441e-03
2.472686776700578e+00	3.365713e-03
2.475616464200578e+00	3.360071e-03
2.478546151700578e+00	3.354424e-03
2.481475839200578e+00	3.348863e-03
2.484405526700578e+00	3.343298e-03
2.487335214200578e+00	3.337817e-03
2.490264901700578e+00	3.332331e-03
2.493194589200578e+00	3.326929e-03
2.496124276700578e+00	3.321522e-03
2.499053964200578e+00	3.316198e-03
2.501983651700578e+00	3.310868e-03
2.504913339200578e+00	3.305621e-03
2.507843026700578e+00	3.300367e-03
2.510772714200578e+00	3.295196e-03
2.513702401700578e+00	3.290016e-03
2.516632089200578e+00	3.284920e-03
2.519561776700578e+00	3.279815e-03
2.522491464200578e+00	3.274792e-03
2.525421151700578e+00	3.269760e-03
2.528350839200578e+00	3.264809e-03
2.531280526700578e+00	3.259849e-03
2.534210214200578e+00	3.254970e-03
2.537139901700578e+00	3.250080e-03
2.540069589200578e+00	3.245272e-03
2.542999276700578e+00	3.240452e-03
2.545928964200578e+00	3.235713e-03
2.548858651700578e+00	3.230962e-03
2.551788339200578e+00	3.226291e-03
2.554718026700578e+00	3.221609e-03
2.557647714200578e+00	3.217005e-03
2.560577401700578e+00	3.212389e-03
2.563507089200578e+00	3.207852e-03
2.566436776700578e+00	3.203302e-03
2.569366464200578e+00	3.198830e-03
2.572296151700578e+00	3.194346e-03
2.575225839200578e+00	3.189938e-03
2.578155526700578e+00	3.185518e-03
2.581085214200578e+00	3.181174e-03
2.584014901700578e+00	3.176817e-03
2.586944589200578e+00	3.172535e-03
2.589874276700578e+00	3.168240e-03
2.592803964200578e+00	3.164021e-03
2.595733651700578e+00	3.159787e-03
2.598663339200578e+00	3.155629e-03
2.601593026700578e+00	3.151456e-03
2.604522714200578e+00	3.147357e-03
2.607452401700578e+00	3.143243e-03
2.610382089200578e+00	3.139204e-03
2.613311776700578e+00	3.135149e-03
2.616241464200578e+00	3.131168e-03
2.619171151700578e+00	3.127171e-03
2.622100839200578e+00	3.123248e-03
2.625030526700578e+00	3.119308e-03
2.627960214200578e+00	3.115441e-03
2.630889901700578e+00	3.111558e-03
2.633819589200578e+00	3.107747e-03
2.636749276700578e+00	3.103918e-03
2.639678964200578e+00	3.100162e-03
2.642608651700578e+00	3.096389e-03
2.645538339200578e+00	3.092687e-03
2.648468026700578e+00	3.088967e-03
2.651397714200578e+00	3.085319e-03
2.654327401700578e+00	3.081653e-03
2.657257089200578e+00	3.078057e-03
2.660186776700578e+00	3.074443e-03
2.663116464200578e+00	3.070899e-03
2.666046151700578e+00	3.067337e-03
2.668975839200578e+00	3.063844e-03
2.671905526700578e+00	3.060332e-03
2.674835214200578e+00	3.056891e-03
2.677764901700578e+00	3.053429e-03
2.680694589200578e+00	3.050036e-03
2.683624276700578e+00	3.046624e-03
2.686553964200578e+00	3.043281e-03
2.689483651700578e+00	3.039917e-03
2.692413339200578e+00	3.036622e-03
2.695343026700578e+00	3.033307e-03
2.698272714200578e+00	3.030060e-03
2.701202401700578e+00	3.026791e-03
2.704132089200578e+00	3.023591e-03
2.707061776700578e+00	3.020369e-03
2.709991464200578e+00	3.017215e-03
2.712921151700578e+00	3.014039e-03
2.715850839200578e+00	3.010931e-03
2.718780526700578e+00	3.007800e-03
2.721710214200578e+00	3.004737e-03
2.724639901700578e+00	3.001651e-03
2.727569589200578e+00	2.998632e-03
2.730499276700578e+00	2.995590e-03
2.733428964200578e+00	2.992614e-03
2.736358651700578e+00	2.989616e-03
2.739288339200578e+00	2.986684e-03
2.742218026700578e+00	2.983728e-03
2.745147714200578e+00	2.980838e-03
2.748077401700578e+00	2.977924e-03
2.751007089200578e+00	2.975138e-03
2.753936776700578e+00	2.972336e-03
2.756866464200578e+00	2.969597e-03
2.759796151700578e+00	2.966835e-03
2.762725839200578e+00	2.964136e-03
2.765655526700578e+00	2.961413e-03
2.768585214200578e+00	2.958754e-03
2.771514901700578e+00	2.956069e-03
2.774444589200578e+00	2.953449e-03
2.777374276700578e+00	2.950802e-03
2.780303964200578e+00	2.948220e-03
2.783233651700578e+00	2.945611e-03
2.786163339200578e+00	2.943066e-03
2.789093026700578e+00	2.940495e-03
2.789459237638078e+00	2.940189e-03
2.790191659513078e+00	2.939555e-03
2.791656503263078e+00	2.990036e-03
2.791819698086500e+00	3.009664e-03
2.791860496792355e+00	3.015086e-03
2.791942094204066e+00	3.026959e-03
2.791962493556994e+00	3.030312e-03
2.791967593395226e+00	3.031159e-03
2.791977793071690e+00	3.032868e-03
2.791980342990806e+00	3.033302e-03
2.791985442829038e+00	3.034172e-03
2.791986717788596e+00	3.034391e-03
2.791989267707712e+00	3.349965e-03
2.791989905187491e+00	3.479406e-03
2.791991180147049e+00	3.751473e-03
2.791991498886938e+00	3.824540e-03
2.791992136366718e+00	3.974274e-03
2.791992295736662e+00	4.013074e-03
2.791992335579148e+00	4.022803e-03
2.791992415264121e+00	9.577191e-03
2.791992562873866e+00	1.247435e-01
2.791992586939663e+00	1.710369e-01
2.791992635071257e+00	2.979853e-01
2.791992647104156e+00	3.446386e-01
2.791992671169953e+00	4.525561e-01
2.791992677186403e+00	4.854109e-01
2.791992678690515e+00	4.937658e-01
2.791992681698740e+00	5.107632e-01
2.791992687715189e+00	5.465419e-01
2.791992699748088e+00	6.258791e-01
2.791992702756312e+00	6.477935e-01
2.791992708772761e+00	6.931530e-01
2.791992708960775e+00	6.946214e-01
2.791992709336804e+00	6.975645e-01
2.791992710088860e+00	7.034879e-01
2.791992710112361e+00	7.036739e-01
2.791992710118237e+00	7.037204e-01
2.791992710129988e+00	7.038134e-01
2.791992710153490e+00	7.039993e-01
2.791992710200493e+00	7.043715e-01
2.791992710294500e+00	7.051164e-01
2.791992710482514e+00	7.066078e-01
2.791992710858542e+00	7.095888e-01
2.791992711610598e+00	7.154973e-01
2.791992713114711e+00	7.270316e-01
2.791992716122936e+00	7.489898e-01
2.791992722139385e+00	7.900153e-01
2.791992734172283e+00	8.677107e-01
2.791992758238081e+00	1.020218e+00
2.791992806369675e+00	1.325308e+00
2.791992902632864e+00	1.935672e+00
2.791993095159242e+00	3.156928e+00
2.791993100555127e+00	3.191163e+00
2.791993111346897e+00	3.259635e+00
2.791993114044839e+00	3.276754e+00
2.791993114719325e+00	3.281033e+00
2.791993116068296e+00	3.289593e+00
2.791993116405539e+00	3.291732e+00
2.791993117080025e+00	3.296012e+00
2.791993117248646e+00	3.296964e+00
2.791993117585889e+00	3.297338e+00
2.791993118260375e+00	3.297103e+00
2.791993119609346e+00	3.297322e+00
2.791993122307288e+00	3.297176e+00
2.791993127703173e+00	3.297422e+00
2.791993138494943e+00	3.297397e+00
2.791993160078484e+00	3.297853e+00
2.791993203245564e+00	3.298262e+00
2.791993289579724e+00	3.298339e+00
2.791993462248044e+00	3.298223e+00
2.791993807584686e+00	3.298420e+00
2.791994498257968e+00	3.298281e+00
2.791995597660587e+00	3.298452e+00
2.791997478043378e+00	3.298319e+00
2.792001238808961e+00	3.298523e+00
2.792008760340127e+00	3.298367e+00
2.792015608866494e+00	3.298523e+00
2.792023808323141e+00	3.298367e+00
2.792038228401976e+00	3.298523e+00
2.792059093679099e+00	3.298367e+00
2.792098695780004e+00	3.298523e+00
2.792172659828812e+00	3.298367e+00
2.792297608853905e+00	3.298524e+00
2.792536787239928e+00	3.298368e+00
2.792955354172372e+00	3.298526e+00
2.793720182830321e+00	3.298371e+00
2.795109970770354e+00	3.298532e+00
2.797601697485498e+00	3.298382e+00
2.800531384985498e+00	3.298546e+00
2.803461072485498e+00	3.298397e+00
2.806390759985498e+00	3.298561e+00
2.806391759985498e+00	3.298404e+00
2.806407759985498e+00	3.298561e+00
2.806408759985498e+00	3.298404e+00
2.806424311215378e+00	3.298561e+00
2.806425311215378e+00	3.298404e+00
2.806441311215378e+00	3.298562e+00
2.806442311215378e+00	3.298404e+00
2.806458311215378e+00	3.298562e+00
2.806488903488075e+00	3.298404e+00
2.806526223263478e+00	3.298562e+00
2.806600862814284e+00	3.298404e+00
2.806750141915896e+00	3.298562e+00
2.807048700119121e+00	3.298405e+00
2.807645816525569e+00	3.298565e+00
2.808840049338467e+00	3.298410e+00
2.811228514964262e+00	3.298574e+00
2.814158202464262e+00	3.298424e+00
2.817087889964262e+00	3.298589e+00
2.820017577464262e+00	3.298438e+00
2.822947264964262e+00	3.298603e+00
2.825876952464262e+00	3.298453e+00
2.828806639964262e+00	3.298618e+00
2.831736327464262e+00	3.298467e+00
2.834666014964262e+00	3.298632e+00
2.837595702464262e+00	3.298481e+00
2.840525389964262e+00	3.298646e+00
2.843455077464262e+00	3.298495e+00
2.846384764964262e+00	3.298659e+00
2.849314452464262e+00	3.298508e+00
2.852244139964262e+00	3.298673e+00
2.855173827464262e+00	3.298522e+00
2.858103514964262e+00	3.298686e+00
2.861033202464262e+00	3.298535e+00
2.863962889964262e+00	3.298699e+00
2.866892577464262e+00	3.298548e+00
2.869822264964262e+00	3.298712e+00
2.872751952464262e+00	3.298561e+00
2.875681639964262e+00	3.298725e+00
2.878611327464262e+00	3.298574e+00
2.881541014964262e+00	3.298738e+00
2.884470702464262e+00	3.298586e+00
2.887400389964262e+00	3.298750e+00
2.890330077464262e+00	3.298599e+00
2.893259764964262e+00	3.298763e+00
2.896189452464262e+00	3.298611e+00
2.899119139964262e+00	3.298774e+00
2.902048827464262e+00	3.298623e+00
2.904978514964262e+00	3.298786e+00
2.907908202464262e+00	3.298635e+00
2.910837889964262e+00	3.298798e+00
2.913767577464262e+00	3.298646e+00
2.916697264964262e+00	3.298810e+00
2.919626952464262e+00	3.298658e+00
2.922556639964262e+00	3.298821e+00
2.925486327464262e+00	3.298669e+00
2.928416014964262e+00	3.298832e+00
2.931345702464262e+00	3.298680e+00
2.934275389964262e+00	3.298843e+00
2.937205077464262e+00	3.298691e+00
2.940134764964262e+00	3.298854e+00
2.943064452464262e+00	3.298702e+00
2.945994139964262e+00	3.298865e+00
2.948923827464262e+00	3.298713e+00
2.951853514964262e+00	3.298876e+00
2.954783202464262e+00	3.298723e+00
2.957712889964262e+00	3.298886e+00
2.960642577464262e+00	3.298733e+00
2.963572264964262e+00	3.298897e+00
2.966501952464262e+00	3.298744e+00
2.969431639964262e+00	3.298907e+00
2.972361327464262e+00	3.298754e+00
2.975291014964262e+00	3.298917e+00
2.978220702464262e+00	3.298764e+00
2.981150389964262e+00	3.298926e+00
2.984080077464262e+00	3.298774e+00
2.987009764964262e+00	3.298936e+00
2.989939452464262e+00	3.298783e+00
2.992869139964262e+00	3.298946e+00
2.995798827464262e+00	3.298793e+00
2.998728514964262e+00	3.298955e+00
3.001658202464262e+00	3.298802e+00
Step Information: Run=1  (Step: 2/9)
0.000000000000000e+00	1.558742e-06
1.867297155739665e-15	2.515584e-06
4.944373095832172e-15	4.042873e-06
8.188566491083603e-15	5.554077e-06
1.467695328158647e-14	8.323211e-06
2.765372686259220e-14	1.297649e-05
5.360727402460365e-14	1.961284e-05
1.055143683486266e-13	2.664590e-05
2.093285569966724e-13	3.127232e-05
4.169569342927641e-13	3.414734e-05
8.322136888849473e-13	3.980637e-05
1.662727198069314e-12	5.098217e-05
3.323754216438047e-12	7.266088e-05
6.645808253175514e-12	1.135497e-04
1.328991632665045e-11	1.862916e-04
2.525344626352588e-11	2.918735e-04
4.918050613727675e-11	4.331443e-04
9.703462588477848e-11	5.648230e-04
9.721394110255310e-11	5.650086e-04
9.757257153810235e-11	5.654342e-04
9.828983240920084e-11	5.663169e-04
9.972435415139783e-11	5.680163e-04
1.025933976357918e-10	5.712893e-04
1.083314846045797e-10	5.772701e-04
1.198076585421557e-10	5.874044e-04
1.427600064173074e-10	6.022762e-04
1.886647021676110e-10	6.201412e-04
2.804740936682181e-10	6.395940e-04
4.584992185457528e-10	6.686561e-04
7.579092059348200e-10	7.181466e-04
1.356729180712954e-09	8.168142e-04
1.907331658493649e-09	9.076589e-04
3.008536614055039e-09	1.089200e-03
5.210946525177819e-09	1.452400e-03
9.459285427276514e-09	1.829551e-03
1.783553046536491e-08	2.517002e-03
2.805983249035660e-08	3.363653e-03
2.837934192863759e-08	3.388580e-03
2.901836080519957e-08	3.441116e-03
2.917811552434006e-08	3.454374e-03
2.949762496262105e-08	3.480756e-03
2.957750232219130e-08	3.487340e-03
2.973725704133180e-08	3.500834e-03
3.005676647961279e-08	3.530147e-03
3.069578535617477e-08	3.595770e-03
3.197382310929873e-08	3.741114e-03
3.452989861554665e-08	4.054623e-03
3.964204962804250e-08	4.713187e-03
4.986635165303418e-08	6.139482e-03
7.031495570301756e-08	9.501328e-03
7.542710671551341e-08	1.048547e-02
8.565140874050510e-08	1.256825e-02
1.061000127904885e-07	1.609442e-02
1.469972208904552e-07	2.284873e-02
2.287916370903887e-07	3.639929e-02
3.007019131108565e-07	4.835309e-02
3.793985160957425e-07	6.150484e-02
4.592436648798785e-07	7.492102e-02
5.523102555365186e-07	9.067398e-02
7.384434368497989e-07	1.213691e-01
7.784982727288987e-07	1.279763e-01
8.586079444870981e-07	1.411885e-01
8.786353624266479e-07	1.444916e-01
9.186901983057477e-07	1.510978e-01
9.287039072755225e-07	1.527493e-01
9.312073345179664e-07	1.531622e-01
9.318331913285772e-07	1.532654e-01
9.319896555312299e-07	1.532913e-01
9.323025839365354e-07	1.533429e-01
9.323808160378618e-07	1.533558e-01
9.325372802405146e-07	1.533816e-01
9.328502086458201e-07	1.534332e-01
9.334760654564309e-07	1.535364e-01
9.347277790776528e-07	1.537428e-01
9.372312063200965e-07	1.541557e-01
9.422380608049841e-07	1.549815e-01
9.522517697747589e-07	1.566331e-01
9.722791877143088e-07	1.599362e-01
1.012334023593409e-06	1.665424e-01
1.092443695351608e-06	1.797548e-01
1.252663038868007e-06	2.061798e-01
1.573101725900805e-06	2.590298e-01
2.213979099966400e-06	3.647301e-01
3.213979099966400e-06	5.296610e-01
4.213979099966401e-06	6.945919e-01
6.213979099966400e-06	1.024454e+00
7.213979099966401e-06	1.189385e+00
1.021397909996640e-05	1.684172e+00
1.121397909996640e-05	1.849093e+00
1.621397909996640e-05	2.673692e+00
1.721397909996640e-05	2.838612e+00
1.999999999699662e-05	3.298082e+00
2.040448667282854e-05	3.298094e+00
2.121346002449238e-05	3.298099e+00
2.283140672782007e-05	3.298099e+00
2.474885349227863e-05	3.298099e+00
2.858374702119575e-05	3.298099e+00
3.625353407902999e-05	3.298099e+00
5.159310819469847e-05	3.298099e+00
8.227225642603541e-05	3.298099e+00
1.436305528887093e-04	3.298099e+00
2.663471458140571e-04	3.298100e+00
5.117803316647528e-04	3.298100e+00
1.002646703366144e-03	3.298102e+00
1.984379446768927e-03	3.298106e+00
3.947844933574491e-03	3.298112e+00
6.877532433574491e-03	3.298122e+00
9.807219933574493e-03	3.298132e+00
1.273690743357449e-02	3.298142e+00
1.566659493357449e-02	3.298152e+00
1.859628243357449e-02	3.298162e+00
2.152596993357449e-02	3.298172e+00
2.445565743357449e-02	3.298181e+00
2.738534493357449e-02	3.298191e+00
3.031503243357449e-02	3.298201e+00
3.324471993357449e-02	3.298210e+00
3.617440743357449e-02	3.298219e+00
3.910409493357449e-02	3.298229e+00
4.203378243357449e-02	3.298238e+00
4.496346993357449e-02	3.298247e+00
4.789315743357449e-02	3.298256e+00
5.082284493357449e-02	3.298265e+00
5.375253243357449e-02	3.298274e+00
5.668221993357449e-02	3.298283e+00
5.961190743357449e-02	3.298292e+00
6.254159493357450e-02	3.298301e+00
6.547128243357450e-02	3.298310e+00
6.840096993357450e-02	3.298318e+00
7.133065743357450e-02	3.298327e+00
7.426034493357450e-02	3.298335e+00
7.719003243357450e-02	3.298344e+00
8.011971993357450e-02	3.298352e+00
8.304940743357450e-02	3.298361e+00
8.597909493357450e-02	3.298369e+00
8.890878243357450e-02	3.298377e+00
9.183846993357450e-02	3.298385e+00
9.476815743357450e-02	3.298393e+00
9.769784493357450e-02	3.298402e+00
1.006275324335745e-01	3.298409e+00
1.035572199335745e-01	3.298418e+00
1.064869074335745e-01	3.298425e+00
1.094165949335745e-01	3.298433e+00
1.123462824335745e-01	3.298441e+00
1.152759699335745e-01	3.298449e+00
1.182056574335745e-01	3.298456e+00
1.211353449335745e-01	3.298464e+00
1.240650324335745e-01	3.298471e+00
1.269947199335745e-01	3.298479e+00
1.299244074335745e-01	3.298486e+00
1.328540949335745e-01	3.298494e+00
1.357837824335745e-01	3.298501e+00
1.387134699335745e-01	3.298509e+00
1.416431574335745e-01	3.298516e+00
1.445728449335745e-01	3.298523e+00
1.475025324335745e-01	3.298530e+00
1.504322199335745e-01	3.298537e+00
1.533619074335745e-01	3.298544e+00
1.562915949335745e-01	3.298551e+00
1.592212824335745e-01	3.298558e+00
1.621509699335745e-01	3.298565e+00
1.650806574335745e-01	3.298572e+00
1.680103449335745e-01	3.298579e+00
1.709400324335745e-01	3.298585e+00
1.738697199335745e-01	3.298592e+00
1.767994074335745e-01	3.298599e+00
1.797290949335745e-01	3.298605e+00
1.826587824335745e-01	3.298612e+00
1.855884699335745e-01	3.298619e+00
1.885181574335745e-01	3.298625e+00
1.914478449335745e-01	3.298631e+00
1.943775324335745e-01	3.298638e+00
1.973072199335745e-01	3.298644e+00
2.002369074335745e-01	3.298650e+00
2.031665949335745e-01	3.298657e+00
2.060962824335745e-01	3.298663e+00
2.090259699335745e-01	3.298669e+00
2.119556574335745e-01	3.298675e+00
2.148853449335745e-01	3.298681e+00
2.178150324335745e-01	3.298687e+00
2.207447199335745e-01	3.298693e+00
2.236744074335745e-01	3.298699e+00
2.266040949335745e-01	3.298705e+00
2.295337824335745e-01	3.298711e+00
2.324634699335745e-01	3.298717e+00
2.353931574335745e-01	3.298722e+00
2.383228449335745e-01	3.298728e+00
2.412525324335745e-01	3.298734e+00
2.441822199335745e-01	3.298739e+00
2.471119074335745e-01	3.298745e+00
2.500415949335745e-01	3.298751e+00
2.529712824335745e-01	3.298756e+00
2.559009699335745e-01	3.298762e+00
2.588306574335745e-01	3.298767e+00
2.617603449335745e-01	3.298772e+00
2.646900324335745e-01	3.298778e+00
2.676197199335745e-01	3.298783e+00
2.705494074335745e-01	3.298788e+00
2.734790949335745e-01	3.298794e+00
2.764087824335745e-01	3.298799e+00
2.793384699335745e-01	3.298804e+00
2.822681574335745e-01	3.298809e+00
2.851978449335745e-01	3.298814e+00
2.881275324335745e-01	3.298819e+00
2.910572199335745e-01	3.298824e+00
2.939869074335745e-01	3.298829e+00
2.969165949335745e-01	3.298834e+00
2.998462824335745e-01	3.298839e+00
3.027759699335745e-01	3.298844e+00
3.057056574335745e-01	3.298849e+00
3.086353449335745e-01	3.298854e+00
3.115650324335745e-01	3.298859e+00
3.144947199335745e-01	3.298863e+00
3.174244074335745e-01	3.298868e+00
3.203540949335745e-01	3.298873e+00
3.232837824335745e-01	3.298877e+00
3.262134699335745e-01	3.298882e+00
3.291431574335745e-01	3.298887e+00
3.320728449335745e-01	3.298891e+00
3.350025324335745e-01	3.298896e+00
3.379322199335745e-01	3.298900e+00
3.408619074335745e-01	3.298904e+00
3.437915949335745e-01	3.298909e+00
3.467212824335745e-01	3.298913e+00
3.496509699335745e-01	3.298918e+00
3.525806574335745e-01	3.298922e+00
3.555103449335745e-01	3.298926e+00
3.584400324335745e-01	3.298931e+00
3.613697199335745e-01	3.298935e+00
3.642994074335745e-01	3.298939e+00
3.672290949335745e-01	3.298943e+00
3.701587824335745e-01	3.298947e+00
3.730884699335745e-01	3.298951e+00
3.760181574335745e-01	3.298955e+00
3.789478449335745e-01	3.298960e+00
3.818775324335745e-01	3.298964e+00
3.848072199335745e-01	3.298968e+00
3.877369074335745e-01	3.298972e+00
3.906665949335745e-01	3.298975e+00
3.935962824335745e-01	3.298980e+00
3.965259699335745e-01	3.298983e+00
3.994556574335745e-01	3.298987e+00
4.023853449335745e-01	3.298991e+00
4.053150324335745e-01	3.298995e+00
4.082447199335745e-01	3.298999e+00
4.111744074335745e-01	3.299002e+00
4.141040949335745e-01	3.299006e+00
4.170337824335745e-01	3.299010e+00
4.199634699335745e-01	3.299013e+00
4.228931574335745e-01	3.299017e+00
4.258228449335745e-01	3.299021e+00
4.287525324335745e-01	3.299024e+00
4.316822199335745e-01	3.299028e+00
4.346119074335745e-01	3.299031e+00
4.375415949335745e-01	3.299035e+00
4.404712824335745e-01	3.299038e+00
4.434009699335745e-01	3.299042e+00
4.463306574335745e-01	3.299045e+00
4.492603449335745e-01	3.299049e+00
4.521900324335745e-01	3.299052e+00
4.551197199335745e-01	3.299056e+00
4.580494074335745e-01	3.299059e+00
4.609790949335745e-01	3.299062e+00
4.639087824335745e-01	3.299066e+00
4.668384699335745e-01	3.299069e+00
4.697681574335745e-01	3.299072e+00
4.726978449335745e-01	3.299075e+00
4.756275324335745e-01	3.299078e+00
4.785572199335745e-01	3.299082e+00
4.814869074335745e-01	3.299085e+00
4.844165949335745e-01	3.299088e+00
4.873462824335745e-01	3.299091e+00
4.902759699335745e-01	3.299094e+00
4.932056574335745e-01	3.299097e+00
4.961353449335745e-01	3.299100e+00
4.990650324335745e-01	3.299103e+00
5.019947199335745e-01	3.299106e+00
5.049244074335745e-01	3.299109e+00
5.078540949335745e-01	3.299112e+00
5.107837824335745e-01	3.299115e+00
5.137134699335745e-01	3.299118e+00
5.166431574335745e-01	3.299121e+00
5.195728449335745e-01	3.299124e+00
5.225025324335745e-01	3.299127e+00
5.254322199335745e-01	3.299129e+00
5.283619074335745e-01	3.299132e+00
5.312915949335745e-01	3.299135e+00
5.342212824335745e-01	3.299138e+00
5.371509699335745e-01	3.299140e+00
5.400806574335745e-01	3.299143e+00
5.430103449335745e-01	3.299146e+00
5.459400324335745e-01	3.299148e+00
5.488697199335745e-01	3.299151e+00
5.517994074335745e-01	3.299154e+00
5.547290949335745e-01	3.299156e+00
5.576587824335745e-01	3.299159e+00
5.605884699335745e-01	3.299161e+00
5.635181574335745e-01	3.299164e+00
5.664478449335745e-01	3.299166e+00
5.668140558710745e-01	3.299167e+00
5.675464777460745e-01	3.299160e+00
5.677295832148245e-01	3.299146e+00
5.680957941523245e-01	3.299098e+00
5.681873468866995e-01	3.299079e+00
5.682102350702932e-01	3.299074e+00
5.682159571161917e-01	3.299073e+00
5.682274012079885e-01	3.299070e+00
5.682302622309378e-01	3.299069e+00
5.682359842768362e-01	3.299068e+00
5.682374147883108e-01	3.299068e+00
5.682402758112600e-01	3.299067e+00
5.682459978571585e-01	3.298234e+00
5.682461766710928e-01	3.298181e+00
5.682465342989614e-01	3.298074e+00
5.682465454748323e-01	3.298071e+00
5.682465678265741e-01	3.296779e+00
5.682466125300577e-01	3.288933e+00
5.682467019370249e-01	3.255727e+00
5.682467242887667e-01	3.239735e+00
5.682467689922502e-01	3.197070e+00
5.682468583992174e-01	2.982674e+00
5.682468772703699e-01	2.896345e+00
5.682468819881580e-01	2.873555e+00
5.682468914237342e-01	2.825420e+00
5.682468937826283e-01	2.812402e+00
5.682468985004164e-01	2.785658e+00
5.682469079359926e-01	2.727676e+00
5.682469268071451e-01	2.591104e+00
5.682469315249332e-01	2.551237e+00
5.682469327043802e-01	2.541137e+00
5.682469329992420e-01	2.538604e+00
5.682469330729574e-01	2.537970e+00
5.682469330913863e-01	2.537811e+00
5.682469331282439e-01	2.537494e+00
5.682469331374584e-01	2.537415e+00
5.682469331558873e-01	2.537256e+00
5.682469331564631e-01	2.537251e+00
5.682469331576150e-01	2.537241e+00
5.682469331599186e-01	2.537222e+00
5.682469331645258e-01	2.537182e+00
5.682469331737402e-01	2.537103e+00
5.682469331921691e-01	2.536944e+00
5.682469332290268e-01	2.536627e+00
5.682469333027422e-01	2.535991e+00
5.682469334501731e-01	2.534719e+00
5.682469337450349e-01	2.532175e+00
5.682469343347584e-01	2.527114e+00
5.682469355142055e-01	2.517174e+00
5.682469378730994e-01	2.498067e+00
5.682469425908876e-01	2.462226e+00
5.682469520264638e-01	2.394929e+00
5.682469708976162e-01	2.264469e+00
5.682470086399212e-01	2.004353e+00
5.682470841245310e-01	1.483717e+00
5.682472350937505e-01	4.421959e-01
5.682472728360555e-01	1.817085e-01
5.682472822716317e-01	1.165882e-01
5.682472846305258e-01	1.003082e-01
5.682472893483139e-01	6.774814e-02
5.682472905277609e-01	5.960815e-02
5.682472928866550e-01	4.332814e-02
5.682472976044430e-01	1.076802e-02
5.682472977518740e-01	9.750513e-03
5.682472980467357e-01	7.715499e-03
5.682472986364592e-01	4.987190e-03
5.682472997589162e-01	4.790543e-03
5.682473006731283e-01	4.929411e-03
5.682473018619825e-01	4.783401e-03
5.682473042396908e-01	4.863933e-03
5.682473078389948e-01	4.702956e-03
5.682473144113757e-01	4.711717e-03
5.682473275561373e-01	4.417942e-03
5.682473538456607e-01	4.137971e-03
5.682474064247075e-01	3.277799e-03
5.682475115828012e-01	3.861178e-03
5.682477218989885e-01	3.722133e-03
5.682481425313631e-01	3.780942e-03
5.682487383353965e-01	3.674163e-03
5.682495183357436e-01	3.757338e-03
5.682508461784366e-01	3.644831e-03
5.682535018638224e-01	3.701516e-03
5.682541657851689e-01	3.645292e-03
5.682542875725075e-01	3.643835e-03
5.682545311471847e-01	3.642864e-03
5.682548443157183e-01	3.643008e-03
5.682551438119425e-01	3.642955e-03
5.682556024757189e-01	3.642984e-03
5.682565198032716e-01	3.642956e-03
5.682583544583770e-01	3.642975e-03
5.682620237685879e-01	3.642942e-03
5.682693623890097e-01	3.642946e-03
5.682840396298533e-01	3.642885e-03
5.683133941115405e-01	3.642832e-03
5.683721030749147e-01	3.642656e-03
5.684895210016632e-01	3.642374e-03
5.687243568551602e-01	3.641741e-03
5.691940285621543e-01	3.640546e-03
5.701333719761424e-01	3.638090e-03
5.720120588041187e-01	3.633264e-03
5.749417463041187e-01	3.625724e-03
5.778714338041187e-01	3.618283e-03
5.808011213041187e-01	3.610849e-03
5.837308088041187e-01	3.603515e-03
5.866604963041187e-01	3.596186e-03
5.895901838041187e-01	3.588957e-03
5.925198713041187e-01	3.581732e-03
5.954495588041187e-01	3.574605e-03
5.983792463041187e-01	3.567483e-03
6.013089338041187e-01	3.560458e-03
6.042386213041187e-01	3.553437e-03
6.071683088041187e-01	3.546512e-03
6.100979963041187e-01	3.539590e-03
6.130276838041187e-01	3.532764e-03
6.159573713041187e-01	3.525940e-03
6.188870588041187e-01	3.519212e-03
6.218167463041187e-01	3.512485e-03
6.247464338041187e-01	3.505852e-03
6.276761213041187e-01	3.499220e-03
6.306058088041187e-01	3.492682e-03
6.335354963041187e-01	3.486145e-03
6.364651838041187e-01	3.479700e-03
6.393948713041187e-01	3.473255e-03
6.423245588041187e-01	3.466902e-03
6.452542463041187e-01	3.460548e-03
6.481839338041187e-01	3.454286e-03
6.511136213041187e-01	3.448022e-03
6.540433088041187e-01	3.441849e-03
6.569729963041187e-01	3.435674e-03
6.599026838041187e-01	3.429590e-03
6.628323713041187e-01	3.423502e-03
6.657620588041187e-01	3.417504e-03
6.686917463041187e-01	3.411503e-03
6.716214338041187e-01	3.405590e-03
6.745511213041187e-01	3.399674e-03
6.774808088041187e-01	3.393846e-03
6.804104963041187e-01	3.388013e-03
6.833401838041187e-01	3.382269e-03
6.862698713041187e-01	3.376519e-03
6.891995588041187e-01	3.370856e-03
6.921292463041187e-01	3.365188e-03
6.950589338041187e-01	3.359606e-03
6.979886213041187e-01	3.354017e-03
7.009183088041187e-01	3.348515e-03
7.038479963041187e-01	3.343006e-03
7.038489963041187e-01	3.343027e-03
7.038649963041187e-01	3.342975e-03
7.038969963041187e-01	3.342937e-03
7.039609963041187e-01	3.342796e-03
7.040889963041187e-01	3.342579e-03
7.043449963041187e-01	3.342080e-03
7.048569963041187e-01	3.341149e-03
7.058809963041187e-01	3.339223e-03
7.079289963041187e-01	3.335452e-03
7.108586838041187e-01	3.330037e-03
7.137883713041187e-01	3.324705e-03
7.167180588041187e-01	3.319367e-03
7.196477463041187e-01	3.314111e-03
7.225774338041187e-01	3.308848e-03
7.255071213041187e-01	3.303667e-03
7.284368088041187e-01	3.298479e-03
7.313664963041187e-01	3.293372e-03
7.313674963041187e-01	3.293348e-03
7.313834963041187e-01	3.293342e-03
7.314154963041187e-01	3.293265e-03
7.314794963041187e-01	3.293175e-03
7.316074963041187e-01	3.292930e-03
7.318634963041187e-01	3.292505e-03
7.323754963041187e-01	3.291592e-03
7.333994963041187e-01	3.289834e-03
7.354474963041187e-01	3.286266e-03
7.383771838041187e-01	3.281246e-03
7.413068713041187e-01	3.276218e-03
7.442365588041187e-01	3.271269e-03
7.471662463041187e-01	3.266313e-03
7.500959338041187e-01	3.261435e-03
7.530256213041187e-01	3.256549e-03
7.559553088041187e-01	3.251740e-03
7.559563088041187e-01	3.251717e-03
7.559723088041187e-01	3.251712e-03
7.560043088041187e-01	3.251638e-03
7.560683088041187e-01	3.251554e-03
7.561963088041187e-01	3.251323e-03
7.564523088041187e-01	3.250924e-03
7.569643088041187e-01	3.250064e-03
7.579883088041187e-01	3.248408e-03
7.600363088041187e-01	3.245048e-03
7.629659963041187e-01	3.240321e-03
7.658956838041187e-01	3.235586e-03
7.688253713041187e-01	3.230927e-03
7.717550588041187e-01	3.226259e-03
7.746847463041187e-01	3.221666e-03
7.776144338041187e-01	3.217064e-03
7.805441213041187e-01	3.212536e-03
7.805451213041187e-01	3.212514e-03
7.805611213041187e-01	3.212510e-03
7.805931213041187e-01	3.212440e-03
7.806571213041187e-01	3.212361e-03
7.807851213041187e-01	3.212143e-03
7.810411213041187e-01	3.211768e-03
7.815531213041187e-01	3.210957e-03
7.825771213041187e-01	3.209399e-03
7.846251213041187e-01	3.206234e-03
7.875548088041187e-01	3.201783e-03
7.904844963041187e-01	3.197324e-03
7.934141838041187e-01	3.192937e-03
7.963438713041187e-01	3.188540e-03
7.992735588041187e-01	3.184216e-03
8.022032463041187e-01	3.179882e-03
8.051329338041187e-01	3.175619e-03
8.051339338041187e-01	3.175598e-03
8.051499338041187e-01	3.175594e-03
8.051819338041187e-01	3.175528e-03
8.052459338041187e-01	3.175454e-03
8.053739338041187e-01	3.175248e-03
8.056299338041187e-01	3.174895e-03
8.061419338041187e-01	3.174131e-03
8.071659338041187e-01	3.172665e-03
8.092139338041187e-01	3.169684e-03
8.121436213041187e-01	3.165493e-03
8.150733088041187e-01	3.161293e-03
8.180029963041187e-01	3.157163e-03
8.209326838041187e-01	3.153022e-03
8.238623713041187e-01	3.148950e-03
8.267920588041187e-01	3.144868e-03
8.297217463041187e-01	3.140855e-03
8.297227463041187e-01	3.140834e-03
8.297387463041187e-01	3.140831e-03
8.297707463041187e-01	3.140768e-03
8.298347463041187e-01	3.140700e-03
8.299627463041187e-01	3.140505e-03
8.302187463041187e-01	3.140173e-03
8.307307463041187e-01	3.139453e-03
8.317547463041187e-01	3.138073e-03
8.338027463041187e-01	3.135265e-03
8.367324338041187e-01	3.131320e-03
8.396621213041187e-01	3.127364e-03
8.425918088041187e-01	3.123475e-03
8.455214963041187e-01	3.119575e-03
8.484511838041187e-01	3.115742e-03
8.513808713041187e-01	3.111897e-03
8.543105588041187e-01	3.108118e-03
8.543115588041187e-01	3.108098e-03
8.543275588041187e-01	3.108096e-03
8.543595588041187e-01	3.108036e-03
8.544235588041187e-01	3.107972e-03
8.545515588041187e-01	3.107788e-03
8.548075588041187e-01	3.107476e-03
8.553195588041187e-01	3.106797e-03
8.563435588041187e-01	3.105498e-03
8.583915588041187e-01	3.102854e-03
8.613212463041187e-01	3.099139e-03
8.642509338041187e-01	3.095413e-03
8.671806213041187e-01	3.091752e-03
8.701103088041187e-01	3.088079e-03
8.730399963041187e-01	3.084470e-03
8.759696838041187e-01	3.080849e-03
8.788993713041187e-01	3.077291e-03
8.789003713041187e-01	3.077271e-03
8.789163713041187e-01	3.077270e-03
8.789483713041187e-01	3.077212e-03
8.790123713041187e-01	3.077153e-03
8.791403713041187e-01	3.076979e-03
8.793963713041187e-01	3.076687e-03
8.799083713041187e-01	3.076046e-03
8.809323713041187e-01	3.074824e-03
8.829803713041187e-01	3.072333e-03
8.859100588041187e-01	3.068835e-03
8.888397463041187e-01	3.065326e-03
8.917694338041187e-01	3.061879e-03
8.946991213041187e-01	3.058420e-03
8.976288088041187e-01	3.055021e-03
9.005584963041187e-01	3.051611e-03
9.034881838041187e-01	3.048261e-03
9.034891838041187e-01	3.048242e-03
9.035051838041187e-01	3.048242e-03
9.035371838041187e-01	3.048187e-03
9.036011838041187e-01	3.048132e-03
9.037291838041187e-01	3.047967e-03
9.039851838041187e-01	3.047692e-03
9.044971838041187e-01	3.047089e-03
9.055211838041187e-01	3.045938e-03
9.075691838041187e-01	3.043592e-03
9.104988713041187e-01	3.040299e-03
9.134285588041187e-01	3.036994e-03
9.163582463041187e-01	3.033748e-03
9.192879338041187e-01	3.030490e-03
9.222176213041187e-01	3.027291e-03
9.251473088041187e-01	3.024078e-03
9.280769963041187e-01	3.020925e-03
9.280779963041187e-01	3.020906e-03
9.280939963041187e-01	3.020907e-03
9.281259963041187e-01	3.020854e-03
9.281899963041187e-01	3.020803e-03
9.283179963041187e-01	3.020647e-03
9.285739963041187e-01	3.020389e-03
9.290859963041187e-01	3.019820e-03
9.301099963041187e-01	3.018737e-03
9.321579963041187e-01	3.016527e-03
9.350876838041187e-01	3.013427e-03
9.380173713041187e-01	3.010314e-03
9.409470588041187e-01	3.007259e-03
9.438767463041187e-01	3.004189e-03
9.468064338041187e-01	3.001177e-03
9.497361213041187e-01	2.998152e-03
9.526658088041187e-01	2.995183e-03
9.526668088041187e-01	2.995164e-03
9.526828088041187e-01	2.995166e-03
9.527148088041187e-01	2.995116e-03
9.527788088041187e-01	2.995068e-03
9.529068088041187e-01	2.994921e-03
9.531628088041187e-01	2.994678e-03
9.536748088041187e-01	2.994142e-03
9.546988088041187e-01	2.993123e-03
9.567468088041187e-01	2.991041e-03
9.596764963041187e-01	2.988122e-03
9.626061838041187e-01	2.985190e-03
9.655358713041187e-01	2.982314e-03
9.684655588041187e-01	2.979423e-03
9.713952463041187e-01	2.976587e-03
9.743249338041187e-01	2.973737e-03
9.772546213041187e-01	2.971010e-03
9.772556213041187e-01	2.970992e-03
9.772716213041187e-01	2.970994e-03
9.773036213041187e-01	2.970947e-03
9.773676213041187e-01	2.970905e-03
9.774956213041187e-01	2.970768e-03
9.777516213041187e-01	2.970546e-03
9.782636213041187e-01	2.970053e-03
9.792876213041187e-01	2.969118e-03
9.813356213041187e-01	2.967204e-03
9.842653088041187e-01	2.964525e-03
9.871949963041187e-01	2.961831e-03
9.901246838041187e-01	2.959190e-03
9.930543713041187e-01	2.956534e-03
9.959840588041187e-01	2.953930e-03
9.989137463041187e-01	2.951312e-03
1.001843433804119e+00	2.948746e-03
1.001844433804119e+00	2.948728e-03
1.001860433804119e+00	2.948731e-03
1.001892433804119e+00	2.948686e-03
1.001956433804118e+00	2.948646e-03
1.002084433804119e+00	2.948517e-03
1.002340433804119e+00	2.948309e-03
1.002852433804118e+00	2.947844e-03
1.003876433804119e+00	2.946964e-03
1.005924433804119e+00	2.945162e-03
1.008854121304119e+00	2.942639e-03
1.011783808804119e+00	2.940102e-03
1.014713496304119e+00	2.937616e-03
1.017643183804119e+00	2.935114e-03
1.018009394741619e+00	2.952202e-03
1.018100947475994e+00	2.959037e-03
1.018284052944744e+00	2.977836e-03
1.018329829311931e+00	2.984460e-03
1.018421382046306e+00	2.998990e-03
1.018444270229900e+00	3.003103e-03
1.018490046597087e+00	3.011651e-03
1.018581599331462e+00	3.030672e-03
1.018584460354412e+00	3.589432e-03
1.018585175610149e+00	3.786472e-03
1.018585354424083e+00	3.836376e-03
1.018585712051952e+00	3.937513e-03
1.018585801458919e+00	3.963302e-03
1.018585980272853e+00	4.015227e-03
1.018586024976337e+00	4.028339e-03
1.018586114383304e+00	2.163512e-02
1.018586265115472e+00	2.853337e-01
1.018586291081460e+00	4.032532e-01
1.018586297572957e+00	4.350738e-01
1.018586310555951e+00	5.037318e-01
1.018586336521939e+00	6.762358e-01
1.018586337333377e+00	6.824694e-01
1.018586338956251e+00	6.950510e-01
1.018586339361969e+00	6.982395e-01
1.018586339463399e+00	6.990376e-01
1.018586339666258e+00	7.006354e-01
1.018586339716973e+00	7.010356e-01
1.018586339818403e+00	7.018363e-01
1.018586339843760e+00	7.020367e-01
1.018586339894475e+00	7.024375e-01
1.018586339907154e+00	7.025378e-01
1.018586339932511e+00	7.027383e-01
1.018586339983226e+00	7.031395e-01
1.018586339984811e+00	7.031521e-01
1.018586339987980e+00	7.031772e-01
1.018586339994320e+00	7.032273e-01
1.018586340006999e+00	7.033277e-01
1.018586340032356e+00	7.035285e-01
1.018586340083071e+00	7.039301e-01
1.018586340184500e+00	7.047341e-01
1.018586340387360e+00	7.063438e-01
1.018586340793078e+00	7.095587e-01
1.018586341604515e+00	7.159209e-01
1.018586343227390e+00	7.283128e-01
1.018586346473138e+00	7.518337e-01
1.018586352964635e+00	7.957739e-01
1.018586365947629e+00	8.792892e-01
1.018586391913617e+00	1.043799e+00
1.018586443845593e+00	1.373049e+00
1.018586547709546e+00	2.031689e+00
1.018586573675534e+00	2.196406e+00
1.018586625607510e+00	2.525851e+00
1.018586729471462e+00	3.184844e+00
1.018586732717211e+00	3.205440e+00
1.018586739208708e+00	3.246633e+00
1.018586740831582e+00	3.256931e+00
1.018586744077331e+00	3.277527e+00
1.018586744888768e+00	3.282676e+00
1.018586746511642e+00	3.292974e+00
1.018586746917361e+00	3.295548e+00
1.018586747018790e+00	3.296192e+00
1.018586747221649e+00	3.297099e+00
1.018586747627368e+00	3.297285e+00
1.018586748438805e+00	3.297167e+00
1.018586750061679e+00	3.297298e+00
1.018586753307428e+00	3.297241e+00
1.018586759798925e+00	3.297425e+00
1.018586772781919e+00	3.297504e+00
1.018586798747907e+00	3.297945e+00
1.018586850679883e+00	3.298542e+00
1.018586954543836e+00	3.298326e+00
1.018587162271740e+00	3.298280e+00
1.018587577727549e+00	3.298403e+00
1.018588408639168e+00	3.298329e+00
1.018589612479619e+00	3.298434e+00
1.018591978349552e+00	3.298375e+00
1.018592569817035e+00	3.298427e+00
1.018593752752001e+00	3.298442e+00
1.018594048485742e+00	3.298446e+00
1.018594639953225e+00	3.298454e+00
1.018594726205075e+00	3.298455e+00
1.018594898708774e+00	3.298455e+00
1.018595113552982e+00	3.298455e+00
1.018595318027157e+00	3.298455e+00
1.018595649517842e+00	3.298455e+00
1.018596312499212e+00	3.298455e+00
1.018597638461951e+00	3.298455e+00
1.018600290387429e+00	3.298455e+00
1.018605594238384e+00	3.298455e+00
1.018616201940296e+00	3.298455e+00
1.018637417344120e+00	3.298455e+00
1.018679848151767e+00	3.298456e+00
1.018764709767062e+00	3.298456e+00
1.018934432997650e+00	3.298456e+00
1.019273879458828e+00	3.298457e+00
1.019952772381184e+00	3.298459e+00
1.021310558225894e+00	3.298463e+00
1.024026129915316e+00	3.298470e+00
1.026955817415316e+00	3.298477e+00
1.029885504915316e+00	3.298485e+00
1.032815192415316e+00	3.298492e+00
1.035744879915316e+00	3.298499e+00
1.038674567415316e+00	3.298507e+00
1.041604254915316e+00	3.298514e+00
1.044533942415316e+00	3.298521e+00
1.047463629915316e+00	3.298528e+00
1.050393317415316e+00	3.298535e+00
1.053323004915316e+00	3.298542e+00
1.056252692415316e+00	3.298549e+00
1.059182379915316e+00	3.298556e+00
1.062112067415316e+00	3.298563e+00
1.065041754915316e+00	3.298570e+00
1.067971442415316e+00	3.298577e+00
1.070901129915316e+00	3.298584e+00
1.073830817415316e+00	3.298590e+00
1.076760504915316e+00	3.298597e+00
1.079690192415316e+00	3.298604e+00
1.082619879915316e+00	3.298610e+00
1.085549567415316e+00	3.298617e+00
1.088479254915316e+00	3.298623e+00
1.091408942415316e+00	3.298630e+00
1.094338629915316e+00	3.298636e+00
1.097268317415316e+00	3.298642e+00
1.100198004915316e+00	3.298649e+00
1.103127692415316e+00	3.298655e+00
1.106057379915316e+00	3.298661e+00
1.108987067415316e+00	3.298667e+00
1.111916754915316e+00	3.298673e+00
1.114846442415316e+00	3.298680e+00
1.117776129915316e+00	3.298686e+00
1.120705817415316e+00	3.298692e+00
1.123635504915316e+00	3.298697e+00
1.126565192415316e+00	3.298703e+00
1.129494879915316e+00	3.298709e+00
1.132424567415316e+00	3.298715e+00
1.135354254915316e+00	3.298721e+00
1.138283942415316e+00	3.298727e+00
1.141213629915316e+00	3.298732e+00
1.144143317415316e+00	3.298738e+00
1.147073004915316e+00	3.298743e+00
1.150002692415316e+00	3.298749e+00
1.152932379915316e+00	3.298755e+00
1.155862067415316e+00	3.298760e+00
1.158791754915316e+00	3.298766e+00
1.161721442415316e+00	3.298771e+00
1.164651129915316e+00	3.298776e+00
1.167580817415316e+00	3.298782e+00
1.170510504915316e+00	3.298787e+00
1.170511504915316e+00	3.298787e+00
1.170527504915316e+00	3.298787e+00
1.170559504915316e+00	3.298787e+00
1.170623504915316e+00	3.298787e+00
1.170751504915316e+00	3.298787e+00
1.171007504915316e+00	3.298788e+00
1.171519504915316e+00	3.298789e+00
1.172543504915316e+00	3.298791e+00
1.174591504915316e+00	3.298794e+00
1.177521192415316e+00	3.298800e+00
1.180450879915316e+00	3.298805e+00
1.183380567415316e+00	3.298810e+00
1.186310254915316e+00	3.298815e+00
1.189239942415316e+00	3.298820e+00
1.192169629915316e+00	3.298825e+00
1.195099317415316e+00	3.298830e+00
1.195100317415316e+00	3.298830e+00
1.195116317415316e+00	3.298830e+00
1.195148317415316e+00	3.298830e+00
1.195212317415316e+00	3.298830e+00
1.195340317415316e+00	3.298830e+00
1.195596317415316e+00	3.298831e+00
1.196108317415316e+00	3.298832e+00
1.197132317415316e+00	3.298833e+00
1.199180317415316e+00	3.298837e+00
1.202110004915316e+00	3.298842e+00
1.205039692415316e+00	3.298847e+00
1.207969379915316e+00	3.298851e+00
1.210899067415316e+00	3.298856e+00
1.213828754915316e+00	3.298861e+00
1.216758442415316e+00	3.298866e+00
1.219688129915316e+00	3.298871e+00
1.219689129915316e+00	3.298871e+00
1.219705129915316e+00	3.298871e+00
1.219737129915316e+00	3.298871e+00
1.219801129915316e+00	3.298871e+00
1.219929129915316e+00	3.298871e+00
1.220185129915316e+00	3.298871e+00
1.220697129915316e+00	3.298872e+00
1.221721129915316e+00	3.298874e+00
1.223769129915316e+00	3.298877e+00
1.226698817415316e+00	3.298882e+00
1.229628504915316e+00	3.298886e+00
1.232558192415316e+00	3.298891e+00
1.235487879915316e+00	3.298895e+00
1.238417567415316e+00	3.298900e+00
1.241347254915316e+00	3.298904e+00
1.244276942415316e+00	3.298909e+00
1.244277942415316e+00	3.298908e+00
1.244293942415316e+00	3.298909e+00
1.244325942415316e+00	3.298909e+00
1.244389942415316e+00	3.298909e+00
1.244517942415316e+00	3.298909e+00
1.244773942415316e+00	3.298909e+00
1.245285942415316e+00	3.298910e+00
1.246309942415316e+00	3.298912e+00
1.248357942415316e+00	3.298915e+00
1.251287629915316e+00	3.298919e+00
1.254217317415316e+00	3.298923e+00
1.257147004915316e+00	3.298928e+00
1.260076692415316e+00	3.298932e+00
1.263006379915316e+00	3.298936e+00
1.265936067415316e+00	3.298940e+00
1.268865754915316e+00	3.298944e+00
1.268866754915316e+00	3.298944e+00
1.268882754915316e+00	3.298944e+00
1.268914754915316e+00	3.298944e+00
1.268978754915316e+00	3.298945e+00
1.269106754915316e+00	3.298945e+00
1.269362754915316e+00	3.298945e+00
1.269874754915316e+00	3.298946e+00
1.270898754915316e+00	3.298947e+00
1.272946754915316e+00	3.298950e+00
1.275876442415316e+00	3.298954e+00
1.278806129915316e+00	3.298958e+00
1.281735817415316e+00	3.298962e+00
1.284665504915316e+00	3.298966e+00
1.287595192415316e+00	3.298970e+00
1.290524879915316e+00	3.298974e+00
1.293454567415316e+00	3.298978e+00
1.293455567415316e+00	3.298978e+00
1.293471567415316e+00	3.298978e+00
1.293503567415316e+00	3.298978e+00
1.293567567415316e+00	3.298979e+00
1.293695567415316e+00	3.298979e+00
1.293951567415316e+00	3.298979e+00
1.294463567415316e+00	3.298980e+00
1.295487567415316e+00	3.298981e+00
1.297535567415316e+00	3.298984e+00
1.300465254915316e+00	3.298988e+00
1.303394942415316e+00	3.298991e+00
1.306324629915316e+00	3.298995e+00
1.309254317415316e+00	3.298999e+00
1.312184004915316e+00	3.299003e+00
1.315113692415316e+00	3.299006e+00
1.318043379915316e+00	3.299010e+00
1.318044379915316e+00	3.299010e+00
1.318060379915316e+00	3.299010e+00
1.318092379915316e+00	3.299010e+00
1.318156379915316e+00	3.299010e+00
1.318284379915316e+00	3.299011e+00
1.318540379915316e+00	3.299011e+00
1.319052379915316e+00	3.299011e+00
1.320076379915316e+00	3.299013e+00
1.322124379915316e+00	3.299015e+00
1.325054067415316e+00	3.299019e+00
1.327983754915316e+00	3.299022e+00
1.330913442415316e+00	3.299026e+00
1.333843129915316e+00	3.299030e+00
1.336772817415316e+00	3.299033e+00
1.339702504915316e+00	3.299037e+00
1.342632192415316e+00	3.299040e+00
1.342633192415316e+00	3.299040e+00
1.342649192415316e+00	3.299040e+00
1.342681192415316e+00	3.299040e+00
1.342745192415316e+00	3.299040e+00
1.342873192415316e+00	3.299040e+00
1.343129192415316e+00	3.299041e+00
1.343641192415316e+00	3.299041e+00
1.344665192415316e+00	3.299042e+00
1.346713192415316e+00	3.299045e+00
1.349642879915316e+00	3.299048e+00
1.352572567415316e+00	3.299052e+00
1.355502254915316e+00	3.299055e+00
1.358431942415316e+00	3.299058e+00
1.361361629915316e+00	3.299062e+00
1.364291317415316e+00	3.299065e+00
1.367221004915316e+00	3.299068e+00
1.367222004915316e+00	3.299068e+00
1.367238004915316e+00	3.299068e+00
1.367270004915316e+00	3.299068e+00
1.367334004915316e+00	3.299068e+00
1.367462004915316e+00	3.299069e+00
1.367718004915316e+00	3.299069e+00
1.368230004915316e+00	3.299069e+00
1.369254004915316e+00	3.299071e+00
1.371302004915316e+00	3.299073e+00
1.374231692415316e+00	3.299076e+00
1.377161379915316e+00	3.299079e+00
1.380091067415316e+00	3.299083e+00
1.383020754915316e+00	3.299086e+00
1.385950442415316e+00	3.299089e+00
1.388880129915316e+00	3.299092e+00
1.391809817415316e+00	3.299095e+00
1.391810817415316e+00	3.299095e+00
1.391826817415316e+00	3.299095e+00
1.391858817415316e+00	3.299095e+00
1.391922817415316e+00	3.299095e+00
1.392050817415316e+00	3.299095e+00
1.392306817415316e+00	3.299095e+00
1.392818817415316e+00	3.299096e+00
1.393842817415316e+00	3.299097e+00
1.395890817415316e+00	3.299099e+00
1.398820504915316e+00	3.299102e+00
1.401750192415316e+00	3.299105e+00
1.404679879915316e+00	3.299108e+00
1.407609567415316e+00	3.299111e+00
1.410539254915316e+00	3.299114e+00
1.413468942415316e+00	3.299117e+00
1.416398629915316e+00	3.299120e+00
1.416399629915316e+00	3.299120e+00
1.416415629915316e+00	3.299120e+00
1.416447629915316e+00	3.299120e+00
1.416511629915316e+00	3.299120e+00
1.416639629915316e+00	3.299120e+00
1.416895629915316e+00	3.299120e+00
1.417407629915316e+00	3.299121e+00
1.418431629915316e+00	3.299122e+00
1.420479629915316e+00	3.299124e+00
1.423409317415316e+00	3.299127e+00
1.426339004915316e+00	3.299130e+00
1.429268692415316e+00	3.299133e+00
1.432198379915316e+00	3.299135e+00
1.435128067415316e+00	3.299138e+00
1.438057754915316e+00	3.299141e+00
1.440987442415316e+00	3.299143e+00
1.443917129915316e+00	3.299146e+00
1.443918129915316e+00	3.299146e+00
1.443934129915316e+00	3.299146e+00
1.443966129915316e+00	3.299146e+00
1.444030129915316e+00	3.299146e+00
1.444158129915316e+00	3.299146e+00
1.444414129915316e+00	3.299146e+00
1.444926129915316e+00	3.299147e+00
1.445950129915316e+00	3.299148e+00
1.447998129915316e+00	3.299150e+00
1.450927817415316e+00	3.299152e+00
1.453857504915316e+00	3.299155e+00
1.456787192415316e+00	3.299157e+00
1.459716879915316e+00	3.299160e+00
1.462646567415316e+00	3.299162e+00
1.465576254915316e+00	3.299165e+00
1.465942465852816e+00	3.299165e+00
1.466674887727816e+00	3.299166e+00
1.468139731477816e+00	3.299167e+00
1.468382342822460e+00	3.299155e+00
1.468867565511749e+00	3.299095e+00
1.468928896528083e+00	3.299082e+00
1.468944229282166e+00	3.299079e+00
1.468974894790333e+00	3.299072e+00
1.468982561167375e+00	3.299070e+00
1.468997893921459e+00	3.298827e+00
1.468998373070024e+00	3.298701e+00
1.468999331367154e+00	3.298441e+00
1.468999570941436e+00	3.298373e+00
1.469000050090002e+00	3.298234e+00
1.469000169877143e+00	3.298198e+00
1.469000409451425e+00	3.298126e+00
1.469000469344996e+00	3.298108e+00
1.469000589132137e+00	3.298071e+00
1.469000619078923e+00	3.294955e+00
1.469000678972493e+00	3.281916e+00
1.469000798759635e+00	3.188215e+00
1.469000824065561e+00	3.142582e+00
1.469000874677413e+00	3.014858e+00
1.469000887330376e+00	2.967024e+00
1.469000912636303e+00	2.855479e+00
1.469000918962784e+00	2.821184e+00
1.469000920544405e+00	2.812455e+00
1.469000923707645e+00	2.794681e+00
1.469000930034127e+00	2.757167e+00
1.469000942687090e+00	2.673531e+00
1.469000945850331e+00	2.650312e+00
1.469000952176812e+00	2.602166e+00
1.469000953758433e+00	2.589477e+00
1.469000956921674e+00	2.563642e+00
1.469000957712484e+00	2.557010e+00
1.469000959294104e+00	2.543628e+00
1.469000959689509e+00	2.540237e+00
1.469000959788361e+00	2.539389e+00
1.469000959986063e+00	2.537690e+00
1.469000959992241e+00	2.537637e+00
1.469000960004598e+00	2.537530e+00
1.469000960029311e+00	2.537318e+00
1.469000960078736e+00	2.536892e+00
1.469000960177588e+00	2.536040e+00
1.469000960375290e+00	2.534335e+00
1.469000960770695e+00	2.530926e+00
1.469000961561505e+00	2.524172e+00
1.469000963143126e+00	2.511007e+00
1.469000966306367e+00	2.485993e+00
1.469000972632848e+00	2.439282e+00
1.469000985285811e+00	2.350633e+00
1.469001010591737e+00	2.176230e+00
1.469001061203590e+00	1.827223e+00
1.469001162427295e+00	1.129046e+00
1.469001187733221e+00	9.544438e-01
1.469001238345074e+00	6.052269e-01
1.469001250998037e+00	5.179152e-01
1.469001276303963e+00	3.432864e-01
1.469001282630445e+00	2.996272e-01
1.469001295283408e+00	2.123080e-01
1.469001320589334e+00	3.766328e-02
1.469001321380144e+00	3.220550e-02
1.469001322961765e+00	2.128992e-02
1.469001323357170e+00	1.856102e-02
1.469001324147980e+00	1.310322e-02
1.469001324345683e+00	1.173876e-02
1.469001324741088e+00	9.009856e-03
1.469001325531898e+00	5.020600e-03
1.469001327086629e+00	4.749856e-03
1.469001328319495e+00	4.950991e-03
1.469001329654107e+00	4.739936e-03
1.469001332323330e+00	4.874692e-03
1.469001336314653e+00	4.651920e-03
1.469001344092063e+00	4.697917e-03
1.469001359646883e+00	4.315055e-03
1.469001390756524e+00	4.019500e-03
1.469001452975805e+00	2.967975e-03
1.469001577414367e+00	3.875633e-03
1.469001826291491e+00	3.686466e-03
1.469002324045739e+00	3.800962e-03
1.469002924639078e+00	3.646694e-03
1.469003828234688e+00	3.778754e-03
1.469005368482287e+00	3.612533e-03
1.469008448977487e+00	3.716185e-03
1.469014609967886e+00	3.569834e-03
1.469020469600923e+00	3.716043e-03
1.469027343645371e+00	3.569900e-03
1.469038865334898e+00	3.715926e-03
1.469055479713583e+00	3.569869e-03
1.469085942390157e+00	3.715778e-03
1.469142492460909e+00	3.569656e-03
1.469236060980548e+00	3.715380e-03
1.469412293136074e+00	3.568960e-03
1.469716503259099e+00	3.714130e-03
1.470262456210718e+00	3.566756e-03
1.471240580507648e+00	3.710183e-03
1.472966019192454e+00	3.559775e-03
1.475895706692454e+00	3.698218e-03
1.478825394192454e+00	3.544801e-03
1.481755081692454e+00	3.683351e-03
1.484684769192454e+00	3.530040e-03
1.484685769192454e+00	3.675766e-03
1.484701769192454e+00	3.530237e-03
1.484702769192454e+00	3.675557e-03
1.484718769192454e+00	3.530357e-03
1.484719769192454e+00	3.675401e-03
1.484735769192454e+00	3.530425e-03
1.484736769192454e+00	3.675280e-03
1.484752769192454e+00	3.530460e-03
1.484782144195281e+00	3.675160e-03
1.484818225604174e+00	3.530300e-03
1.484890388421961e+00	3.674887e-03
1.485034714057536e+00	3.529760e-03
1.485323365328684e+00	3.673805e-03
1.485900667870981e+00	3.527599e-03
1.487055272955576e+00	3.669489e-03
1.489364483124765e+00	3.518997e-03
1.492294170624765e+00	3.656544e-03
1.495223858124765e+00	3.504611e-03
1.498153545624765e+00	3.642260e-03
1.501083233124765e+00	3.490430e-03
1.504012920624765e+00	3.628180e-03
1.506942608124765e+00	3.476450e-03
1.509872295624765e+00	3.614300e-03
1.512801983124765e+00	3.462669e-03
1.515731670624765e+00	3.600617e-03
1.518661358124765e+00	3.449084e-03
1.521591045624765e+00	3.587129e-03
1.524520733124765e+00	3.435692e-03
1.527450420624765e+00	3.573833e-03
1.530380108124765e+00	3.422491e-03
1.533309795624765e+00	3.560725e-03
1.536239483124765e+00	3.409477e-03
1.539169170624765e+00	3.547804e-03
1.542098858124765e+00	3.396648e-03
1.545028545624765e+00	3.535067e-03
1.547958233124765e+00	3.384002e-03
1.550887920624765e+00	3.522511e-03
1.553817608124765e+00	3.371536e-03
1.556747295624765e+00	3.510133e-03
1.559676983124765e+00	3.359246e-03
1.562606670624765e+00	3.497931e-03
1.565536358124765e+00	3.347132e-03
1.568466045624765e+00	3.485903e-03
1.571395733124765e+00	3.335189e-03
1.574325420624765e+00	3.474046e-03
1.577255108124765e+00	3.323417e-03
1.580184795624765e+00	3.462357e-03
1.583114483124765e+00	3.311811e-03
1.586044170624765e+00	3.450835e-03
1.588973858124765e+00	3.300371e-03
1.591903545624765e+00	3.439476e-03
1.594833233124765e+00	3.289094e-03
1.597762920624765e+00	3.428279e-03
1.600692608124765e+00	3.277977e-03
1.603622295624765e+00	3.417241e-03
1.606551983124765e+00	3.267018e-03
1.609481670624765e+00	3.406360e-03
1.612411358124765e+00	3.256214e-03
1.615341045624765e+00	3.395634e-03
1.618270733124765e+00	3.245565e-03
1.621200420624765e+00	3.385060e-03
1.624130108124765e+00	3.235066e-03
1.627059795624765e+00	3.374637e-03
1.629989483124765e+00	3.224717e-03
1.632919170624765e+00	3.364361e-03
1.635848858124765e+00	3.214515e-03
1.638778545624765e+00	3.354232e-03
1.641708233124765e+00	3.204459e-03
1.644637920624765e+00	3.344247e-03
1.647567608124765e+00	3.194545e-03
1.650497295624765e+00	3.334404e-03
1.653426983124765e+00	3.184772e-03
1.656356670624765e+00	3.324701e-03
1.659286358124765e+00	3.175138e-03
1.662216045624765e+00	3.315135e-03
1.665145733124765e+00	3.165641e-03
1.668075420624765e+00	3.305706e-03
1.671005108124765e+00	3.156279e-03
1.673934795624765e+00	3.296411e-03
1.676864483124765e+00	3.147050e-03
1.679794170624765e+00	3.287247e-03
1.682723858124765e+00	3.137952e-03
1.685653545624765e+00	3.278215e-03
1.688583233124765e+00	3.128984e-03
1.691512920624765e+00	3.269310e-03
1.694442608124765e+00	3.120143e-03
1.697372295624765e+00	3.260532e-03
1.700301983124765e+00	3.111428e-03
1.703231670624765e+00	3.251879e-03
1.706161358124765e+00	3.102837e-03
1.709091045624765e+00	3.243349e-03
1.712020733124765e+00	3.094368e-03
1.714950420624765e+00	3.234941e-03
1.717880108124765e+00	3.086019e-03
1.720809795624765e+00	3.226652e-03
1.723739483124765e+00	3.077789e-03
1.726669170624765e+00	3.218480e-03
1.729598858124765e+00	3.069676e-03
1.732528545624765e+00	3.210425e-03
1.735458233124765e+00	3.061679e-03
1.738387920624765e+00	3.202485e-03
1.741317608124765e+00	3.053795e-03
1.744247295624765e+00	3.194657e-03
1.747176983124765e+00	3.046023e-03
1.750106670624765e+00	3.186941e-03
1.753036358124765e+00	3.038362e-03
1.755966045624765e+00	3.179334e-03
1.758895733124765e+00	3.030810e-03
1.761825420624765e+00	3.171835e-03
1.764755108124765e+00	3.023365e-03
1.767684795624765e+00	3.164443e-03
1.770614483124765e+00	3.016026e-03
1.773544170624765e+00	3.157157e-03
1.776473858124765e+00	3.008791e-03
1.779403545624765e+00	3.149973e-03
1.782333233124765e+00	3.001659e-03
1.785262920624765e+00	3.142892e-03
1.788192608124765e+00	2.994628e-03
1.791122295624765e+00	3.135912e-03
1.794051983124765e+00	2.987698e-03
1.796981670624765e+00	3.129031e-03
1.799911358124765e+00	2.980866e-03
1.802841045624765e+00	3.122247e-03
1.805770733124765e+00	2.974131e-03
1.808700420624765e+00	3.115560e-03
1.811630108124765e+00	2.967492e-03
1.814559795624765e+00	3.108968e-03
1.817489483124765e+00	2.960947e-03
1.820419170624765e+00	3.102470e-03
1.823348858124765e+00	2.954495e-03
1.826278545624765e+00	3.096065e-03
1.829208233124765e+00	2.948136e-03
1.832137920624765e+00	3.089750e-03
1.835067608124765e+00	2.941866e-03
1.837997295624765e+00	3.083525e-03
1.840926983124765e+00	2.935686e-03
1.843856670624765e+00	3.077389e-03
1.846786358124765e+00	2.929593e-03
1.849716045624765e+00	3.071340e-03
1.852645733124765e+00	2.923587e-03
1.855575420624765e+00	3.065377e-03
1.858505108124765e+00	2.917667e-03
1.861434795624765e+00	3.059498e-03
1.864364483124765e+00	2.911830e-03
1.867294170624765e+00	3.053703e-03
1.870223858124765e+00	2.906077e-03
1.873153545624765e+00	3.047991e-03
1.876083233124765e+00	2.900428e-03
1.879012920624765e+00	3.042451e-03
1.881942608124765e+00	2.894975e-03
1.884872295624765e+00	3.037036e-03
1.887801983124765e+00	2.889599e-03
1.890731670624765e+00	3.031699e-03
1.893661358124765e+00	2.884300e-03
1.896591045624765e+00	3.026438e-03
1.899520733124765e+00	2.879076e-03
1.902450420624765e+00	3.021251e-03
1.905380108124765e+00	2.873927e-03
1.908309795624765e+00	3.016139e-03
1.911239483124765e+00	2.868851e-03
1.911605694062265e+00	2.940916e-03
1.912338115937265e+00	2.940287e-03
1.913802959687265e+00	2.939032e-03
1.916732647187265e+00	2.936537e-03
1.917098858124765e+00	2.936227e-03
1.917831279999765e+00	2.935606e-03
1.918014385468515e+00	2.935451e-03
1.918380596406015e+00	2.935142e-03
1.919113018281015e+00	2.990407e-03
1.919210254105404e+00	3.008058e-03
1.919234563061501e+00	3.012652e-03
1.919283180973696e+00	3.022200e-03
1.919295335451745e+00	3.024723e-03
1.919319644407842e+00	3.029860e-03
1.919325721646866e+00	3.567720e-03
1.919327240956622e+00	4.002498e-03
1.919327288435052e+00	4.016130e-03
1.919327383391912e+00	1.407526e-02
1.919327407131127e+00	2.074010e-02
1.919327454609557e+00	3.826193e-02
1.919327549566417e+00	1.296520e-01
1.919327567543220e+00	1.627117e-01
1.919327603496826e+00	2.455796e-01
1.919327612485227e+00	2.732860e-01
1.919327630462030e+00	3.349334e-01
1.919327666415636e+00	5.051069e-01
1.919327675404038e+00	5.619999e-01
1.919327693380841e+00	6.885527e-01
1.919327693942616e+00	6.929340e-01
1.919327695066166e+00	7.017522e-01
1.919327695101277e+00	7.020296e-01
1.919327695171499e+00	7.025846e-01
1.919327695189054e+00	7.027235e-01
1.919327695224165e+00	7.030012e-01
1.919327695232943e+00	7.030707e-01
1.919327695235137e+00	7.030880e-01
1.919327695239526e+00	7.031228e-01
1.919327695248304e+00	7.031922e-01
1.919327695265859e+00	7.033312e-01
1.919327695300970e+00	7.036092e-01
1.919327695371192e+00	7.041655e-01
1.919327695511636e+00	7.052791e-01
1.919327695792524e+00	7.075080e-01
1.919327696354299e+00	7.119446e-01
1.919327697477849e+00	7.206694e-01
1.919327699724949e+00	7.374725e-01
1.919327704219150e+00	7.690237e-01
1.919327713207551e+00	8.281829e-01
1.919327731184354e+00	9.425538e-01
1.919327767137960e+00	1.170343e+00
1.919327776126362e+00	1.227347e+00
1.919327794103165e+00	1.341335e+00
1.919327830056771e+00	1.569299e+00
1.919327901963983e+00	2.025334e+00
1.919328045778407e+00	2.937678e+00
1.919328081732013e+00	3.165819e+00
1.919328090720415e+00	3.222855e+00
1.919328092967515e+00	3.237114e+00
1.919328097461716e+00	3.265632e+00
1.919328098585266e+00	3.272762e+00
1.919328100832366e+00	3.287021e+00
1.919328101394141e+00	3.290586e+00
1.919328102517692e+00	3.297000e+00
1.919328104764792e+00	3.297432e+00
1.919328109258993e+00	3.297113e+00
1.919328118247394e+00	3.297602e+00
1.919328136224197e+00	3.297480e+00
1.919328172177803e+00	3.298320e+00
1.919328244085015e+00	3.298914e+00
1.919328387899439e+00	3.298473e+00
1.919328675528287e+00	3.298171e+00
1.919329250785983e+00	3.298539e+00
1.919330278433461e+00	3.298208e+00
1.919331821872057e+00	3.298572e+00
1.919334908749248e+00	3.298268e+00
1.919335680468546e+00	3.298450e+00
1.919335873398371e+00	3.298452e+00
1.919336259258019e+00	3.298455e+00
1.919336850860125e+00	3.298456e+00
1.919337415512762e+00	3.298455e+00
1.919338390844869e+00	3.298455e+00
1.919339318721566e+00	3.298455e+00
1.919340936743259e+00	3.298455e+00
1.919344031485504e+00	3.298455e+00
1.919350220969994e+00	3.298455e+00
1.919362599938976e+00	3.298455e+00
1.919387357876938e+00	3.298456e+00
1.919436873752863e+00	3.298456e+00
1.919535905504713e+00	3.298456e+00
1.919733969008412e+00	3.298456e+00
1.920130096015811e+00	3.298458e+00
1.920922350030609e+00	3.298460e+00
1.922506858060204e+00	3.298464e+00
1.925436545560204e+00	3.298471e+00
1.928366233060204e+00	3.298479e+00
1.931295920560204e+00	3.298486e+00
1.934225608060204e+00	3.298494e+00
1.937155295560204e+00	3.298501e+00
1.940084983060204e+00	3.298508e+00
1.943014670560204e+00	3.298516e+00
1.945944358060204e+00	3.298523e+00
1.948874045560204e+00	3.298530e+00
1.951803733060204e+00	3.298537e+00
1.954733420560204e+00	3.298544e+00
1.957663108060204e+00	3.298551e+00
1.960592795560204e+00	3.298558e+00
1.963522483060204e+00	3.298565e+00
1.966452170560204e+00	3.298572e+00
1.969381858060204e+00	3.298579e+00
1.972311545560204e+00	3.298585e+00
1.975241233060204e+00	3.298592e+00
1.978170920560204e+00	3.298599e+00
1.981100608060204e+00	3.298605e+00
1.984030295560204e+00	3.298612e+00
1.986959983060204e+00	3.298618e+00
1.989889670560204e+00	3.298625e+00
1.992819358060204e+00	3.298631e+00
1.995749045560204e+00	3.298638e+00
1.998678733060204e+00	3.298644e+00
2.001608420560204e+00	3.298650e+00
2.004538108060204e+00	3.298656e+00
2.007467795560204e+00	3.298663e+00
2.010397483060204e+00	3.298669e+00
2.013327170560204e+00	3.298675e+00
2.016256858060204e+00	3.298681e+00
2.019186545560204e+00	3.298687e+00
2.022116233060204e+00	3.298693e+00
2.025045920560204e+00	3.298699e+00
2.027975608060204e+00	3.298705e+00
2.030905295560204e+00	3.298711e+00
2.033834983060204e+00	3.298716e+00
2.036764670560204e+00	3.298722e+00
2.039694358060204e+00	3.298728e+00
2.042624045560204e+00	3.298733e+00
2.045553733060204e+00	3.298739e+00
2.048483420560204e+00	3.298745e+00
2.051413108060204e+00	3.298750e+00
2.054342795560204e+00	3.298756e+00
2.057272483060204e+00	3.298761e+00
2.060202170560204e+00	3.298767e+00
2.063131858060204e+00	3.298772e+00
2.066061545560204e+00	3.298778e+00
2.068991233060204e+00	3.298783e+00
2.071920920560204e+00	3.298788e+00
2.074850608060204e+00	3.298794e+00
2.077780295560204e+00	3.298799e+00
2.080709983060204e+00	3.298804e+00
2.083639670560204e+00	3.298809e+00
2.086569358060204e+00	3.298814e+00
2.089499045560204e+00	3.298819e+00
2.092428733060204e+00	3.298824e+00
2.095358420560204e+00	3.298829e+00
2.098288108060204e+00	3.298834e+00
2.101217795560204e+00	3.298839e+00
2.104147483060204e+00	3.298844e+00
2.107077170560204e+00	3.298849e+00
2.110006858060204e+00	3.298854e+00
2.112936545560204e+00	3.298858e+00
2.115866233060204e+00	3.298863e+00
2.118795920560204e+00	3.298868e+00
2.121725608060204e+00	3.298872e+00
2.124655295560204e+00	3.298877e+00
2.127584983060204e+00	3.298882e+00
2.130514670560204e+00	3.298886e+00
2.133444358060204e+00	3.298891e+00
2.136374045560204e+00	3.298895e+00
2.139303733060204e+00	3.298900e+00
2.142233420560204e+00	3.298904e+00
2.145163108060204e+00	3.298909e+00
2.148092795560204e+00	3.298913e+00
2.151022483060204e+00	3.298918e+00
2.153952170560204e+00	3.298922e+00
2.156881858060204e+00	3.298926e+00
2.159811545560204e+00	3.298930e+00
2.162741233060204e+00	3.298935e+00
2.165670920560204e+00	3.298939e+00
2.168600608060204e+00	3.298943e+00
2.171530295560204e+00	3.298947e+00
2.174459983060204e+00	3.298951e+00
2.177389670560204e+00	3.298955e+00
2.180319358060204e+00	3.298959e+00
2.183249045560204e+00	3.298964e+00
2.186178733060204e+00	3.298968e+00
2.189108420560204e+00	3.298971e+00
2.192038108060204e+00	3.298975e+00
2.194967795560204e+00	3.298979e+00
2.197897483060204e+00	3.298983e+00
2.200827170560204e+00	3.298987e+00
2.203756858060204e+00	3.298991e+00
2.206686545560204e+00	3.298995e+00
2.209616233060204e+00	3.298999e+00
2.212545920560204e+00	3.299002e+00
2.215475608060204e+00	3.299006e+00
2.218405295560204e+00	3.299010e+00
2.221334983060204e+00	3.299013e+00
2.224264670560204e+00	3.299017e+00
2.227194358060204e+00	3.299021e+00
2.230124045560204e+00	3.299024e+00
2.233053733060204e+00	3.299028e+00
2.235983420560204e+00	3.299031e+00
2.238913108060204e+00	3.299035e+00
2.241842795560204e+00	3.299038e+00
2.244772483060204e+00	3.299042e+00
2.247702170560204e+00	3.299045e+00
2.250631858060204e+00	3.299049e+00
2.253561545560204e+00	3.299052e+00
2.256491233060204e+00	3.299055e+00
2.259420920560204e+00	3.299059e+00
2.262350608060204e+00	3.299062e+00
2.265280295560204e+00	3.299065e+00
2.268209983060204e+00	3.299069e+00
2.271139670560204e+00	3.299072e+00
2.274069358060204e+00	3.299075e+00
2.276999045560204e+00	3.299078e+00
2.279928733060204e+00	3.299082e+00
2.282858420560204e+00	3.299085e+00
2.285788108060204e+00	3.299088e+00
2.288717795560204e+00	3.299091e+00
2.291647483060204e+00	3.299094e+00
2.294577170560204e+00	3.299097e+00
2.297506858060204e+00	3.299100e+00
2.300436545560204e+00	3.299103e+00
2.303366233060204e+00	3.299106e+00
2.306295920560204e+00	3.299109e+00
2.309225608060204e+00	3.299112e+00
2.312155295560204e+00	3.299115e+00
2.315084983060204e+00	3.299118e+00
2.318014670560204e+00	3.299121e+00
2.320944358060204e+00	3.299124e+00
2.323874045560204e+00	3.299127e+00
2.326803733060204e+00	3.299129e+00
2.329733420560204e+00	3.299132e+00
2.332663108060204e+00	3.299135e+00
2.335592795560204e+00	3.299138e+00
2.338522483060204e+00	3.299140e+00
2.341452170560204e+00	3.299143e+00
2.344381858060204e+00	3.299146e+00
2.347311545560204e+00	3.299148e+00
2.350241233060204e+00	3.299151e+00
2.353170920560204e+00	3.299154e+00
2.356100608060204e+00	3.299156e+00
2.359030295560204e+00	3.299159e+00
2.361959983060204e+00	3.299161e+00
2.364889670560204e+00	3.299164e+00
2.367819358060204e+00	3.299166e+00
2.368185568997704e+00	3.299166e+00
2.368917990872704e+00	3.299167e+00
2.369101096341454e+00	3.299159e+00
2.369467307278954e+00	3.299122e+00
2.369558860013329e+00	3.299105e+00
2.369741965482079e+00	3.299067e+00
2.369742680737816e+00	3.299066e+00
2.369744111249291e+00	3.298697e+00
2.369744468877160e+00	3.298599e+00
2.369745184132897e+00	3.298400e+00
2.369745362946831e+00	3.298348e+00
2.369745720574700e+00	3.298243e+00
2.369745809981667e+00	3.298216e+00
2.369745988795601e+00	3.298162e+00
2.369746033499085e+00	3.298148e+00
2.369746122906052e+00	3.298121e+00
2.369746145257794e+00	3.298114e+00
2.369746189961278e+00	3.298100e+00
2.369746279368245e+00	3.298073e+00
2.369746301719986e+00	3.297321e+00
2.369746346423470e+00	3.289577e+00
2.369746435830437e+00	3.256609e+00
2.369746458182179e+00	3.240932e+00
2.369746502885663e+00	3.198946e+00
2.369746592292630e+00	2.988037e+00
2.369746611188661e+00	2.902980e+00
2.369746615912669e+00	2.880523e+00
2.369746625360684e+00	2.833088e+00
2.369746627722688e+00	2.820259e+00
2.369746632446696e+00	2.793900e+00
2.369746641894711e+00	2.736748e+00
2.369746660790743e+00	2.602096e+00
2.369746665514751e+00	2.562781e+00
2.369746666695753e+00	2.552821e+00
2.369746666991003e+00	2.550323e+00
2.369746667581504e+00	2.545309e+00
2.369746667729129e+00	2.544050e+00
2.369746668024379e+00	2.541526e+00
2.369746668098192e+00	2.540894e+00
2.369746668245817e+00	2.539628e+00
2.369746668282724e+00	2.539311e+00
2.369746668356536e+00	2.538677e+00
2.369746668504161e+00	2.537408e+00
2.369746668508775e+00	2.537368e+00
2.369746668518002e+00	2.537288e+00
2.369746668536455e+00	2.537130e+00
2.369746668573361e+00	2.536812e+00
2.369746668647174e+00	2.536176e+00
2.369746668794799e+00	2.534902e+00
2.369746669090049e+00	2.532355e+00
2.369746669680550e+00	2.527287e+00
2.369746670861552e+00	2.517333e+00
2.369746673223556e+00	2.498199e+00
2.369746677947564e+00	2.462312e+00
2.369746687395580e+00	2.394930e+00
2.369746706291611e+00	2.264300e+00
2.369746744083673e+00	2.003841e+00
2.369746819667798e+00	1.482519e+00
2.369746970836047e+00	4.396236e-01
2.369747008628110e+00	1.787926e-01
2.369747018076125e+00	1.135864e-01
2.369747020438129e+00	9.728486e-02
2.369747025162137e+00	6.468190e-02
2.369747026343139e+00	5.653116e-02
2.369747028705143e+00	4.022969e-02
2.369747033429150e+00	7.626610e-03
2.369747033576776e+00	6.607761e-03
2.369747033872026e+00	5.044475e-03
2.369747034462527e+00	4.769849e-03
2.369747035119508e+00	4.961387e-03
2.369747035882045e+00	4.793051e-03
2.369747037407120e+00	4.902896e-03
2.369747039584097e+00	4.751179e-03
2.369747043431345e+00	4.807790e-03
2.369747050640017e+00	4.593838e-03
2.369747065057360e+00	4.491076e-03
2.369747093892048e+00	3.966832e-03
2.369747151561422e+00	3.240422e-03
2.369747266900170e+00	3.757420e-03
2.369747497577667e+00	3.814473e-03
2.369747958932662e+00	3.679947e-03
2.369748555372014e+00	3.771028e-03
2.369749398128776e+00	3.657450e-03
2.369750828322343e+00	3.739272e-03
2.369753688709478e+00	3.597355e-03
2.369754039182636e+00	3.643882e-03
2.369754740128954e+00	3.642494e-03
2.369755845679518e+00	3.643350e-03
2.369756858355445e+00	3.642747e-03
2.369758378369680e+00	3.643179e-03
2.369761019155304e+00	3.642815e-03
2.369765774614080e+00	3.643122e-03
2.369775285531632e+00	3.642796e-03
2.369794307366737e+00	3.643040e-03
2.369832351036945e+00	3.642652e-03
2.369908438377363e+00	3.642741e-03
2.370060613058197e+00	3.642060e-03
2.370364962419866e+00	3.641555e-03
2.370973661143204e+00	3.639692e-03
2.372191058589881e+00	3.636827e-03
2.374625853483234e+00	3.630270e-03
2.377555540983234e+00	3.623058e-03
2.380485228483234e+00	3.615329e-03
2.383414915983234e+00	3.608223e-03
2.386344603483234e+00	3.600601e-03
2.389274290983234e+00	3.593600e-03
2.392203978483234e+00	3.586082e-03
2.395133665983234e+00	3.579184e-03
2.398063353483234e+00	3.571769e-03
2.400993040983234e+00	3.564974e-03
2.403922728483234e+00	3.557660e-03
2.406852415983234e+00	3.550966e-03
2.409782103483234e+00	3.543752e-03
2.412711790983234e+00	3.537156e-03
2.415641478483234e+00	3.530041e-03
2.418571165983234e+00	3.523543e-03
2.421500853483234e+00	3.516525e-03
2.424430540983234e+00	3.510124e-03
2.427360228483234e+00	3.503202e-03
2.430289915983234e+00	3.496895e-03
2.433219603483234e+00	3.490067e-03
2.436149290983234e+00	3.483854e-03
2.439078978483234e+00	3.477120e-03
2.442008665983234e+00	3.470999e-03
2.444938353483234e+00	3.464357e-03
2.447868040983234e+00	3.458327e-03
2.450797728483234e+00	3.451775e-03
2.453727415983234e+00	3.445835e-03
2.456657103483234e+00	3.439372e-03
2.459586790983234e+00	3.433520e-03
2.462516478483234e+00	3.427145e-03
2.465446165983234e+00	3.421381e-03
2.468375853483234e+00	3.415092e-03
2.471305540983234e+00	3.409414e-03
2.474235228483234e+00	3.403211e-03
2.477164915983234e+00	3.397617e-03
2.480094603483234e+00	3.391498e-03
2.483024290983234e+00	3.385988e-03
2.485953978483234e+00	3.379952e-03
2.488883665983234e+00	3.374524e-03
2.491813353483234e+00	3.368570e-03
2.494743040983234e+00	3.363223e-03
2.497672728483234e+00	3.357350e-03
2.500602415983234e+00	3.352083e-03
2.503532103483234e+00	3.346290e-03
2.506461790983234e+00	3.341101e-03
2.509391478483234e+00	3.335386e-03
2.512321165983234e+00	3.330276e-03
2.515250853483234e+00	3.324638e-03
2.518180540983234e+00	3.319604e-03
2.521110228483234e+00	3.314042e-03
2.524039915983234e+00	3.309084e-03
2.526969603483234e+00	3.303598e-03
2.529899290983234e+00	3.298714e-03
2.532828978483234e+00	3.293301e-03
2.535758665983234e+00	3.288491e-03
2.538688353483234e+00	3.283151e-03
2.541618040983234e+00	3.278414e-03
2.544547728483234e+00	3.273146e-03
2.547477415983234e+00	3.268479e-03
2.550407103483234e+00	3.263283e-03
2.553336790983234e+00	3.258686e-03
2.556266478483234e+00	3.253559e-03
2.559196165983234e+00	3.249032e-03
2.562125853483234e+00	3.243974e-03
2.565055540983234e+00	3.239516e-03
2.567985228483234e+00	3.234526e-03
2.570914915983234e+00	3.230134e-03
2.573844603483234e+00	3.225212e-03
2.576774290983234e+00	3.220887e-03
2.579703978483234e+00	3.216030e-03
2.582633665983234e+00	3.211770e-03
2.585563353483234e+00	3.206979e-03
2.588493040983234e+00	3.202783e-03
2.591422728483234e+00	3.198056e-03
2.594352415983234e+00	3.193924e-03
2.597282103483234e+00	3.189260e-03
2.600211790983234e+00	3.185191e-03
2.603141478483234e+00	3.180590e-03
2.606071165983234e+00	3.176583e-03
2.609000853483234e+00	3.172042e-03
2.611930540983234e+00	3.168096e-03
2.614860228483234e+00	3.163616e-03
2.617789915983234e+00	3.159730e-03
2.620719603483234e+00	3.155310e-03
2.623649290983234e+00	3.151483e-03
2.626578978483234e+00	3.147122e-03
2.629508665983234e+00	3.143354e-03
2.632438353483234e+00	3.139050e-03
2.635368040983234e+00	3.135340e-03
2.638297728483234e+00	3.131094e-03
2.641227415983234e+00	3.127439e-03
2.644157103483234e+00	3.123250e-03
2.647086790983234e+00	3.119651e-03
2.650016478483234e+00	3.115518e-03
2.652946165983234e+00	3.111975e-03
2.655875853483234e+00	3.107896e-03
2.658805540983234e+00	3.104407e-03
2.661735228483234e+00	3.100382e-03
2.664664915983234e+00	3.096946e-03
2.667594603483234e+00	3.092975e-03
2.670524290983234e+00	3.089592e-03
2.673453978483234e+00	3.085673e-03
2.676383665983234e+00	3.082342e-03
2.679313353483234e+00	3.078475e-03
2.682243040983234e+00	3.075195e-03
2.685172728483234e+00	3.071379e-03
2.688102415983234e+00	3.068150e-03
2.691032103483234e+00	3.064385e-03
2.693961790983234e+00	3.061206e-03
2.696891478483234e+00	3.057490e-03
2.699821165983234e+00	3.054359e-03
2.702750853483234e+00	3.050692e-03
2.705680540983234e+00	3.047611e-03
2.708610228483234e+00	3.043992e-03
2.711539915983234e+00	3.040958e-03
2.714469603483234e+00	3.037386e-03
2.717399290983234e+00	3.034400e-03
2.720328978483234e+00	3.030875e-03
2.723258665983234e+00	3.027935e-03
2.726188353483234e+00	3.024456e-03
2.729118040983234e+00	3.021562e-03
2.732047728483234e+00	3.018129e-03
2.734977415983234e+00	3.015279e-03
2.737907103483234e+00	3.011891e-03
2.740836790983234e+00	3.009086e-03
2.743766478483234e+00	3.005742e-03
2.746696165983234e+00	3.002981e-03
2.749625853483234e+00	2.999681e-03
2.752555540983234e+00	2.996963e-03
2.755485228483234e+00	2.993705e-03
2.758414915983234e+00	2.991030e-03
2.761344603483234e+00	2.987815e-03
2.764274290983234e+00	2.985182e-03
2.767203978483234e+00	2.982009e-03
2.770133665983234e+00	2.979416e-03
2.773063353483234e+00	2.976284e-03
2.775993040983234e+00	2.973733e-03
2.778922728483234e+00	2.970713e-03
2.781852415983234e+00	2.968271e-03
2.784782103483234e+00	2.965288e-03
2.787711790983234e+00	2.962884e-03
2.790641478483234e+00	2.959939e-03
2.793571165983234e+00	2.957574e-03
2.796500853483234e+00	2.954667e-03
2.799430540983234e+00	2.952339e-03
2.802360228483234e+00	2.949470e-03
2.805289915983234e+00	2.947179e-03
2.808219603483234e+00	2.944347e-03
2.811149290983234e+00	2.942093e-03
2.814078978483234e+00	2.939297e-03
2.814445189420734e+00	2.939124e-03
2.815177611295734e+00	2.938498e-03
2.816642455045734e+00	2.937250e-03
2.816941353516894e+00	2.936996e-03
2.817539150459215e+00	2.936489e-03
2.818734744343858e+00	2.935476e-03
2.819033642815018e+00	2.935223e-03
2.819631439757339e+00	2.959205e-03
2.819780888992919e+00	2.978158e-03
2.820079787464080e+00	3.029739e-03
2.820080955036233e+00	3.029994e-03
2.820083290180539e+00	3.030506e-03
2.820087960469151e+00	3.823525e-03
2.820088106415670e+00	3.864173e-03
2.820088398308708e+00	3.946409e-03
2.820088471281968e+00	3.967321e-03
2.820088617228487e+00	4.009379e-03
2.820088653715117e+00	4.019982e-03
2.820088726688376e+00	1.093320e-02
2.820088857042697e+00	8.948705e-02
2.820088881257552e+00	1.232741e-01
2.820088929687264e+00	2.161206e-01
2.820088941794692e+00	2.503081e-01
2.820088966009548e+00	3.294691e-01
2.820088972063262e+00	3.535999e-01
2.820088984170690e+00	4.053889e-01
2.820089008385545e+00	5.334572e-01
2.820089014439259e+00	5.724881e-01
2.820089026546687e+00	6.562420e-01
2.820089029573544e+00	6.793893e-01
2.820089030330259e+00	6.852257e-01
2.820089031843687e+00	6.969983e-01
2.820089032222044e+00	6.999791e-01
2.820089032316634e+00	7.007251e-01
2.820089032505812e+00	7.022187e-01
2.820089032553107e+00	7.025926e-01
2.820089032564931e+00	7.026861e-01
2.820089032588578e+00	7.028732e-01
2.820089032594490e+00	7.029200e-01
2.820089032606313e+00	7.030135e-01
2.820089032609269e+00	7.030368e-01
2.820089032615181e+00	7.030836e-01
2.820089032627004e+00	7.031772e-01
2.820089032650652e+00	7.033644e-01
2.820089032697946e+00	7.037389e-01
2.820089032792536e+00	7.044885e-01
2.820089032981715e+00	7.059892e-01
2.820089033360071e+00	7.089890e-01
2.820089034116786e+00	7.149338e-01
2.820089035630214e+00	7.265370e-01
2.820089038657071e+00	7.486210e-01
2.820089044710785e+00	7.898801e-01
2.820089056818213e+00	8.680393e-01
2.820089081033069e+00	1.021503e+00
2.820089129462781e+00	1.328519e+00
2.820089226322204e+00	1.942730e+00
2.820089420041051e+00	3.171690e+00
2.820089425419593e+00	3.205818e+00
2.820089436176676e+00	3.274078e+00
2.820089438865947e+00	3.291143e+00
2.820089439538265e+00	3.295409e+00
2.820089439706344e+00	3.296476e+00
2.820089440042503e+00	3.297273e+00
2.820089440714820e+00	3.297170e+00
2.820089442059456e+00	3.297280e+00
2.820089444748727e+00	3.297233e+00
2.820089450127269e+00	3.297384e+00
2.820089460884352e+00	3.297451e+00
2.820089482398519e+00	3.297816e+00
2.820089525426853e+00	3.298313e+00
2.820089611483520e+00	3.298306e+00
2.820089783596854e+00	3.298276e+00
2.820090127823524e+00	3.298388e+00
2.820090816276863e+00	3.298335e+00
2.820091913880459e+00	3.298420e+00
2.820093786918742e+00	3.298372e+00
2.820097532995308e+00	3.298491e+00
2.820105025148438e+00	3.298420e+00
2.820111779084219e+00	3.298491e+00
2.820119963344222e+00	3.298420e+00
2.820134221695887e+00	3.298491e+00
2.820154852187795e+00	3.298420e+00
2.820194005242716e+00	3.298491e+00
2.820266637683325e+00	3.298420e+00
2.820389435938234e+00	3.298492e+00
2.820623446324439e+00	3.298421e+00
2.821032118160284e+00	3.298494e+00
2.821777196948422e+00	3.298424e+00
2.823126807769640e+00	3.298499e+00
2.825541569865711e+00	3.298434e+00
2.828471257365711e+00	3.298513e+00
2.831400944865711e+00	3.298449e+00
2.834330632365711e+00	3.298528e+00
2.834331632365712e+00	3.298456e+00
2.834347632365712e+00	3.298528e+00
2.834348632365711e+00	3.298456e+00
2.834364195912737e+00	3.298528e+00
2.834365195912737e+00	3.298456e+00
2.834381195912737e+00	3.298528e+00
2.834382195912737e+00	3.298456e+00
2.834398195912737e+00	3.298528e+00
2.834428585370478e+00	3.298456e+00
2.834465698748109e+00	3.298529e+00
2.834539925503372e+00	3.298456e+00
2.834688379013897e+00	3.298529e+00
2.834985286034947e+00	3.298457e+00
2.835579100077048e+00	3.298531e+00
2.836766728161250e+00	3.298462e+00
2.839141984329653e+00	3.298540e+00
2.842071671829653e+00	3.298475e+00
2.845001359329653e+00	3.298555e+00
2.847931046829653e+00	3.298490e+00
2.850860734329653e+00	3.298569e+00
2.853790421829653e+00	3.298504e+00
2.856720109329653e+00	3.298583e+00
2.859649796829653e+00	3.298518e+00
2.862579484329653e+00	3.298597e+00
2.865509171829653e+00	3.298532e+00
2.868438859329653e+00	3.298611e+00
2.871368546829653e+00	3.298545e+00
2.874298234329653e+00	3.298624e+00
2.877227921829653e+00	3.298558e+00
2.880157609329653e+00	3.298638e+00
2.883087296829653e+00	3.298572e+00
2.886016984329653e+00	3.298651e+00
2.888946671829653e+00	3.298585e+00
2.891876359329653e+00	3.298664e+00
2.894806046829653e+00	3.298598e+00
2.897735734329653e+00	3.298676e+00
2.900665421829653e+00	3.298610e+00
2.903595109329653e+00	3.298689e+00
2.906524796829653e+00	3.298623e+00
2.909454484329653e+00	3.298701e+00
2.912384171829653e+00	3.298635e+00
2.915313859329653e+00	3.298714e+00
2.918243546829653e+00	3.298647e+00
2.921173234329653e+00	3.298726e+00
2.924102921829653e+00	3.298659e+00
2.927032609329653e+00	3.298738e+00
2.929962296829653e+00	3.298671e+00
2.932891984329653e+00	3.298749e+00
2.935821671829653e+00	3.298682e+00
2.938751359329653e+00	3.298761e+00
2.941681046829653e+00	3.298694e+00
2.944610734329653e+00	3.298772e+00
2.947540421829653e+00	3.298705e+00
2.950470109329653e+00	3.298783e+00
2.953399796829653e+00	3.298717e+00
2.956329484329653e+00	3.298794e+00
2.959259171829653e+00	3.298728e+00
2.962188859329653e+00	3.298805e+00
2.965118546829653e+00	3.298738e+00
2.968048234329653e+00	3.298816e+00
2.970977921829653e+00	3.298749e+00
2.973907609329653e+00	3.298827e+00
2.976837296829653e+00	3.298759e+00
2.979766984329653e+00	3.298837e+00
2.982696671829653e+00	3.298770e+00
2.985626359329653e+00	3.298847e+00
2.988556046829653e+00	3.298780e+00
2.991485734329653e+00	3.298857e+00
2.994415421829653e+00	3.298790e+00
2.997345109329653e+00	3.298867e+00
3.000274796829653e+00	3.298800e+00
Step Information: Run=2  (Step: 3/9)
0.000000000000000e+00	1.558742e-06
1.867297155739665e-15	2.515584e-06
4.944373095832172e-15	4.042873e-06
8.188566491083603e-15	5.554077e-06
1.467695328158647e-14	8.323211e-06
2.765372686259220e-14	1.297649e-05
5.360727402460365e-14	1.961284e-05
1.055143683486266e-13	2.664590e-05
2.093285569966724e-13	3.127232e-05
4.169569342927641e-13	3.414734e-05
8.322136888849473e-13	3.980637e-05
1.662727198069314e-12	5.098217e-05
3.323754216438047e-12	7.266088e-05
6.645808253175514e-12	1.135497e-04
1.328991632665045e-11	1.862916e-04
2.525344626352588e-11	2.918735e-04
4.918050613727675e-11	4.331443e-04
9.703462588477848e-11	5.648230e-04
9.721394110255310e-11	5.650086e-04
9.757257153810235e-11	5.654342e-04
9.828983240920084e-11	5.663169e-04
9.972435415139783e-11	5.680163e-04
1.025933976357918e-10	5.712893e-04
1.083314846045797e-10	5.772701e-04
1.198076585421557e-10	5.874044e-04
1.427600064173074e-10	6.022762e-04
1.886647021676110e-10	6.201412e-04
2.804740936682181e-10	6.395940e-04
4.584992185457528e-10	6.686561e-04
7.579092059348200e-10	7.181466e-04
1.356729180712954e-09	8.168142e-04
1.907331658493649e-09	9.076589e-04
3.008536614055039e-09	1.089200e-03
5.210946525177819e-09	1.452400e-03
9.459285427276514e-09	1.829551e-03
1.783553046536491e-08	2.517002e-03
2.805983249035660e-08	3.363653e-03
2.837934192863759e-08	3.388580e-03
2.901836080519957e-08	3.441116e-03
2.917811552434006e-08	3.454374e-03
2.949762496262105e-08	3.480756e-03
2.957750232219130e-08	3.487340e-03
2.973725704133180e-08	3.500834e-03
3.005676647961279e-08	3.530147e-03
3.069578535617477e-08	3.595770e-03
3.197382310929873e-08	3.741114e-03
3.452989861554665e-08	4.054623e-03
3.964204962804250e-08	4.713187e-03
4.986635165303418e-08	6.139482e-03
7.031495570301756e-08	9.501328e-03
7.542710671551341e-08	1.048547e-02
8.565140874050510e-08	1.256825e-02
1.061000127904885e-07	1.609442e-02
1.469972208904552e-07	2.284873e-02
2.287916370903887e-07	3.639929e-02
3.007019131108565e-07	4.835309e-02
3.793985160957425e-07	6.150484e-02
4.592436648798785e-07	7.492102e-02
5.523102555365186e-07	9.067398e-02
7.384434368497989e-07	1.213691e-01
7.784982727288987e-07	1.279763e-01
8.586079444870981e-07	1.411885e-01
8.786353624266479e-07	1.444916e-01
9.186901983057477e-07	1.510978e-01
9.287039072755225e-07	1.527493e-01
9.312073345179664e-07	1.531622e-01
9.318331913285772e-07	1.532654e-01
9.319896555312299e-07	1.532913e-01
9.323025839365354e-07	1.533429e-01
9.323808160378618e-07	1.533558e-01
9.325372802405146e-07	1.533816e-01
9.328502086458201e-07	1.534332e-01
9.334760654564309e-07	1.535364e-01
9.347277790776528e-07	1.537428e-01
9.372312063200965e-07	1.541557e-01
9.422380608049841e-07	1.549815e-01
9.522517697747589e-07	1.566331e-01
9.722791877143088e-07	1.599362e-01
1.012334023593409e-06	1.665424e-01
1.092443695351608e-06	1.797548e-01
1.252663038868007e-06	2.061798e-01
1.573101725900805e-06	2.590298e-01
2.213979099966400e-06	3.647301e-01
3.213979099966400e-06	5.296610e-01
4.213979099966401e-06	6.945919e-01
6.213979099966400e-06	1.024454e+00
7.213979099966401e-06	1.189385e+00
1.021397909996640e-05	1.684172e+00
1.121397909996640e-05	1.849093e+00
1.621397909996640e-05	2.673692e+00
1.721397909996640e-05	2.838612e+00
1.999999999699662e-05	3.298082e+00
2.040448667282854e-05	3.298094e+00
2.121346002449238e-05	3.298099e+00
2.283140672782007e-05	3.298099e+00
2.474885349227863e-05	3.298099e+00
2.858374702119575e-05	3.298099e+00
3.625353407902999e-05	3.298099e+00
5.159310819469847e-05	3.298099e+00
8.227225642603541e-05	3.298099e+00
1.436305528887093e-04	3.298099e+00
2.663471458140571e-04	3.298100e+00
5.117803316647528e-04	3.298100e+00
1.002646703366144e-03	3.298102e+00
1.984379446768927e-03	3.298106e+00
3.947844933574491e-03	3.298112e+00
6.877532433574491e-03	3.298122e+00
9.807219933574493e-03	3.298132e+00
1.273690743357449e-02	3.298142e+00
1.566659493357449e-02	3.298152e+00
1.859628243357449e-02	3.298162e+00
2.152596993357449e-02	3.298172e+00
2.445565743357449e-02	3.298181e+00
2.738534493357449e-02	3.298191e+00
3.031503243357449e-02	3.298201e+00
3.324471993357449e-02	3.298210e+00
3.617440743357449e-02	3.298219e+00
3.910409493357449e-02	3.298229e+00
4.203378243357449e-02	3.298238e+00
4.496346993357449e-02	3.298247e+00
4.789315743357449e-02	3.298256e+00
5.082284493357449e-02	3.298265e+00
5.375253243357449e-02	3.298274e+00
5.668221993357449e-02	3.298283e+00
5.961190743357449e-02	3.298292e+00
6.254159493357450e-02	3.298301e+00
6.547128243357450e-02	3.298310e+00
6.840096993357450e-02	3.298318e+00
7.133065743357450e-02	3.298327e+00
7.426034493357450e-02	3.298335e+00
7.719003243357450e-02	3.298344e+00
8.011971993357450e-02	3.298352e+00
8.304940743357450e-02	3.298361e+00
8.597909493357450e-02	3.298369e+00
8.890878243357450e-02	3.298377e+00
9.183846993357450e-02	3.298385e+00
9.476815743357450e-02	3.298393e+00
9.769784493357450e-02	3.298402e+00
1.006275324335745e-01	3.298409e+00
1.035572199335745e-01	3.298418e+00
1.064869074335745e-01	3.298425e+00
1.094165949335745e-01	3.298433e+00
1.123462824335745e-01	3.298441e+00
1.152759699335745e-01	3.298449e+00
1.182056574335745e-01	3.298456e+00
1.211353449335745e-01	3.298464e+00
1.240650324335745e-01	3.298471e+00
1.269947199335745e-01	3.298479e+00
1.299244074335745e-01	3.298486e+00
1.328540949335745e-01	3.298494e+00
1.357837824335745e-01	3.298501e+00
1.387134699335745e-01	3.298509e+00
1.416431574335745e-01	3.298516e+00
1.445728449335745e-01	3.298523e+00
1.475025324335745e-01	3.298530e+00
1.504322199335745e-01	3.298537e+00
1.533619074335745e-01	3.298544e+00
1.562915949335745e-01	3.298551e+00
1.592212824335745e-01	3.298558e+00
1.621509699335745e-01	3.298565e+00
1.650806574335745e-01	3.298572e+00
1.680103449335745e-01	3.298579e+00
1.709400324335745e-01	3.298585e+00
1.738697199335745e-01	3.298592e+00
1.767994074335745e-01	3.298599e+00
1.797290949335745e-01	3.298605e+00
1.826587824335745e-01	3.298612e+00
1.855884699335745e-01	3.298619e+00
1.885181574335745e-01	3.298625e+00
1.914478449335745e-01	3.298631e+00
1.943775324335745e-01	3.298638e+00
1.973072199335745e-01	3.298644e+00
2.002369074335745e-01	3.298650e+00
2.031665949335745e-01	3.298657e+00
2.060962824335745e-01	3.298663e+00
2.090259699335745e-01	3.298669e+00
2.119556574335745e-01	3.298675e+00
2.148853449335745e-01	3.298681e+00
2.178150324335745e-01	3.298687e+00
2.207447199335745e-01	3.298693e+00
2.236744074335745e-01	3.298699e+00
2.266040949335745e-01	3.298705e+00
2.295337824335745e-01	3.298711e+00
2.324634699335745e-01	3.298717e+00
2.353931574335745e-01	3.298722e+00
2.383228449335745e-01	3.298728e+00
2.412525324335745e-01	3.298734e+00
2.441822199335745e-01	3.298739e+00
2.471119074335745e-01	3.298745e+00
2.500415949335745e-01	3.298751e+00
2.529712824335745e-01	3.298756e+00
2.559009699335745e-01	3.298762e+00
2.588306574335745e-01	3.298767e+00
2.617603449335745e-01	3.298772e+00
2.646900324335745e-01	3.298778e+00
2.676197199335745e-01	3.298783e+00
2.705494074335745e-01	3.298788e+00
2.734790949335745e-01	3.298794e+00
2.764087824335745e-01	3.298799e+00
2.793384699335745e-01	3.298804e+00
2.822681574335745e-01	3.298809e+00
2.851978449335745e-01	3.298814e+00
2.881275324335745e-01	3.298819e+00
2.910572199335745e-01	3.298824e+00
2.939869074335745e-01	3.298829e+00
2.969165949335745e-01	3.298834e+00
2.998462824335745e-01	3.298839e+00
3.027759699335745e-01	3.298844e+00
3.057056574335745e-01	3.298849e+00
3.086353449335745e-01	3.298854e+00
3.115650324335745e-01	3.298859e+00
3.144947199335745e-01	3.298863e+00
3.174244074335745e-01	3.298868e+00
3.203540949335745e-01	3.298873e+00
3.232837824335745e-01	3.298877e+00
3.262134699335745e-01	3.298882e+00
3.291431574335745e-01	3.298887e+00
3.320728449335745e-01	3.298891e+00
3.350025324335745e-01	3.298896e+00
3.379322199335745e-01	3.298900e+00
3.408619074335745e-01	3.298904e+00
3.437915949335745e-01	3.298909e+00
3.467212824335745e-01	3.298913e+00
3.496509699335745e-01	3.298918e+00
3.525806574335745e-01	3.298922e+00
3.555103449335745e-01	3.298926e+00
3.584400324335745e-01	3.298931e+00
3.613697199335745e-01	3.298935e+00
3.642994074335745e-01	3.298939e+00
3.672290949335745e-01	3.298943e+00
3.701587824335745e-01	3.298947e+00
3.730884699335745e-01	3.298951e+00
3.760181574335745e-01	3.298955e+00
3.789478449335745e-01	3.298960e+00
3.818775324335745e-01	3.298964e+00
3.848072199335745e-01	3.298968e+00
3.877369074335745e-01	3.298972e+00
3.906665949335745e-01	3.298975e+00
3.935962824335745e-01	3.298980e+00
3.965259699335745e-01	3.298983e+00
3.994556574335745e-01	3.298987e+00
4.023853449335745e-01	3.298991e+00
4.053150324335745e-01	3.298995e+00
4.082447199335745e-01	3.298999e+00
4.111744074335745e-01	3.299002e+00
4.141040949335745e-01	3.299006e+00
4.170337824335745e-01	3.299010e+00
4.199634699335745e-01	3.299013e+00
4.228931574335745e-01	3.299017e+00
4.258228449335745e-01	3.299021e+00
4.287525324335745e-01	3.299024e+00
4.316822199335745e-01	3.299028e+00
4.346119074335745e-01	3.299031e+00
4.375415949335745e-01	3.299035e+00
4.404712824335745e-01	3.299038e+00
4.434009699335745e-01	3.299042e+00
4.463306574335745e-01	3.299045e+00
4.492603449335745e-01	3.299049e+00
4.521900324335745e-01	3.299052e+00
4.551197199335745e-01	3.299056e+00
4.580494074335745e-01	3.299059e+00
4.609790949335745e-01	3.299062e+00
4.639087824335745e-01	3.299066e+00
4.668384699335745e-01	3.299069e+00
4.697681574335745e-01	3.299072e+00
4.726978449335745e-01	3.299075e+00
4.756275324335745e-01	3.299078e+00
4.785572199335745e-01	3.299082e+00
4.814869074335745e-01	3.299085e+00
4.844165949335745e-01	3.299088e+00
4.873462824335745e-01	3.299091e+00
4.902759699335745e-01	3.299094e+00
4.932056574335745e-01	3.299097e+00
4.961353449335745e-01	3.299100e+00
4.990650324335745e-01	3.299103e+00
5.019947199335745e-01	3.299106e+00
5.049244074335745e-01	3.299109e+00
5.078540949335745e-01	3.299112e+00
5.107837824335745e-01	3.299115e+00
5.137134699335745e-01	3.299118e+00
5.166431574335745e-01	3.299121e+00
5.195728449335745e-01	3.299124e+00
5.225025324335745e-01	3.299127e+00
5.254322199335745e-01	3.299129e+00
5.283619074335745e-01	3.299132e+00
5.312915949335745e-01	3.299135e+00
5.342212824335745e-01	3.299138e+00
5.371509699335745e-01	3.299140e+00
5.400806574335745e-01	3.299143e+00
5.430103449335745e-01	3.299146e+00
5.459400324335745e-01	3.299148e+00
5.488697199335745e-01	3.299151e+00
5.517994074335745e-01	3.299154e+00
5.547290949335745e-01	3.299156e+00
5.576587824335745e-01	3.299159e+00
5.605884699335745e-01	3.299161e+00
5.635181574335745e-01	3.299164e+00
5.664478449335745e-01	3.299166e+00
5.668140558710745e-01	3.299167e+00
5.675464777460745e-01	3.299160e+00
5.677295832148245e-01	3.299146e+00
5.680957941523245e-01	3.299098e+00
5.681873468866995e-01	3.299079e+00
5.682102350702932e-01	3.299074e+00
5.682159571161917e-01	3.299073e+00
5.682274012079885e-01	3.299070e+00
5.682302622309378e-01	3.299069e+00
5.682359842768362e-01	3.299068e+00
5.682374147883108e-01	3.299068e+00
5.682402758112600e-01	3.299067e+00
5.682459978571585e-01	3.298234e+00
5.682461766710928e-01	3.298181e+00
5.682465342989614e-01	3.298074e+00
5.682465454748323e-01	3.298071e+00
5.682465678265741e-01	3.296779e+00
5.682466125300577e-01	3.288933e+00
5.682467019370249e-01	3.255727e+00
5.682467242887667e-01	3.239735e+00
5.682467689922502e-01	3.197070e+00
5.682468583992174e-01	2.982674e+00
5.682468772703699e-01	2.896345e+00
5.682468819881580e-01	2.873555e+00
5.682468914237342e-01	2.825420e+00
5.682468937826283e-01	2.812402e+00
5.682468985004164e-01	2.785658e+00
5.682469079359926e-01	2.727676e+00
5.682469268071451e-01	2.591104e+00
5.682469315249332e-01	2.551237e+00
5.682469327043802e-01	2.541137e+00
5.682469329992420e-01	2.538604e+00
5.682469330729574e-01	2.537970e+00
5.682469330913863e-01	2.537811e+00
5.682469331282439e-01	2.537494e+00
5.682469331374584e-01	2.537415e+00
5.682469331558873e-01	2.537256e+00
5.682469331564631e-01	2.537251e+00
5.682469331576150e-01	2.537241e+00
5.682469331599186e-01	2.537222e+00
5.682469331645258e-01	2.537182e+00
5.682469331737402e-01	2.537103e+00
5.682469331921691e-01	2.536944e+00
5.682469332290268e-01	2.536627e+00
5.682469333027422e-01	2.535991e+00
5.682469334501731e-01	2.534719e+00
5.682469337450349e-01	2.532175e+00
5.682469343347584e-01	2.527114e+00
5.682469355142055e-01	2.517174e+00
5.682469378730994e-01	2.498067e+00
5.682469425908876e-01	2.462226e+00
5.682469520264638e-01	2.394929e+00
5.682469708976162e-01	2.264469e+00
5.682470086399212e-01	2.004353e+00
5.682470841245310e-01	1.483717e+00
5.682472350937505e-01	4.421959e-01
5.682472728360555e-01	1.817085e-01
5.682472822716317e-01	1.165882e-01
5.682472846305258e-01	1.003082e-01
5.682472893483139e-01	6.774814e-02
5.682472905277609e-01	5.960815e-02
5.682472928866550e-01	4.332814e-02
5.682472976044430e-01	1.076802e-02
5.682472977518740e-01	9.750513e-03
5.682472980467357e-01	7.715499e-03
5.682472986364592e-01	4.987190e-03
5.682472997589162e-01	4.790543e-03
5.682473006731283e-01	4.929411e-03
5.682473018619825e-01	4.783401e-03
5.682473042396908e-01	4.863933e-03
5.682473078389948e-01	4.702956e-03
5.682473144113757e-01	4.711717e-03
5.682473275561373e-01	4.417942e-03
5.682473538456607e-01	4.137971e-03
5.682474064247075e-01	3.277799e-03
5.682475115828012e-01	3.861178e-03
5.682477218989885e-01	3.722133e-03
5.682481425313631e-01	3.780942e-03
5.682487383353965e-01	3.674163e-03
5.682495183357436e-01	3.757338e-03
5.682508461784366e-01	3.644831e-03
5.682535018638224e-01	3.701516e-03
5.682541657851689e-01	3.645292e-03
5.682542875725075e-01	3.643835e-03
5.682545311471847e-01	3.642864e-03
5.682548443157183e-01	3.643008e-03
5.682551438119425e-01	3.642955e-03
5.682556024757189e-01	3.642984e-03
5.682565198032716e-01	3.642956e-03
5.682583544583770e-01	3.642975e-03
5.682620237685879e-01	3.642942e-03
5.682693623890097e-01	3.642946e-03
5.682840396298533e-01	3.642885e-03
5.683133941115405e-01	3.642832e-03
5.683721030749147e-01	3.642656e-03
5.684895210016632e-01	3.642374e-03
5.687243568551602e-01	3.641741e-03
5.691940285621543e-01	3.640546e-03
5.701333719761424e-01	3.638090e-03
5.720120588041187e-01	3.633264e-03
5.749417463041187e-01	3.625724e-03
5.778714338041187e-01	3.618283e-03
5.808011213041187e-01	3.610849e-03
5.837308088041187e-01	3.603515e-03
5.866604963041187e-01	3.596186e-03
5.895901838041187e-01	3.588957e-03
5.925198713041187e-01	3.581732e-03
5.954495588041187e-01	3.574605e-03
5.983792463041187e-01	3.567483e-03
6.013089338041187e-01	3.560458e-03
6.042386213041187e-01	3.553437e-03
6.071683088041187e-01	3.546512e-03
6.100979963041187e-01	3.539590e-03
6.130276838041187e-01	3.532764e-03
6.159573713041187e-01	3.525940e-03
6.188870588041187e-01	3.519212e-03
6.218167463041187e-01	3.512485e-03
6.247464338041187e-01	3.505852e-03
6.276761213041187e-01	3.499220e-03
6.306058088041187e-01	3.492682e-03
6.335354963041187e-01	3.486145e-03
6.364651838041187e-01	3.479700e-03
6.393948713041187e-01	3.473255e-03
6.423245588041187e-01	3.466902e-03
6.452542463041187e-01	3.460548e-03
6.481839338041187e-01	3.454286e-03
6.511136213041187e-01	3.448022e-03
6.540433088041187e-01	3.441849e-03
6.569729963041187e-01	3.435674e-03
6.599026838041187e-01	3.429590e-03
6.628323713041187e-01	3.423502e-03
6.657620588041187e-01	3.417504e-03
6.686917463041187e-01	3.411503e-03
6.716214338041187e-01	3.405590e-03
6.745511213041187e-01	3.399674e-03
6.774808088041187e-01	3.393846e-03
6.804104963041187e-01	3.388013e-03
6.833401838041187e-01	3.382269e-03
6.862698713041187e-01	3.376519e-03
6.891995588041187e-01	3.370856e-03
6.921292463041187e-01	3.365188e-03
6.950589338041187e-01	3.359606e-03
6.979886213041187e-01	3.354017e-03
7.009183088041187e-01	3.348515e-03
7.038479963041187e-01	3.343006e-03
7.038489963041187e-01	3.343027e-03
7.038649963041187e-01	3.342975e-03
7.038969963041187e-01	3.342937e-03
7.039609963041187e-01	3.342796e-03
7.040889963041187e-01	3.342579e-03
7.043449963041187e-01	3.342080e-03
7.048569963041187e-01	3.341149e-03
7.058809963041187e-01	3.339223e-03
7.079289963041187e-01	3.335452e-03
7.108586838041187e-01	3.330037e-03
7.137883713041187e-01	3.324705e-03
7.167180588041187e-01	3.319367e-03
7.196477463041187e-01	3.314111e-03
7.225774338041187e-01	3.308848e-03
7.255071213041187e-01	3.303667e-03
7.284368088041187e-01	3.298479e-03
7.313664963041187e-01	3.293372e-03
7.313674963041187e-01	3.293348e-03
7.313834963041187e-01	3.293342e-03
7.314154963041187e-01	3.293265e-03
7.314794963041187e-01	3.293175e-03
7.316074963041187e-01	3.292930e-03
7.318634963041187e-01	3.292505e-03
7.323754963041187e-01	3.291592e-03
7.333994963041187e-01	3.289834e-03
7.354474963041187e-01	3.286266e-03
7.383771838041187e-01	3.281246e-03
7.413068713041187e-01	3.276218e-03
7.442365588041187e-01	3.271269e-03
7.471662463041187e-01	3.266313e-03
7.500959338041187e-01	3.261435e-03
7.530256213041187e-01	3.256549e-03
7.559553088041187e-01	3.251740e-03
7.559563088041187e-01	3.251717e-03
7.559723088041187e-01	3.251712e-03
7.560043088041187e-01	3.251638e-03
7.560683088041187e-01	3.251554e-03
7.561963088041187e-01	3.251323e-03
7.564523088041187e-01	3.250924e-03
7.569643088041187e-01	3.250064e-03
7.579883088041187e-01	3.248408e-03
7.600363088041187e-01	3.245048e-03
7.629659963041187e-01	3.240321e-03
7.658956838041187e-01	3.235586e-03
7.688253713041187e-01	3.230927e-03
7.717550588041187e-01	3.226259e-03
7.746847463041187e-01	3.221666e-03
7.776144338041187e-01	3.217064e-03
7.805441213041187e-01	3.212536e-03
7.805451213041187e-01	3.212514e-03
7.805611213041187e-01	3.212510e-03
7.805931213041187e-01	3.212440e-03
7.806571213041187e-01	3.212361e-03
7.807851213041187e-01	3.212143e-03
7.810411213041187e-01	3.211768e-03
7.815531213041187e-01	3.210957e-03
7.825771213041187e-01	3.209399e-03
7.846251213041187e-01	3.206234e-03
7.875548088041187e-01	3.201783e-03
7.904844963041187e-01	3.197324e-03
7.934141838041187e-01	3.192937e-03
7.963438713041187e-01	3.188540e-03
7.992735588041187e-01	3.184216e-03
8.022032463041187e-01	3.179882e-03
8.051329338041187e-01	3.175619e-03
8.051339338041187e-01	3.175598e-03
8.051499338041187e-01	3.175594e-03
8.051819338041187e-01	3.175528e-03
8.052459338041187e-01	3.175454e-03
8.053739338041187e-01	3.175248e-03
8.056299338041187e-01	3.174895e-03
8.061419338041187e-01	3.174131e-03
8.071659338041187e-01	3.172665e-03
8.092139338041187e-01	3.169684e-03
8.121436213041187e-01	3.165493e-03
8.150733088041187e-01	3.161293e-03
8.180029963041187e-01	3.157163e-03
8.209326838041187e-01	3.153022e-03
8.238623713041187e-01	3.148950e-03
8.267920588041187e-01	3.144868e-03
8.297217463041187e-01	3.140855e-03
8.297227463041187e-01	3.140834e-03
8.297387463041187e-01	3.140831e-03
8.297707463041187e-01	3.140768e-03
8.298347463041187e-01	3.140700e-03
8.299627463041187e-01	3.140505e-03
8.302187463041187e-01	3.140173e-03
8.307307463041187e-01	3.139453e-03
8.317547463041187e-01	3.138073e-03
8.338027463041187e-01	3.135265e-03
8.367324338041187e-01	3.131320e-03
8.396621213041187e-01	3.127364e-03
8.425918088041187e-01	3.123475e-03
8.455214963041187e-01	3.119575e-03
8.484511838041187e-01	3.115742e-03
8.513808713041187e-01	3.111897e-03
8.543105588041187e-01	3.108118e-03
8.543115588041187e-01	3.108098e-03
8.543275588041187e-01	3.108096e-03
8.543595588041187e-01	3.108036e-03
8.544235588041187e-01	3.107972e-03
8.545515588041187e-01	3.107788e-03
8.548075588041187e-01	3.107476e-03
8.553195588041187e-01	3.106797e-03
8.563435588041187e-01	3.105498e-03
8.583915588041187e-01	3.102854e-03
8.613212463041187e-01	3.099139e-03
8.642509338041187e-01	3.095413e-03
8.671806213041187e-01	3.091752e-03
8.701103088041187e-01	3.088079e-03
8.730399963041187e-01	3.084470e-03
8.759696838041187e-01	3.080849e-03
8.788993713041187e-01	3.077291e-03
8.789003713041187e-01	3.077271e-03
8.789163713041187e-01	3.077270e-03
8.789483713041187e-01	3.077212e-03
8.790123713041187e-01	3.077153e-03
8.791403713041187e-01	3.076979e-03
8.793963713041187e-01	3.076687e-03
8.799083713041187e-01	3.076046e-03
8.809323713041187e-01	3.074824e-03
8.829803713041187e-01	3.072333e-03
8.859100588041187e-01	3.068835e-03
8.888397463041187e-01	3.065326e-03
8.917694338041187e-01	3.061879e-03
8.946991213041187e-01	3.058420e-03
8.976288088041187e-01	3.055021e-03
9.005584963041187e-01	3.051611e-03
9.034881838041187e-01	3.048261e-03
9.034891838041187e-01	3.048242e-03
9.035051838041187e-01	3.048242e-03
9.035371838041187e-01	3.048187e-03
9.036011838041187e-01	3.048132e-03
9.037291838041187e-01	3.047967e-03
9.039851838041187e-01	3.047692e-03
9.044971838041187e-01	3.047089e-03
9.055211838041187e-01	3.045938e-03
9.075691838041187e-01	3.043592e-03
9.104988713041187e-01	3.040299e-03
9.134285588041187e-01	3.036994e-03
9.163582463041187e-01	3.033748e-03
9.192879338041187e-01	3.030490e-03
9.222176213041187e-01	3.027291e-03
9.251473088041187e-01	3.024078e-03
9.280769963041187e-01	3.020925e-03
9.280779963041187e-01	3.020906e-03
9.280939963041187e-01	3.020907e-03
9.281259963041187e-01	3.020854e-03
9.281899963041187e-01	3.020803e-03
9.283179963041187e-01	3.020647e-03
9.285739963041187e-01	3.020389e-03
9.290859963041187e-01	3.019820e-03
9.301099963041187e-01	3.018737e-03
9.321579963041187e-01	3.016527e-03
9.350876838041187e-01	3.013427e-03
9.380173713041187e-01	3.010314e-03
9.409470588041187e-01	3.007259e-03
9.438767463041187e-01	3.004189e-03
9.468064338041187e-01	3.001177e-03
9.497361213041187e-01	2.998152e-03
9.526658088041187e-01	2.995183e-03
9.526668088041187e-01	2.995164e-03
9.526828088041187e-01	2.995166e-03
9.527148088041187e-01	2.995116e-03
9.527788088041187e-01	2.995068e-03
9.529068088041187e-01	2.994921e-03
9.531628088041187e-01	2.994678e-03
9.536748088041187e-01	2.994142e-03
9.546988088041187e-01	2.993123e-03
9.567468088041187e-01	2.991041e-03
9.596764963041187e-01	2.988122e-03
9.626061838041187e-01	2.985190e-03
9.655358713041187e-01	2.982314e-03
9.684655588041187e-01	2.979423e-03
9.713952463041187e-01	2.976587e-03
9.743249338041187e-01	2.973737e-03
9.772546213041187e-01	2.971010e-03
9.772556213041187e-01	2.970992e-03
9.772716213041187e-01	2.970994e-03
9.773036213041187e-01	2.970947e-03
9.773676213041187e-01	2.970905e-03
9.774956213041187e-01	2.970768e-03
9.777516213041187e-01	2.970546e-03
9.782636213041187e-01	2.970053e-03
9.792876213041187e-01	2.969118e-03
9.813356213041187e-01	2.967204e-03
9.842653088041187e-01	2.964525e-03
9.871949963041187e-01	2.961831e-03
9.901246838041187e-01	2.959190e-03
9.930543713041187e-01	2.956534e-03
9.959840588041187e-01	2.953930e-03
9.989137463041187e-01	2.951312e-03
1.001843433804119e+00	2.948746e-03
1.001844433804119e+00	2.948728e-03
1.001860433804119e+00	2.948731e-03
1.001892433804119e+00	2.948686e-03
1.001956433804118e+00	2.948646e-03
1.002084433804119e+00	2.948517e-03
1.002340433804119e+00	2.948309e-03
1.002852433804118e+00	2.947844e-03
1.003876433804119e+00	2.946964e-03
1.005924433804119e+00	2.945162e-03
1.008854121304119e+00	2.942639e-03
1.011783808804119e+00	2.940102e-03
1.014713496304119e+00	2.937616e-03
1.017643183804119e+00	2.935114e-03
1.018009394741619e+00	2.952202e-03
1.018100947475994e+00	2.959037e-03
1.018284052944744e+00	2.977836e-03
1.018329829311931e+00	2.984460e-03
1.018421382046306e+00	2.998990e-03
1.018444270229900e+00	3.003103e-03
1.018490046597087e+00	3.011651e-03
1.018581599331462e+00	3.030672e-03
1.018584460354412e+00	3.589432e-03
1.018585175610149e+00	3.786472e-03
1.018585354424083e+00	3.836376e-03
1.018585712051952e+00	3.937513e-03
1.018585801458919e+00	3.963302e-03
1.018585980272853e+00	4.015227e-03
1.018586024976337e+00	4.028339e-03
1.018586114383304e+00	2.163512e-02
1.018586265115472e+00	2.853337e-01
1.018586291081460e+00	4.032532e-01
1.018586297572957e+00	4.350738e-01
1.018586310555951e+00	5.037318e-01
1.018586336521939e+00	6.762358e-01
1.018586337333377e+00	6.824694e-01
1.018586338956251e+00	6.950510e-01
1.018586339361969e+00	6.982395e-01
1.018586339463399e+00	6.990376e-01
1.018586339666258e+00	7.006354e-01
1.018586339716973e+00	7.010356e-01
1.018586339818403e+00	7.018363e-01
1.018586339843760e+00	7.020367e-01
1.018586339894475e+00	7.024375e-01
1.018586339907154e+00	7.025378e-01
1.018586339932511e+00	7.027383e-01
1.018586339983226e+00	7.031395e-01
1.018586339984811e+00	7.031521e-01
1.018586339987980e+00	7.031772e-01
1.018586339994320e+00	7.032273e-01
1.018586340006999e+00	7.033277e-01
1.018586340032356e+00	7.035285e-01
1.018586340083071e+00	7.039301e-01
1.018586340184500e+00	7.047341e-01
1.018586340387360e+00	7.063438e-01
1.018586340793078e+00	7.095587e-01
1.018586341604515e+00	7.159209e-01
1.018586343227390e+00	7.283128e-01
1.018586346473138e+00	7.518337e-01
1.018586352964635e+00	7.957739e-01
1.018586365947629e+00	8.792892e-01
1.018586391913617e+00	1.043799e+00
1.018586443845593e+00	1.373049e+00
1.018586547709546e+00	2.031689e+00
1.018586573675534e+00	2.196406e+00
1.018586625607510e+00	2.525851e+00
1.018586729471462e+00	3.184844e+00
1.018586732717211e+00	3.205440e+00
1.018586739208708e+00	3.246633e+00
1.018586740831582e+00	3.256931e+00
1.018586744077331e+00	3.277527e+00
1.018586744888768e+00	3.282676e+00
1.018586746511642e+00	3.292974e+00
1.018586746917361e+00	3.295548e+00
1.018586747018790e+00	3.296192e+00
1.018586747221649e+00	3.297099e+00
1.018586747627368e+00	3.297285e+00
1.018586748438805e+00	3.297167e+00
1.018586750061679e+00	3.297298e+00
1.018586753307428e+00	3.297241e+00
1.018586759798925e+00	3.297425e+00
1.018586772781919e+00	3.297504e+00
1.018586798747907e+00	3.297945e+00
1.018586850679883e+00	3.298542e+00
1.018586954543836e+00	3.298326e+00
1.018587162271740e+00	3.298280e+00
1.018587577727549e+00	3.298403e+00
1.018588408639168e+00	3.298329e+00
1.018589612479619e+00	3.298434e+00
1.018591978349552e+00	3.298375e+00
1.018592569817035e+00	3.298427e+00
1.018593752752001e+00	3.298442e+00
1.018594048485742e+00	3.298446e+00
1.018594639953225e+00	3.298454e+00
1.018594726205075e+00	3.298455e+00
1.018594898708774e+00	3.298455e+00
1.018595113552982e+00	3.298455e+00
1.018595318027157e+00	3.298455e+00
1.018595649517842e+00	3.298455e+00
1.018596312499212e+00	3.298455e+00
1.018597638461951e+00	3.298455e+00
1.018600290387429e+00	3.298455e+00
1.018605594238384e+00	3.298455e+00
1.018616201940296e+00	3.298455e+00
1.018637417344120e+00	3.298455e+00
1.018679848151767e+00	3.298456e+00
1.018764709767062e+00	3.298456e+00
1.018934432997650e+00	3.298456e+00
1.019273879458828e+00	3.298457e+00
1.019952772381184e+00	3.298459e+00
1.021310558225894e+00	3.298463e+00
1.024026129915316e+00	3.298470e+00
1.026955817415316e+00	3.298477e+00
1.029885504915316e+00	3.298485e+00
1.032815192415316e+00	3.298492e+00
1.035744879915316e+00	3.298499e+00
1.038674567415316e+00	3.298507e+00
1.041604254915316e+00	3.298514e+00
1.044533942415316e+00	3.298521e+00
1.047463629915316e+00	3.298528e+00
1.050393317415316e+00	3.298535e+00
1.053323004915316e+00	3.298542e+00
1.056252692415316e+00	3.298549e+00
1.059182379915316e+00	3.298556e+00
1.062112067415316e+00	3.298563e+00
1.065041754915316e+00	3.298570e+00
1.067971442415316e+00	3.298577e+00
1.070901129915316e+00	3.298584e+00
1.073830817415316e+00	3.298590e+00
1.076760504915316e+00	3.298597e+00
1.079690192415316e+00	3.298604e+00
1.082619879915316e+00	3.298610e+00
1.085549567415316e+00	3.298617e+00
1.088479254915316e+00	3.298623e+00
1.091408942415316e+00	3.298630e+00
1.094338629915316e+00	3.298636e+00
1.097268317415316e+00	3.298642e+00
1.100198004915316e+00	3.298649e+00
1.103127692415316e+00	3.298655e+00
1.106057379915316e+00	3.298661e+00
1.108987067415316e+00	3.298667e+00
1.111916754915316e+00	3.298673e+00
1.114846442415316e+00	3.298680e+00
1.117776129915316e+00	3.298686e+00
1.120705817415316e+00	3.298692e+00
1.123635504915316e+00	3.298697e+00
1.126565192415316e+00	3.298703e+00
1.129494879915316e+00	3.298709e+00
1.132424567415316e+00	3.298715e+00
1.135354254915316e+00	3.298721e+00
1.138283942415316e+00	3.298727e+00
1.141213629915316e+00	3.298732e+00
1.144143317415316e+00	3.298738e+00
1.147073004915316e+00	3.298743e+00
1.150002692415316e+00	3.298749e+00
1.152932379915316e+00	3.298755e+00
1.155862067415316e+00	3.298760e+00
1.158791754915316e+00	3.298766e+00
1.161721442415316e+00	3.298771e+00
1.164651129915316e+00	3.298776e+00
1.167580817415316e+00	3.298782e+00
1.170510504915316e+00	3.298787e+00
1.170511504915316e+00	3.298787e+00
1.170527504915316e+00	3.298787e+00
1.170559504915316e+00	3.298787e+00
1.170623504915316e+00	3.298787e+00
1.170751504915316e+00	3.298787e+00
1.171007504915316e+00	3.298788e+00
1.171519504915316e+00	3.298789e+00
1.172543504915316e+00	3.298791e+00
1.174591504915316e+00	3.298794e+00
1.177521192415316e+00	3.298800e+00
1.180450879915316e+00	3.298805e+00
1.183380567415316e+00	3.298810e+00
1.186310254915316e+00	3.298815e+00
1.189239942415316e+00	3.298820e+00
1.192169629915316e+00	3.298825e+00
1.195099317415316e+00	3.298830e+00
1.195100317415316e+00	3.298830e+00
1.195116317415316e+00	3.298830e+00
1.195148317415316e+00	3.298830e+00
1.195212317415316e+00	3.298830e+00
1.195340317415316e+00	3.298830e+00
1.195596317415316e+00	3.298831e+00
1.196108317415316e+00	3.298832e+00
1.197132317415316e+00	3.298833e+00
1.199180317415316e+00	3.298837e+00
1.202110004915316e+00	3.298842e+00
1.205039692415316e+00	3.298847e+00
1.207969379915316e+00	3.298851e+00
1.210899067415316e+00	3.298856e+00
1.213828754915316e+00	3.298861e+00
1.216758442415316e+00	3.298866e+00
1.219688129915316e+00	3.298871e+00
1.219689129915316e+00	3.298871e+00
1.219705129915316e+00	3.298871e+00
1.219737129915316e+00	3.298871e+00
1.219801129915316e+00	3.298871e+00
1.219929129915316e+00	3.298871e+00
1.220185129915316e+00	3.298871e+00
1.220697129915316e+00	3.298872e+00
1.221721129915316e+00	3.298874e+00
1.223769129915316e+00	3.298877e+00
1.226698817415316e+00	3.298882e+00
1.229628504915316e+00	3.298886e+00
1.232558192415316e+00	3.298891e+00
1.235487879915316e+00	3.298895e+00
1.238417567415316e+00	3.298900e+00
1.241347254915316e+00	3.298904e+00
1.244276942415316e+00	3.298909e+00
1.244277942415316e+00	3.298908e+00
1.244293942415316e+00	3.298909e+00
1.244325942415316e+00	3.298909e+00
1.244389942415316e+00	3.298909e+00
1.244517942415316e+00	3.298909e+00
1.244773942415316e+00	3.298909e+00
1.245285942415316e+00	3.298910e+00
1.246309942415316e+00	3.298912e+00
1.248357942415316e+00	3.298915e+00
1.251287629915316e+00	3.298919e+00
1.254217317415316e+00	3.298923e+00
1.257147004915316e+00	3.298928e+00
1.260076692415316e+00	3.298932e+00
1.263006379915316e+00	3.298936e+00
1.265936067415316e+00	3.298940e+00
1.268865754915316e+00	3.298944e+00
1.268866754915316e+00	3.298944e+00
1.268882754915316e+00	3.298944e+00
1.268914754915316e+00	3.298944e+00
1.268978754915316e+00	3.298945e+00
1.269106754915316e+00	3.298945e+00
1.269362754915316e+00	3.298945e+00
1.269874754915316e+00	3.298946e+00
1.270898754915316e+00	3.298947e+00
1.272946754915316e+00	3.298950e+00
1.275876442415316e+00	3.298954e+00
1.278806129915316e+00	3.298958e+00
1.281735817415316e+00	3.298962e+00
1.284665504915316e+00	3.298966e+00
1.287595192415316e+00	3.298970e+00
1.290524879915316e+00	3.298974e+00
1.293454567415316e+00	3.298978e+00
1.293455567415316e+00	3.298978e+00
1.293471567415316e+00	3.298978e+00
1.293503567415316e+00	3.298978e+00
1.293567567415316e+00	3.298979e+00
1.293695567415316e+00	3.298979e+00
1.293951567415316e+00	3.298979e+00
1.294463567415316e+00	3.298980e+00
1.295487567415316e+00	3.298981e+00
1.297535567415316e+00	3.298984e+00
1.300465254915316e+00	3.298988e+00
1.303394942415316e+00	3.298991e+00
1.306324629915316e+00	3.298995e+00
1.309254317415316e+00	3.298999e+00
1.312184004915316e+00	3.299003e+00
1.315113692415316e+00	3.299006e+00
1.318043379915316e+00	3.299010e+00
1.318044379915316e+00	3.299010e+00
1.318060379915316e+00	3.299010e+00
1.318092379915316e+00	3.299010e+00
1.318156379915316e+00	3.299010e+00
1.318284379915316e+00	3.299011e+00
1.318540379915316e+00	3.299011e+00
1.319052379915316e+00	3.299011e+00
1.320076379915316e+00	3.299013e+00
1.322124379915316e+00	3.299015e+00
1.325054067415316e+00	3.299019e+00
1.327983754915316e+00	3.299022e+00
1.330913442415316e+00	3.299026e+00
1.333843129915316e+00	3.299030e+00
1.336772817415316e+00	3.299033e+00
1.339702504915316e+00	3.299037e+00
1.342632192415316e+00	3.299040e+00
1.342633192415316e+00	3.299040e+00
1.342649192415316e+00	3.299040e+00
1.342681192415316e+00	3.299040e+00
1.342745192415316e+00	3.299040e+00
1.342873192415316e+00	3.299040e+00
1.343129192415316e+00	3.299041e+00
1.343641192415316e+00	3.299041e+00
1.344665192415316e+00	3.299042e+00
1.346713192415316e+00	3.299045e+00
1.349642879915316e+00	3.299048e+00
1.352572567415316e+00	3.299052e+00
1.355502254915316e+00	3.299055e+00
1.358431942415316e+00	3.299058e+00
1.361361629915316e+00	3.299062e+00
1.364291317415316e+00	3.299065e+00
1.367221004915316e+00	3.299068e+00
1.367222004915316e+00	3.299068e+00
1.367238004915316e+00	3.299068e+00
1.367270004915316e+00	3.299068e+00
1.367334004915316e+00	3.299068e+00
1.367462004915316e+00	3.299069e+00
1.367718004915316e+00	3.299069e+00
1.368230004915316e+00	3.299069e+00
1.369254004915316e+00	3.299071e+00
1.371302004915316e+00	3.299073e+00
1.374231692415316e+00	3.299076e+00
1.377161379915316e+00	3.299079e+00
1.380091067415316e+00	3.299083e+00
1.383020754915316e+00	3.299086e+00
1.385950442415316e+00	3.299089e+00
1.388880129915316e+00	3.299092e+00
1.391809817415316e+00	3.299095e+00
1.391810817415316e+00	3.299095e+00
1.391826817415316e+00	3.299095e+00
1.391858817415316e+00	3.299095e+00
1.391922817415316e+00	3.299095e+00
1.392050817415316e+00	3.299095e+00
1.392306817415316e+00	3.299095e+00
1.392818817415316e+00	3.299096e+00
1.393842817415316e+00	3.299097e+00
1.395890817415316e+00	3.299099e+00
1.398820504915316e+00	3.299102e+00
1.401750192415316e+00	3.299105e+00
1.404679879915316e+00	3.299108e+00
1.407609567415316e+00	3.299111e+00
1.410539254915316e+00	3.299114e+00
1.413468942415316e+00	3.299117e+00
1.416398629915316e+00	3.299120e+00
1.416399629915316e+00	3.299120e+00
1.416415629915316e+00	3.299120e+00
1.416447629915316e+00	3.299120e+00
1.416511629915316e+00	3.299120e+00
1.416639629915316e+00	3.299120e+00
1.416895629915316e+00	3.299120e+00
1.417407629915316e+00	3.299121e+00
1.418431629915316e+00	3.299122e+00
1.420479629915316e+00	3.299124e+00
1.423409317415316e+00	3.299127e+00
1.426339004915316e+00	3.299130e+00
1.429268692415316e+00	3.299133e+00
1.432198379915316e+00	3.299135e+00
1.435128067415316e+00	3.299138e+00
1.438057754915316e+00	3.299141e+00
1.440987442415316e+00	3.299143e+00
1.443917129915316e+00	3.299146e+00
1.443918129915316e+00	3.299146e+00
1.443934129915316e+00	3.299146e+00
1.443966129915316e+00	3.299146e+00
1.444030129915316e+00	3.299146e+00
1.444158129915316e+00	3.299146e+00
1.444414129915316e+00	3.299146e+00
1.444926129915316e+00	3.299147e+00
1.445950129915316e+00	3.299148e+00
1.447998129915316e+00	3.299150e+00
1.450927817415316e+00	3.299152e+00
1.453857504915316e+00	3.299155e+00
1.456787192415316e+00	3.299157e+00
1.459716879915316e+00	3.299160e+00
1.462646567415316e+00	3.299162e+00
1.465576254915316e+00	3.299165e+00
1.465942465852816e+00	3.299165e+00
1.466674887727816e+00	3.299166e+00
1.468139731477816e+00	3.299167e+00
1.468382342822460e+00	3.299155e+00
1.468867565511749e+00	3.299095e+00
1.468928896528083e+00	3.299082e+00
1.468944229282166e+00	3.299079e+00
1.468974894790333e+00	3.299072e+00
1.468982561167375e+00	3.299070e+00
1.468997893921459e+00	3.298827e+00
1.468998373070024e+00	3.298701e+00
1.468999331367154e+00	3.298441e+00
1.468999570941436e+00	3.298373e+00
1.469000050090002e+00	3.298234e+00
1.469000169877143e+00	3.298198e+00
1.469000409451425e+00	3.298126e+00
1.469000469344996e+00	3.298108e+00
1.469000589132137e+00	3.298071e+00
1.469000619078923e+00	3.294955e+00
1.469000678972493e+00	3.281916e+00
1.469000798759635e+00	3.188215e+00
1.469000824065561e+00	3.142582e+00
1.469000874677413e+00	3.014858e+00
1.469000887330376e+00	2.967024e+00
1.469000912636303e+00	2.855479e+00
1.469000918962784e+00	2.821184e+00
1.469000920544405e+00	2.812455e+00
1.469000923707645e+00	2.794681e+00
1.469000930034127e+00	2.757167e+00
1.469000942687090e+00	2.673531e+00
1.469000945850331e+00	2.650312e+00
1.469000952176812e+00	2.602166e+00
1.469000953758433e+00	2.589477e+00
1.469000956921674e+00	2.563642e+00
1.469000957712484e+00	2.557010e+00
1.469000959294104e+00	2.543628e+00
1.469000959689509e+00	2.540237e+00
1.469000959788361e+00	2.539389e+00
1.469000959986063e+00	2.537690e+00
1.469000959992241e+00	2.537637e+00
1.469000960004598e+00	2.537530e+00
1.469000960029311e+00	2.537318e+00
1.469000960078736e+00	2.536892e+00
1.469000960177588e+00	2.536040e+00
1.469000960375290e+00	2.534335e+00
1.469000960770695e+00	2.530926e+00
1.469000961561505e+00	2.524172e+00
1.469000963143126e+00	2.511007e+00
1.469000966306367e+00	2.485993e+00
1.469000972632848e+00	2.439282e+00
1.469000985285811e+00	2.350633e+00
1.469001010591737e+00	2.176230e+00
1.469001061203590e+00	1.827223e+00
1.469001162427295e+00	1.129046e+00
1.469001187733221e+00	9.544438e-01
1.469001238345074e+00	6.052269e-01
1.469001250998037e+00	5.179152e-01
1.469001276303963e+00	3.432864e-01
1.469001282630445e+00	2.996272e-01
1.469001295283408e+00	2.123080e-01
1.469001320589334e+00	3.766328e-02
1.469001321380144e+00	3.220550e-02
1.469001322961765e+00	2.128992e-02
1.469001323357170e+00	1.856102e-02
1.469001324147980e+00	1.310322e-02
1.469001324345683e+00	1.173876e-02
1.469001324741088e+00	9.009856e-03
1.469001325531898e+00	5.020600e-03
1.469001327086629e+00	4.749856e-03
1.469001328319495e+00	4.950991e-03
1.469001329654107e+00	4.739936e-03
1.469001332323330e+00	4.874692e-03
1.469001336314653e+00	4.651920e-03
1.469001344092063e+00	4.697917e-03
1.469001359646883e+00	4.315055e-03
1.469001390756524e+00	4.019500e-03
1.469001452975805e+00	2.967975e-03
1.469001577414367e+00	3.875633e-03
1.469001826291491e+00	3.686466e-03
1.469002324045739e+00	3.800962e-03
1.469002924639078e+00	3.646694e-03
1.469003828234688e+00	3.778754e-03
1.469005368482287e+00	3.612533e-03
1.469008448977487e+00	3.716185e-03
1.469014609967886e+00	3.569834e-03
1.469020469600923e+00	3.716043e-03
1.469027343645371e+00	3.569900e-03
1.469038865334898e+00	3.715926e-03
1.469055479713583e+00	3.569869e-03
1.469085942390157e+00	3.715778e-03
1.469142492460909e+00	3.569656e-03
1.469236060980548e+00	3.715380e-03
1.469412293136074e+00	3.568960e-03
1.469716503259099e+00	3.714130e-03
1.470262456210718e+00	3.566756e-03
1.471240580507648e+00	3.710183e-03
1.472966019192454e+00	3.559775e-03
1.475895706692454e+00	3.698218e-03
1.478825394192454e+00	3.544801e-03
1.481755081692454e+00	3.683351e-03
1.484684769192454e+00	3.530040e-03
1.484685769192454e+00	3.675766e-03
1.484701769192454e+00	3.530237e-03
1.484702769192454e+00	3.675557e-03
1.484718769192454e+00	3.530357e-03
1.484719769192454e+00	3.675401e-03
1.484735769192454e+00	3.530425e-03
1.484736769192454e+00	3.675280e-03
1.484752769192454e+00	3.530460e-03
1.484782144195281e+00	3.675160e-03
1.484818225604174e+00	3.530300e-03
1.484890388421961e+00	3.674887e-03
1.485034714057536e+00	3.529760e-03
1.485323365328684e+00	3.673805e-03
1.485900667870981e+00	3.527599e-03
1.487055272955576e+00	3.669489e-03
1.489364483124765e+00	3.518997e-03
1.492294170624765e+00	3.656544e-03
1.495223858124765e+00	3.504611e-03
1.498153545624765e+00	3.642260e-03
1.501083233124765e+00	3.490430e-03
1.504012920624765e+00	3.628180e-03
1.506942608124765e+00	3.476450e-03
1.509872295624765e+00	3.614300e-03
1.512801983124765e+00	3.462669e-03
1.515731670624765e+00	3.600617e-03
1.518661358124765e+00	3.449084e-03
1.521591045624765e+00	3.587129e-03
1.524520733124765e+00	3.435692e-03
1.527450420624765e+00	3.573833e-03
1.530380108124765e+00	3.422491e-03
1.533309795624765e+00	3.560725e-03
1.536239483124765e+00	3.409477e-03
1.539169170624765e+00	3.547804e-03
1.542098858124765e+00	3.396648e-03
1.545028545624765e+00	3.535067e-03
1.547958233124765e+00	3.384002e-03
1.550887920624765e+00	3.522511e-03
1.553817608124765e+00	3.371536e-03
1.556747295624765e+00	3.510133e-03
1.559676983124765e+00	3.359246e-03
1.562606670624765e+00	3.497931e-03
1.565536358124765e+00	3.347132e-03
1.568466045624765e+00	3.485903e-03
1.571395733124765e+00	3.335189e-03
1.574325420624765e+00	3.474046e-03
1.577255108124765e+00	3.323417e-03
1.580184795624765e+00	3.462357e-03
1.583114483124765e+00	3.311811e-03
1.586044170624765e+00	3.450835e-03
1.588973858124765e+00	3.300371e-03
1.591903545624765e+00	3.439476e-03
1.594833233124765e+00	3.289094e-03
1.597762920624765e+00	3.428279e-03
1.600692608124765e+00	3.277977e-03
1.603622295624765e+00	3.417241e-03
1.606551983124765e+00	3.267018e-03
1.609481670624765e+00	3.406360e-03
1.612411358124765e+00	3.256214e-03
1.615341045624765e+00	3.395634e-03
1.618270733124765e+00	3.245565e-03
1.621200420624765e+00	3.385060e-03
1.624130108124765e+00	3.235066e-03
1.627059795624765e+00	3.374637e-03
1.629989483124765e+00	3.224717e-03
1.632919170624765e+00	3.364361e-03
1.635848858124765e+00	3.214515e-03
1.638778545624765e+00	3.354232e-03
1.641708233124765e+00	3.204459e-03
1.644637920624765e+00	3.344247e-03
1.647567608124765e+00	3.194545e-03
1.650497295624765e+00	3.334404e-03
1.653426983124765e+00	3.184772e-03
1.656356670624765e+00	3.324701e-03
1.659286358124765e+00	3.175138e-03
1.662216045624765e+00	3.315135e-03
1.665145733124765e+00	3.165641e-03
1.668075420624765e+00	3.305706e-03
1.671005108124765e+00	3.156279e-03
1.673934795624765e+00	3.296411e-03
1.676864483124765e+00	3.147050e-03
1.679794170624765e+00	3.287247e-03
1.682723858124765e+00	3.137952e-03
1.685653545624765e+00	3.278215e-03
1.688583233124765e+00	3.128984e-03
1.691512920624765e+00	3.269310e-03
1.694442608124765e+00	3.120143e-03
1.697372295624765e+00	3.260532e-03
1.700301983124765e+00	3.111428e-03
1.703231670624765e+00	3.251879e-03
1.706161358124765e+00	3.102837e-03
1.709091045624765e+00	3.243349e-03
1.712020733124765e+00	3.094368e-03
1.714950420624765e+00	3.234941e-03
1.717880108124765e+00	3.086019e-03
1.720809795624765e+00	3.226652e-03
1.723739483124765e+00	3.077789e-03
1.726669170624765e+00	3.218480e-03
1.729598858124765e+00	3.069676e-03
1.732528545624765e+00	3.210425e-03
1.735458233124765e+00	3.061679e-03
1.738387920624765e+00	3.202485e-03
1.741317608124765e+00	3.053795e-03
1.744247295624765e+00	3.194657e-03
1.747176983124765e+00	3.046023e-03
1.750106670624765e+00	3.186941e-03
1.753036358124765e+00	3.038362e-03
1.755966045624765e+00	3.179334e-03
1.758895733124765e+00	3.030810e-03
1.761825420624765e+00	3.171835e-03
1.764755108124765e+00	3.023365e-03
1.767684795624765e+00	3.164443e-03
1.770614483124765e+00	3.016026e-03
1.773544170624765e+00	3.157157e-03
1.776473858124765e+00	3.008791e-03
1.779403545624765e+00	3.149973e-03
1.782333233124765e+00	3.001659e-03
1.785262920624765e+00	3.142892e-03
1.788192608124765e+00	2.994628e-03
1.791122295624765e+00	3.135912e-03
1.794051983124765e+00	2.987698e-03
1.796981670624765e+00	3.129031e-03
1.799911358124765e+00	2.980866e-03
1.802841045624765e+00	3.122247e-03
1.805770733124765e+00	2.974131e-03
1.808700420624765e+00	3.115560e-03
1.811630108124765e+00	2.967492e-03
1.814559795624765e+00	3.108968e-03
1.817489483124765e+00	2.960947e-03
1.820419170624765e+00	3.102470e-03
1.823348858124765e+00	2.954495e-03
1.826278545624765e+00	3.096065e-03
1.829208233124765e+00	2.948136e-03
1.832137920624765e+00	3.089750e-03
1.835067608124765e+00	2.941866e-03
1.837997295624765e+00	3.083525e-03
1.840926983124765e+00	2.935686e-03
1.843856670624765e+00	3.077389e-03
1.846786358124765e+00	2.929593e-03
1.849716045624765e+00	3.071340e-03
1.852645733124765e+00	2.923587e-03
1.855575420624765e+00	3.065377e-03
1.858505108124765e+00	2.917667e-03
1.861434795624765e+00	3.059498e-03
1.864364483124765e+00	2.911830e-03
1.867294170624765e+00	3.053703e-03
1.870223858124765e+00	2.906077e-03
1.873153545624765e+00	3.047991e-03
1.876083233124765e+00	2.900428e-03
1.879012920624765e+00	3.042451e-03
1.881942608124765e+00	2.894975e-03
1.884872295624765e+00	3.037036e-03
1.887801983124765e+00	2.889599e-03
1.890731670624765e+00	3.031699e-03
1.893661358124765e+00	2.884300e-03
1.896591045624765e+00	3.026438e-03
1.899520733124765e+00	2.879076e-03
1.902450420624765e+00	3.021251e-03
1.905380108124765e+00	2.873927e-03
1.908309795624765e+00	3.016139e-03
1.911239483124765e+00	2.868851e-03
1.911605694062265e+00	2.940916e-03
1.912338115937265e+00	2.940287e-03
1.913802959687265e+00	2.939032e-03
1.916732647187265e+00	2.936537e-03
1.917098858124765e+00	2.936227e-03
1.917831279999765e+00	2.935606e-03
1.918014385468515e+00	2.935451e-03
1.918380596406015e+00	2.935142e-03
1.919113018281015e+00	2.990407e-03
1.919210254105404e+00	3.008058e-03
1.919234563061501e+00	3.012652e-03
1.919283180973696e+00	3.022200e-03
1.919295335451745e+00	3.024723e-03
1.919319644407842e+00	3.029860e-03
1.919325721646866e+00	3.567720e-03
1.919327240956622e+00	4.002498e-03
1.919327288435052e+00	4.016130e-03
1.919327383391912e+00	1.407526e-02
1.919327407131127e+00	2.074010e-02
1.919327454609557e+00	3.826193e-02
1.919327549566417e+00	1.296520e-01
1.919327567543220e+00	1.627117e-01
1.919327603496826e+00	2.455796e-01
1.919327612485227e+00	2.732860e-01
1.919327630462030e+00	3.349334e-01
1.919327666415636e+00	5.051069e-01
1.919327675404038e+00	5.619999e-01
1.919327693380841e+00	6.885527e-01
1.919327693942616e+00	6.929340e-01
1.919327695066166e+00	7.017522e-01
1.919327695101277e+00	7.020296e-01
1.919327695171499e+00	7.025846e-01
1.919327695189054e+00	7.027235e-01
1.919327695224165e+00	7.030012e-01
1.919327695232943e+00	7.030707e-01
1.919327695235137e+00	7.030880e-01
1.919327695239526e+00	7.031228e-01
1.919327695248304e+00	7.031922e-01
1.919327695265859e+00	7.033312e-01
1.919327695300970e+00	7.036092e-01
1.919327695371192e+00	7.041655e-01
1.919327695511636e+00	7.052791e-01
1.919327695792524e+00	7.075080e-01
1.919327696354299e+00	7.119446e-01
1.919327697477849e+00	7.206694e-01
1.919327699724949e+00	7.374725e-01
1.919327704219150e+00	7.690237e-01
1.919327713207551e+00	8.281829e-01
1.919327731184354e+00	9.425538e-01
1.919327767137960e+00	1.170343e+00
1.919327776126362e+00	1.227347e+00
1.919327794103165e+00	1.341335e+00
1.919327830056771e+00	1.569299e+00
1.919327901963983e+00	2.025334e+00
1.919328045778407e+00	2.937678e+00
1.919328081732013e+00	3.165819e+00
1.919328090720415e+00	3.222855e+00
1.919328092967515e+00	3.237114e+00
1.919328097461716e+00	3.265632e+00
1.919328098585266e+00	3.272762e+00
1.919328100832366e+00	3.287021e+00
1.919328101394141e+00	3.290586e+00
1.919328102517692e+00	3.297000e+00
1.919328104764792e+00	3.297432e+00
1.919328109258993e+00	3.297113e+00
1.919328118247394e+00	3.297602e+00
1.919328136224197e+00	3.297480e+00
1.919328172177803e+00	3.298320e+00
1.919328244085015e+00	3.298914e+00
1.919328387899439e+00	3.298473e+00
1.919328675528287e+00	3.298171e+00
1.919329250785983e+00	3.298539e+00
1.919330278433461e+00	3.298208e+00
1.919331821872057e+00	3.298572e+00
1.919334908749248e+00	3.298268e+00
1.919335680468546e+00	3.298450e+00
1.919335873398371e+00	3.298452e+00
1.919336259258019e+00	3.298455e+00
1.919336850860125e+00	3.298456e+00
1.919337415512762e+00	3.298455e+00
1.919338390844869e+00	3.298455e+00
1.919339318721566e+00	3.298455e+00
1.919340936743259e+00	3.298455e+00
1.919344031485504e+00	3.298455e+00
1.919350220969994e+00	3.298455e+00
1.919362599938976e+00	3.298455e+00
1.919387357876938e+00	3.298456e+00
1.919436873752863e+00	3.298456e+00
1.919535905504713e+00	3.298456e+00
1.919733969008412e+00	3.298456e+00
1.920130096015811e+00	3.298458e+00
1.920922350030609e+00	3.298460e+00
1.922506858060204e+00	3.298464e+00
1.925436545560204e+00	3.298471e+00
1.928366233060204e+00	3.298479e+00
1.931295920560204e+00	3.298486e+00
1.934225608060204e+00	3.298494e+00
1.937155295560204e+00	3.298501e+00
1.940084983060204e+00	3.298508e+00
1.943014670560204e+00	3.298516e+00
1.945944358060204e+00	3.298523e+00
1.948874045560204e+00	3.298530e+00
1.951803733060204e+00	3.298537e+00
1.954733420560204e+00	3.298544e+00
1.957663108060204e+00	3.298551e+00
1.960592795560204e+00	3.298558e+00
1.963522483060204e+00	3.298565e+00
1.966452170560204e+00	3.298572e+00
1.969381858060204e+00	3.298579e+00
1.972311545560204e+00	3.298585e+00
1.975241233060204e+00	3.298592e+00
1.978170920560204e+00	3.298599e+00
1.981100608060204e+00	3.298605e+00
1.984030295560204e+00	3.298612e+00
1.986959983060204e+00	3.298618e+00
1.989889670560204e+00	3.298625e+00
1.992819358060204e+00	3.298631e+00
1.995749045560204e+00	3.298638e+00
1.998678733060204e+00	3.298644e+00
2.001608420560204e+00	3.298650e+00
2.004538108060204e+00	3.298656e+00
2.007467795560204e+00	3.298663e+00
2.010397483060204e+00	3.298669e+00
2.013327170560204e+00	3.298675e+00
2.016256858060204e+00	3.298681e+00
2.019186545560204e+00	3.298687e+00
2.022116233060204e+00	3.298693e+00
2.025045920560204e+00	3.298699e+00
2.027975608060204e+00	3.298705e+00
2.030905295560204e+00	3.298711e+00
2.033834983060204e+00	3.298716e+00
2.036764670560204e+00	3.298722e+00
2.039694358060204e+00	3.298728e+00
2.042624045560204e+00	3.298733e+00
2.045553733060204e+00	3.298739e+00
2.048483420560204e+00	3.298745e+00
2.051413108060204e+00	3.298750e+00
2.054342795560204e+00	3.298756e+00
2.057272483060204e+00	3.298761e+00
2.060202170560204e+00	3.298767e+00
2.063131858060204e+00	3.298772e+00
2.066061545560204e+00	3.298778e+00
2.068991233060204e+00	3.298783e+00
2.071920920560204e+00	3.298788e+00
2.074850608060204e+00	3.298794e+00
2.077780295560204e+00	3.298799e+00
2.080709983060204e+00	3.298804e+00
2.083639670560204e+00	3.298809e+00
2.086569358060204e+00	3.298814e+00
2.089499045560204e+00	3.298819e+00
2.092428733060204e+00	3.298824e+00
2.095358420560204e+00	3.298829e+00
2.098288108060204e+00	3.298834e+00
2.101217795560204e+00	3.298839e+00
2.104147483060204e+00	3.298844e+00
2.107077170560204e+00	3.298849e+00
2.110006858060204e+00	3.298854e+00
2.112936545560204e+00	3.298858e+00
2.115866233060204e+00	3.298863e+00
2.118795920560204e+00	3.298868e+00
2.121725608060204e+00	3.298872e+00
2.124655295560204e+00	3.298877e+00
2.127584983060204e+00	3.298882e+00
2.130514670560204e+00	3.298886e+00
2.133444358060204e+00	3.298891e+00
2.136374045560204e+00	3.298895e+00
2.139303733060204e+00	3.298900e+00
2.142233420560204e+00	3.298904e+00
2.145163108060204e+00	3.298909e+00
2.148092795560204e+00	3.298913e+00
2.151022483060204e+00	3.298918e+00
2.153952170560204e+00	3.298922e+00
2.156881858060204e+00	3.298926e+00
2.159811545560204e+00	3.298930e+00
2.162741233060204e+00	3.298935e+00
2.165670920560204e+00	3.298939e+00
2.168600608060204e+00	3.298943e+00
2.171530295560204e+00	3.298947e+00
2.174459983060204e+00	3.298951e+00
2.177389670560204e+00	3.298955e+00
2.180319358060204e+00	3.298959e+00
2.183249045560204e+00	3.298964e+00
2.186178733060204e+00	3.298968e+00
2.189108420560204e+00	3.298971e+00
2.192038108060204e+00	3.298975e+00
2.194967795560204e+00	3.298979e+00
2.197897483060204e+00	3.298983e+00
2.200827170560204e+00	3.298987e+00
2.203756858060204e+00	3.298991e+00
2.206686545560204e+00	3.298995e+00
2.209616233060204e+00	3.298999e+00
2.212545920560204e+00	3.299002e+00
2.215475608060204e+00	3.299006e+00
2.218405295560204e+00	3.299010e+00
2.221334983060204e+00	3.299013e+00
2.224264670560204e+00	3.299017e+00
2.227194358060204e+00	3.299021e+00
2.230124045560204e+00	3.299024e+00
2.233053733060204e+00	3.299028e+00
2.235983420560204e+00	3.299031e+00
2.238913108060204e+00	3.299035e+00
2.241842795560204e+00	3.299038e+00
2.244772483060204e+00	3.299042e+00
2.247702170560204e+00	3.299045e+00
2.250631858060204e+00	3.299049e+00
2.253561545560204e+00	3.299052e+00
2.256491233060204e+00	3.299055e+00
2.259420920560204e+00	3.299059e+00
2.262350608060204e+00	3.299062e+00
2.265280295560204e+00	3.299065e+00
2.268209983060204e+00	3.299069e+00
2.271139670560204e+00	3.299072e+00
2.274069358060204e+00	3.299075e+00
2.276999045560204e+00	3.299078e+00
2.279928733060204e+00	3.299082e+00
2.282858420560204e+00	3.299085e+00
2.285788108060204e+00	3.299088e+00
2.288717795560204e+00	3.299091e+00
2.291647483060204e+00	3.299094e+00
2.294577170560204e+00	3.299097e+00
2.297506858060204e+00	3.299100e+00
2.300436545560204e+00	3.299103e+00
2.303366233060204e+00	3.299106e+00
2.306295920560204e+00	3.299109e+00
2.309225608060204e+00	3.299112e+00
2.312155295560204e+00	3.299115e+00
2.315084983060204e+00	3.299118e+00
2.318014670560204e+00	3.299121e+00
2.320944358060204e+00	3.299124e+00
2.323874045560204e+00	3.299127e+00
2.326803733060204e+00	3.299129e+00
2.329733420560204e+00	3.299132e+00
2.332663108060204e+00	3.299135e+00
2.335592795560204e+00	3.299138e+00
2.338522483060204e+00	3.299140e+00
2.341452170560204e+00	3.299143e+00
2.344381858060204e+00	3.299146e+00
2.347311545560204e+00	3.299148e+00
2.350241233060204e+00	3.299151e+00
2.353170920560204e+00	3.299154e+00
2.356100608060204e+00	3.299156e+00
2.359030295560204e+00	3.299159e+00
2.361959983060204e+00	3.299161e+00
2.364889670560204e+00	3.299164e+00
2.367819358060204e+00	3.299166e+00
2.368185568997704e+00	3.299166e+00
2.368917990872704e+00	3.299167e+00
2.369101096341454e+00	3.299159e+00
2.369467307278954e+00	3.299122e+00
2.369558860013329e+00	3.299105e+00
2.369741965482079e+00	3.299067e+00
2.369742680737816e+00	3.299066e+00
2.369744111249291e+00	3.298697e+00
2.369744468877160e+00	3.298599e+00
2.369745184132897e+00	3.298400e+00
2.369745362946831e+00	3.298348e+00
2.369745720574700e+00	3.298243e+00
2.369745809981667e+00	3.298216e+00
2.369745988795601e+00	3.298162e+00
2.369746033499085e+00	3.298148e+00
2.369746122906052e+00	3.298121e+00
2.369746145257794e+00	3.298114e+00
2.369746189961278e+00	3.298100e+00
2.369746279368245e+00	3.298073e+00
2.369746301719986e+00	3.297321e+00
2.369746346423470e+00	3.289577e+00
2.369746435830437e+00	3.256609e+00
2.369746458182179e+00	3.240932e+00
2.369746502885663e+00	3.198946e+00
2.369746592292630e+00	2.988037e+00
2.369746611188661e+00	2.902980e+00
2.369746615912669e+00	2.880523e+00
2.369746625360684e+00	2.833088e+00
2.369746627722688e+00	2.820259e+00
2.369746632446696e+00	2.793900e+00
2.369746641894711e+00	2.736748e+00
2.369746660790743e+00	2.602096e+00
2.369746665514751e+00	2.562781e+00
2.369746666695753e+00	2.552821e+00
2.369746666991003e+00	2.550323e+00
2.369746667581504e+00	2.545309e+00
2.369746667729129e+00	2.544050e+00
2.369746668024379e+00	2.541526e+00
2.369746668098192e+00	2.540894e+00
2.369746668245817e+00	2.539628e+00
2.369746668282724e+00	2.539311e+00
2.369746668356536e+00	2.538677e+00
2.369746668504161e+00	2.537408e+00
2.369746668508775e+00	2.537368e+00
2.369746668518002e+00	2.537288e+00
2.369746668536455e+00	2.537130e+00
2.369746668573361e+00	2.536812e+00
2.369746668647174e+00	2.536176e+00
2.369746668794799e+00	2.534902e+00
2.369746669090049e+00	2.532355e+00
2.369746669680550e+00	2.527287e+00
2.369746670861552e+00	2.517333e+00
2.369746673223556e+00	2.498199e+00
2.369746677947564e+00	2.462312e+00
2.369746687395580e+00	2.394930e+00
2.369746706291611e+00	2.264300e+00
2.369746744083673e+00	2.003841e+00
2.369746819667798e+00	1.482519e+00
2.369746970836047e+00	4.396236e-01
2.369747008628110e+00	1.787926e-01
2.369747018076125e+00	1.135864e-01
2.369747020438129e+00	9.728486e-02
2.369747025162137e+00	6.468190e-02
2.369747026343139e+00	5.653116e-02
2.369747028705143e+00	4.022969e-02
2.369747033429150e+00	7.626610e-03
2.369747033576776e+00	6.607761e-03
2.369747033872026e+00	5.044475e-03
2.369747034462527e+00	4.769849e-03
2.369747035119508e+00	4.961387e-03
2.369747035882045e+00	4.793051e-03
2.369747037407120e+00	4.902896e-03
2.369747039584097e+00	4.751179e-03
2.369747043431345e+00	4.807790e-03
2.369747050640017e+00	4.593838e-03
2.369747065057360e+00	4.491076e-03
2.369747093892048e+00	3.966832e-03
2.369747151561422e+00	3.240422e-03
2.369747266900170e+00	3.757420e-03
2.369747497577667e+00	3.814473e-03
2.369747958932662e+00	3.679947e-03
2.369748555372014e+00	3.771028e-03
2.369749398128776e+00	3.657450e-03
2.369750828322343e+00	3.739272e-03
2.369753688709478e+00	3.597355e-03
2.369754039182636e+00	3.643882e-03
2.369754740128954e+00	3.642494e-03
2.369755845679518e+00	3.643350e-03
2.369756858355445e+00	3.642747e-03
2.369758378369680e+00	3.643179e-03
2.369761019155304e+00	3.642815e-03
2.369765774614080e+00	3.643122e-03
2.369775285531632e+00	3.642796e-03
2.369794307366737e+00	3.643040e-03
2.369832351036945e+00	3.642652e-03
2.369908438377363e+00	3.642741e-03
2.370060613058197e+00	3.642060e-03
2.370364962419866e+00	3.641555e-03
2.370973661143204e+00	3.639692e-03
2.372191058589881e+00	3.636827e-03
2.374625853483234e+00	3.630270e-03
2.377555540983234e+00	3.623058e-03
2.380485228483234e+00	3.615329e-03
2.383414915983234e+00	3.608223e-03
2.386344603483234e+00	3.600601e-03
2.389274290983234e+00	3.593600e-03
2.392203978483234e+00	3.586082e-03
2.395133665983234e+00	3.579184e-03
2.398063353483234e+00	3.571769e-03
2.400993040983234e+00	3.564974e-03
2.403922728483234e+00	3.557660e-03
2.406852415983234e+00	3.550966e-03
2.409782103483234e+00	3.543752e-03
2.412711790983234e+00	3.537156e-03
2.415641478483234e+00	3.530041e-03
2.418571165983234e+00	3.523543e-03
2.421500853483234e+00	3.516525e-03
2.424430540983234e+00	3.510124e-03
2.427360228483234e+00	3.503202e-03
2.430289915983234e+00	3.496895e-03
2.433219603483234e+00	3.490067e-03
2.436149290983234e+00	3.483854e-03
2.439078978483234e+00	3.477120e-03
2.442008665983234e+00	3.470999e-03
2.444938353483234e+00	3.464357e-03
2.447868040983234e+00	3.458327e-03
2.450797728483234e+00	3.451775e-03
2.453727415983234e+00	3.445835e-03
2.456657103483234e+00	3.439372e-03
2.459586790983234e+00	3.433520e-03
2.462516478483234e+00	3.427145e-03
2.465446165983234e+00	3.421381e-03
2.468375853483234e+00	3.415092e-03
2.471305540983234e+00	3.409414e-03
2.474235228483234e+00	3.403211e-03
2.477164915983234e+00	3.397617e-03
2.480094603483234e+00	3.391498e-03
2.483024290983234e+00	3.385988e-03
2.485953978483234e+00	3.379952e-03
2.488883665983234e+00	3.374524e-03
2.491813353483234e+00	3.368570e-03
2.494743040983234e+00	3.363223e-03
2.497672728483234e+00	3.357350e-03
2.500602415983234e+00	3.352083e-03
2.503532103483234e+00	3.346290e-03
2.506461790983234e+00	3.341101e-03
2.509391478483234e+00	3.335386e-03
2.512321165983234e+00	3.330276e-03
2.515250853483234e+00	3.324638e-03
2.518180540983234e+00	3.319604e-03
2.521110228483234e+00	3.314042e-03
2.524039915983234e+00	3.309084e-03
2.526969603483234e+00	3.303598e-03
2.529899290983234e+00	3.298714e-03
2.532828978483234e+00	3.293301e-03
2.535758665983234e+00	3.288491e-03
2.538688353483234e+00	3.283151e-03
2.541618040983234e+00	3.278414e-03
2.544547728483234e+00	3.273146e-03
2.547477415983234e+00	3.268479e-03
2.550407103483234e+00	3.263283e-03
2.553336790983234e+00	3.258686e-03
2.556266478483234e+00	3.253559e-03
2.559196165983234e+00	3.249032e-03
2.562125853483234e+00	3.243974e-03
2.565055540983234e+00	3.239516e-03
2.567985228483234e+00	3.234526e-03
2.570914915983234e+00	3.230134e-03
2.573844603483234e+00	3.225212e-03
2.576774290983234e+00	3.220887e-03
2.579703978483234e+00	3.216030e-03
2.582633665983234e+00	3.211770e-03
2.585563353483234e+00	3.206979e-03
2.588493040983234e+00	3.202783e-03
2.591422728483234e+00	3.198056e-03
2.594352415983234e+00	3.193924e-03
2.597282103483234e+00	3.189260e-03
2.600211790983234e+00	3.185191e-03
2.603141478483234e+00	3.180590e-03
2.606071165983234e+00	3.176583e-03
2.609000853483234e+00	3.172042e-03
2.611930540983234e+00	3.168096e-03
2.614860228483234e+00	3.163616e-03
2.617789915983234e+00	3.159730e-03
2.620719603483234e+00	3.155310e-03
2.623649290983234e+00	3.151483e-03
2.626578978483234e+00	3.147122e-03
2.629508665983234e+00	3.143354e-03
2.632438353483234e+00	3.139050e-03
2.635368040983234e+00	3.135340e-03
2.638297728483234e+00	3.131094e-03
2.641227415983234e+00	3.127439e-03
2.644157103483234e+00	3.123250e-03
2.647086790983234e+00	3.119651e-03
2.650016478483234e+00	3.115518e-03
2.652946165983234e+00	3.111975e-03
2.655875853483234e+00	3.107896e-03
2.658805540983234e+00	3.104407e-03
2.661735228483234e+00	3.100382e-03
2.664664915983234e+00	3.096946e-03
2.667594603483234e+00	3.092975e-03
2.670524290983234e+00	3.089592e-03
2.673453978483234e+00	3.085673e-03
2.676383665983234e+00	3.082342e-03
2.679313353483234e+00	3.078475e-03
2.682243040983234e+00	3.075195e-03
2.685172728483234e+00	3.071379e-03
2.688102415983234e+00	3.068150e-03
2.691032103483234e+00	3.064385e-03
2.693961790983234e+00	3.061206e-03
2.696891478483234e+00	3.057490e-03
2.699821165983234e+00	3.054359e-03
2.702750853483234e+00	3.050692e-03
2.705680540983234e+00	3.047611e-03
2.708610228483234e+00	3.043992e-03
2.711539915983234e+00	3.040958e-03
2.714469603483234e+00	3.037386e-03
2.717399290983234e+00	3.034400e-03
2.720328978483234e+00	3.030875e-03
2.723258665983234e+00	3.027935e-03
2.726188353483234e+00	3.024456e-03
2.729118040983234e+00	3.021562e-03
2.732047728483234e+00	3.018129e-03
2.734977415983234e+00	3.015279e-03
2.737907103483234e+00	3.011891e-03
2.740836790983234e+00	3.009086e-03
2.743766478483234e+00	3.005742e-03
2.746696165983234e+00	3.002981e-03
2.749625853483234e+00	2.999681e-03
2.752555540983234e+00	2.996963e-03
2.755485228483234e+00	2.993705e-03
2.758414915983234e+00	2.991030e-03
2.761344603483234e+00	2.987815e-03
2.764274290983234e+00	2.985182e-03
2.767203978483234e+00	2.982009e-03
2.770133665983234e+00	2.979416e-03
2.773063353483234e+00	2.976284e-03
2.775993040983234e+00	2.973733e-03
2.778922728483234e+00	2.970713e-03
2.781852415983234e+00	2.968271e-03
2.784782103483234e+00	2.965288e-03
2.787711790983234e+00	2.962884e-03
2.790641478483234e+00	2.959939e-03
2.793571165983234e+00	2.957574e-03
2.796500853483234e+00	2.954667e-03
2.799430540983234e+00	2.952339e-03
2.802360228483234e+00	2.949470e-03
2.805289915983234e+00	2.947179e-03
2.808219603483234e+00	2.944347e-03
2.811149290983234e+00	2.942093e-03
2.814078978483234e+00	2.939297e-03
2.814445189420734e+00	2.939124e-03
2.815177611295734e+00	2.938498e-03
2.816642455045734e+00	2.937250e-03
2.816941353516894e+00	2.936996e-03
2.817539150459215e+00	2.936489e-03
2.818734744343858e+00	2.935476e-03
2.819033642815018e+00	2.935223e-03
2.819631439757339e+00	2.959205e-03
2.819780888992919e+00	2.978158e-03
2.820079787464080e+00	3.029739e-03
2.820080955036233e+00	3.029994e-03
2.820083290180539e+00	3.030506e-03
2.820087960469151e+00	3.823525e-03
2.820088106415670e+00	3.864173e-03
2.820088398308708e+00	3.946409e-03
2.820088471281968e+00	3.967321e-03
2.820088617228487e+00	4.009379e-03
2.820088653715117e+00	4.019982e-03
2.820088726688376e+00	1.093320e-02
2.820088857042697e+00	8.948705e-02
2.820088881257552e+00	1.232741e-01
2.820088929687264e+00	2.161206e-01
2.820088941794692e+00	2.503081e-01
2.820088966009548e+00	3.294691e-01
2.820088972063262e+00	3.535999e-01
2.820088984170690e+00	4.053889e-01
2.820089008385545e+00	5.334572e-01
2.820089014439259e+00	5.724881e-01
2.820089026546687e+00	6.562420e-01
2.820089029573544e+00	6.793893e-01
2.820089030330259e+00	6.852257e-01
2.820089031843687e+00	6.969983e-01
2.820089032222044e+00	6.999791e-01
2.820089032316634e+00	7.007251e-01
2.820089032505812e+00	7.022187e-01
2.820089032553107e+00	7.025926e-01
2.820089032564931e+00	7.026861e-01
2.820089032588578e+00	7.028732e-01
2.820089032594490e+00	7.029200e-01
2.820089032606313e+00	7.030135e-01
2.820089032609269e+00	7.030368e-01
2.820089032615181e+00	7.030836e-01
2.820089032627004e+00	7.031772e-01
2.820089032650652e+00	7.033644e-01
2.820089032697946e+00	7.037389e-01
2.820089032792536e+00	7.044885e-01
2.820089032981715e+00	7.059892e-01
2.820089033360071e+00	7.089890e-01
2.820089034116786e+00	7.149338e-01
2.820089035630214e+00	7.265370e-01
2.820089038657071e+00	7.486210e-01
2.820089044710785e+00	7.898801e-01
2.820089056818213e+00	8.680393e-01
2.820089081033069e+00	1.021503e+00
2.820089129462781e+00	1.328519e+00
2.820089226322204e+00	1.942730e+00
2.820089420041051e+00	3.171690e+00
2.820089425419593e+00	3.205818e+00
2.820089436176676e+00	3.274078e+00
2.820089438865947e+00	3.291143e+00
2.820089439538265e+00	3.295409e+00
2.820089439706344e+00	3.296476e+00
2.820089440042503e+00	3.297273e+00
2.820089440714820e+00	3.297170e+00
2.820089442059456e+00	3.297280e+00
2.820089444748727e+00	3.297233e+00
2.820089450127269e+00	3.297384e+00
2.820089460884352e+00	3.297451e+00
2.820089482398519e+00	3.297816e+00
2.820089525426853e+00	3.298313e+00
2.820089611483520e+00	3.298306e+00
2.820089783596854e+00	3.298276e+00
2.820090127823524e+00	3.298388e+00
2.820090816276863e+00	3.298335e+00
2.820091913880459e+00	3.298420e+00
2.820093786918742e+00	3.298372e+00
2.820097532995308e+00	3.298491e+00
2.820105025148438e+00	3.298420e+00
2.820111779084219e+00	3.298491e+00
2.820119963344222e+00	3.298420e+00
2.820134221695887e+00	3.298491e+00
2.820154852187795e+00	3.298420e+00
2.820194005242716e+00	3.298491e+00
2.820266637683325e+00	3.298420e+00
2.820389435938234e+00	3.298492e+00
2.820623446324439e+00	3.298421e+00
2.821032118160284e+00	3.298494e+00
2.821777196948422e+00	3.298424e+00
2.823126807769640e+00	3.298499e+00
2.825541569865711e+00	3.298434e+00
2.828471257365711e+00	3.298513e+00
2.831400944865711e+00	3.298449e+00
2.834330632365711e+00	3.298528e+00
2.834331632365712e+00	3.298456e+00
2.834347632365712e+00	3.298528e+00
2.834348632365711e+00	3.298456e+00
2.834364195912737e+00	3.298528e+00
2.834365195912737e+00	3.298456e+00
2.834381195912737e+00	3.298528e+00
2.834382195912737e+00	3.298456e+00
2.834398195912737e+00	3.298528e+00
2.834428585370478e+00	3.298456e+00
2.834465698748109e+00	3.298529e+00
2.834539925503372e+00	3.298456e+00
2.834688379013897e+00	3.298529e+00
2.834985286034947e+00	3.298457e+00
2.835579100077048e+00	3.298531e+00
2.836766728161250e+00	3.298462e+00
2.839141984329653e+00	3.298540e+00
2.842071671829653e+00	3.298475e+00
2.845001359329653e+00	3.298555e+00
2.847931046829653e+00	3.298490e+00
2.850860734329653e+00	3.298569e+00
2.853790421829653e+00	3.298504e+00
2.856720109329653e+00	3.298583e+00
2.859649796829653e+00	3.298518e+00
2.862579484329653e+00	3.298597e+00
2.865509171829653e+00	3.298532e+00
2.868438859329653e+00	3.298611e+00
2.871368546829653e+00	3.298545e+00
2.874298234329653e+00	3.298624e+00
2.877227921829653e+00	3.298558e+00
2.880157609329653e+00	3.298638e+00
2.883087296829653e+00	3.298572e+00
2.886016984329653e+00	3.298651e+00
2.888946671829653e+00	3.298585e+00
2.891876359329653e+00	3.298664e+00
2.894806046829653e+00	3.298598e+00
2.897735734329653e+00	3.298676e+00
2.900665421829653e+00	3.298610e+00
2.903595109329653e+00	3.298689e+00
2.906524796829653e+00	3.298623e+00
2.909454484329653e+00	3.298701e+00
2.912384171829653e+00	3.298635e+00
2.915313859329653e+00	3.298714e+00
2.918243546829653e+00	3.298647e+00
2.921173234329653e+00	3.298726e+00
2.924102921829653e+00	3.298659e+00
2.927032609329653e+00	3.298738e+00
2.929962296829653e+00	3.298671e+00
2.932891984329653e+00	3.298749e+00
2.935821671829653e+00	3.298682e+00
2.938751359329653e+00	3.298761e+00
2.941681046829653e+00	3.298694e+00
2.944610734329653e+00	3.298772e+00
2.947540421829653e+00	3.298705e+00
2.950470109329653e+00	3.298783e+00
2.953399796829653e+00	3.298717e+00
2.956329484329653e+00	3.298794e+00
2.959259171829653e+00	3.298728e+00
2.962188859329653e+00	3.298805e+00
2.965118546829653e+00	3.298738e+00
2.968048234329653e+00	3.298816e+00
2.970977921829653e+00	3.298749e+00
2.973907609329653e+00	3.298827e+00
2.976837296829653e+00	3.298759e+00
2.979766984329653e+00	3.298837e+00
2.982696671829653e+00	3.298770e+00
2.985626359329653e+00	3.298847e+00
2.988556046829653e+00	3.298780e+00
2.991485734329653e+00	3.298857e+00
2.994415421829653e+00	3.298790e+00
2.997345109329653e+00	3.298867e+00
3.000274796829653e+00	3.298800e+00
Step Information: Run=3  (Step: 4/9)
0.000000000000000e+00	1.558742e-06
1.867297155739665e-15	2.515584e-06
4.944373095832172e-15	4.042873e-06
8.188566491083603e-15	5.554077e-06
1.467695328158647e-14	8.323211e-06
2.765372686259220e-14	1.297649e-05
5.360727402460365e-14	1.961284e-05
1.055143683486266e-13	2.664590e-05
2.093285569966724e-13	3.127232e-05
4.169569342927641e-13	3.414734e-05
8.322136888849473e-13	3.980638e-05
1.662727198069314e-12	5.098218e-05
3.323754216438047e-12	7.266090e-05
6.645808253175514e-12	1.135497e-04
1.328991632665045e-11	1.862917e-04
2.525344626351623e-11	2.918738e-04
4.918050613724778e-11	4.331452e-04
9.703462588471088e-11	5.648260e-04
9.721394110248547e-11	5.650113e-04
9.757257153803461e-11	5.654369e-04
9.828983240913291e-11	5.663196e-04
9.972435415132951e-11	5.680190e-04
1.025933976357227e-10	5.712921e-04
1.083314846045091e-10	5.772728e-04
1.198076585420819e-10	5.874070e-04
1.427600064172275e-10	6.022789e-04
1.886647021675186e-10	6.201438e-04
2.804740936681009e-10	6.395967e-04
4.584992185455556e-10	6.686589e-04
7.579092059343105e-10	7.181496e-04
1.356729180711820e-09	8.168177e-04
1.907331658491784e-09	9.076628e-04
3.008536614051711e-09	1.089204e-03
5.210946525171567e-09	1.452406e-03
9.459285427252437e-09	1.829555e-03
1.783553046519284e-08	2.517008e-03
2.805983249004627e-08	3.363661e-03
2.837934192832294e-08	3.388588e-03
2.901836080487628e-08	3.441124e-03
2.917811552401461e-08	3.454382e-03
2.949762496229128e-08	3.480764e-03
2.957750232186045e-08	3.487348e-03
2.973725704099878e-08	3.500870e-03
3.005676647927546e-08	3.530279e-03
3.069578535582879e-08	3.596027e-03
3.197382310893547e-08	3.741482e-03
3.452989861514883e-08	4.055054e-03
3.964204962757554e-08	4.713688e-03
4.986635165242897e-08	6.140161e-03
7.031495570213583e-08	9.502459e-03
7.542710671456254e-08	1.048675e-02
8.565140873941597e-08	1.256984e-02
1.061000127891228e-07	1.609450e-02
1.469972208885365e-07	2.284882e-02
2.287916370873639e-07	3.639946e-02
3.007019143085461e-07	4.835331e-02
3.793985209322398e-07	6.150514e-02
4.592436730053035e-07	7.492135e-02
5.523102689348590e-07	9.067439e-02
7.384434607939700e-07	1.213696e-01
7.784983013679726e-07	1.279769e-01
8.586079825159780e-07	1.411891e-01
8.786354028029793e-07	1.444922e-01
9.186902433769820e-07	1.510984e-01
9.287039535204827e-07	1.527500e-01
9.312073810563579e-07	1.531629e-01
9.318332379403266e-07	1.532661e-01
9.319897021613189e-07	1.532919e-01
9.323026306033033e-07	1.533435e-01
9.323808627137994e-07	1.533564e-01
9.325373269347915e-07	1.533822e-01
9.328502553767760e-07	1.534338e-01
9.334761122607448e-07	1.535371e-01
9.347278260286823e-07	1.537435e-01
9.372312535645575e-07	1.541564e-01
9.422381086363078e-07	1.549822e-01
9.522518187798085e-07	1.566337e-01
9.722792390668099e-07	1.599369e-01
1.012334079640812e-06	1.665431e-01
1.092443760788818e-06	1.797556e-01
1.252663123084829e-06	2.061807e-01
1.573101847676850e-06	2.590309e-01
2.213979296860893e-06	3.647317e-01
3.213979296860892e-06	5.296633e-01
4.213979296860893e-06	6.945950e-01
6.213979296860893e-06	1.024459e+00
7.213979296860893e-06	1.189390e+00
1.021397929686089e-05	1.684179e+00
1.121397929686089e-05	1.849101e+00
1.621397929686089e-05	2.673703e+00
1.721397929686089e-05	2.838625e+00
1.999999999699662e-05	3.298097e+00
2.040503860631561e-05	3.298109e+00
2.121511582495359e-05	3.298113e+00
2.283527026222956e-05	3.298113e+00
2.475587035192418e-05	3.298113e+00
2.859707053131343e-05	3.298113e+00
3.627947089009193e-05	3.298113e+00
5.164427160764892e-05	3.298113e+00
8.237387304276290e-05	3.298113e+00
1.438330759129909e-04	3.298113e+00
2.667514816534468e-04	3.298114e+00
5.125882931343587e-04	3.298115e+00
1.004261916096182e-03	3.298116e+00
1.987609162019830e-03	3.298120e+00
3.954303653867125e-03	3.298126e+00
6.883991153867125e-03	3.298136e+00
9.813678653867126e-03	3.298146e+00
1.274336615386713e-02	3.298156e+00
1.567305365386712e-02	3.298166e+00
1.860274115386712e-02	3.298175e+00
2.153242865386712e-02	3.298185e+00
2.446211615386712e-02	3.298194e+00
2.739180365386712e-02	3.298203e+00
3.032149115386712e-02	3.298213e+00
3.325117865386713e-02	3.298222e+00
3.618086615386713e-02	3.298231e+00
3.911055365386713e-02	3.298240e+00
4.204024115386713e-02	3.298249e+00
4.496992865386713e-02	3.298259e+00
4.789961615386713e-02	3.298267e+00
5.082930365386713e-02	3.298276e+00
5.375899115386713e-02	3.298285e+00
5.668867865386713e-02	3.298294e+00
5.961836615386713e-02	3.298302e+00
6.254805365386713e-02	3.298311e+00
6.547774115386713e-02	3.298320e+00
6.840742865386713e-02	3.298328e+00
7.133711615386713e-02	3.298337e+00
7.426680365386713e-02	3.298345e+00
7.719649115386713e-02	3.298353e+00
8.012617865386713e-02	3.298362e+00
8.305586615386713e-02	3.298370e+00
8.598555365386713e-02	3.298378e+00
8.891524115386713e-02	3.298386e+00
9.184492865386713e-02	3.298394e+00
9.477461615386713e-02	3.298402e+00
9.770430365386713e-02	3.298410e+00
1.006339911538671e-01	3.298418e+00
1.035636786538671e-01	3.298426e+00
1.064933661538671e-01	3.298434e+00
1.094230536538671e-01	3.298441e+00
1.123527411538671e-01	3.298449e+00
1.152824286538671e-01	3.298456e+00
1.182121161538671e-01	3.298464e+00
1.211418036538671e-01	3.298471e+00
1.240714911538671e-01	3.298479e+00
1.270011786538671e-01	3.298486e+00
1.299308661538671e-01	3.298494e+00
1.328605536538671e-01	3.298501e+00
1.357902411538671e-01	3.298508e+00
1.387199286538671e-01	3.298515e+00
1.416496161538671e-01	3.298522e+00
1.445793036538671e-01	3.298530e+00
1.475089911538671e-01	3.298537e+00
1.504386786538671e-01	3.298543e+00
1.533683661538671e-01	3.298550e+00
1.562980536538671e-01	3.298557e+00
1.592277411538671e-01	3.298564e+00
1.621574286538671e-01	3.298571e+00
1.650871161538671e-01	3.298578e+00
1.680168036538671e-01	3.298584e+00
1.709464911538671e-01	3.298591e+00
1.738761786538671e-01	3.298598e+00
1.768058661538671e-01	3.298604e+00
1.797355536538671e-01	3.298611e+00
1.826652411538671e-01	3.298617e+00
1.855949286538671e-01	3.298624e+00
1.885246161538671e-01	3.298630e+00
1.914543036538671e-01	3.298636e+00
1.943839911538671e-01	3.298642e+00
1.973136786538671e-01	3.298649e+00
2.002433661538671e-01	3.298655e+00
2.031730536538671e-01	3.298661e+00
2.061027411538671e-01	3.298667e+00
2.090324286538671e-01	3.298673e+00
2.119621161538671e-01	3.298679e+00
2.148918036538671e-01	3.298685e+00
2.178214911538671e-01	3.298691e+00
2.207511786538671e-01	3.298697e+00
2.236808661538671e-01	3.298703e+00
2.266105536538671e-01	3.298709e+00
2.295402411538671e-01	3.298714e+00
2.324699286538671e-01	3.298720e+00
2.353996161538671e-01	3.298726e+00
2.383293036538671e-01	3.298731e+00
2.412589911538671e-01	3.298737e+00
2.441886786538671e-01	3.298743e+00
2.471183661538671e-01	3.298748e+00
2.500480536538671e-01	3.298753e+00
2.529777411538671e-01	3.298759e+00
2.559074286538671e-01	3.298764e+00
2.588371161538671e-01	3.298770e+00
2.617668036538671e-01	3.298775e+00
2.646964911538671e-01	3.298780e+00
2.676261786538671e-01	3.298786e+00
2.705558661538671e-01	3.298791e+00
2.734855536538671e-01	3.298796e+00
2.764152411538671e-01	3.298801e+00
2.793449286538671e-01	3.298806e+00
2.822746161538671e-01	3.298811e+00
2.852043036538671e-01	3.298816e+00
2.881339911538671e-01	3.298821e+00
2.910636786538671e-01	3.298826e+00
2.939933661538671e-01	3.298831e+00
2.969230536538671e-01	3.298836e+00
2.998527411538671e-01	3.298841e+00
3.027824286538671e-01	3.298846e+00
3.057121161538671e-01	3.298851e+00
3.086418036538671e-01	3.298856e+00
3.115714911538671e-01	3.298860e+00
3.145011786538671e-01	3.298865e+00
3.174308661538671e-01	3.298870e+00
3.203605536538671e-01	3.298874e+00
3.232902411538671e-01	3.298879e+00
3.262199286538671e-01	3.298883e+00
3.291496161538671e-01	3.298888e+00
3.320793036538671e-01	3.298892e+00
3.350089911538671e-01	3.298897e+00
3.379386786538671e-01	3.298901e+00
3.408683661538671e-01	3.298906e+00
3.437980536538671e-01	3.298910e+00
3.467277411538671e-01	3.298914e+00
3.496574286538671e-01	3.298919e+00
3.525871161538671e-01	3.298923e+00
3.555168036538671e-01	3.298927e+00
3.584464911538671e-01	3.298931e+00
3.613761786538671e-01	3.298936e+00
3.643058661538671e-01	3.298940e+00
3.672355536538671e-01	3.298944e+00
3.701652411538671e-01	3.298948e+00
3.730949286538671e-01	3.298952e+00
3.760246161538671e-01	3.298956e+00
3.789543036538671e-01	3.298960e+00
3.818839911538671e-01	3.298964e+00
3.848136786538671e-01	3.298968e+00
3.877433661538671e-01	3.298972e+00
3.906730536538671e-01	3.298976e+00
3.936027411538671e-01	3.298980e+00
3.965324286538671e-01	3.298984e+00
3.994621161538671e-01	3.298987e+00
4.023918036538671e-01	3.298991e+00
4.053214911538671e-01	3.298995e+00
4.082511786538671e-01	3.298999e+00
4.111808661538671e-01	3.299002e+00
4.141105536538671e-01	3.299006e+00
4.170402411538671e-01	3.299010e+00
4.199699286538671e-01	3.299013e+00
4.228996161538671e-01	3.299017e+00
4.258293036538671e-01	3.299021e+00
4.287589911538671e-01	3.299024e+00
4.316886786538671e-01	3.299028e+00
4.346183661538671e-01	3.299031e+00
4.375480536538671e-01	3.299035e+00
4.404777411538671e-01	3.299038e+00
4.434074286538671e-01	3.299042e+00
4.463371161538671e-01	3.299045e+00
4.492668036538671e-01	3.299048e+00
4.521964911538671e-01	3.299052e+00
4.551261786538671e-01	3.299055e+00
4.580558661538671e-01	3.299058e+00
4.609855536538671e-01	3.299062e+00
4.639152411538671e-01	3.299065e+00
4.668449286538671e-01	3.299068e+00
4.697746161538671e-01	3.299071e+00
4.727043036538671e-01	3.299075e+00
4.756339911538671e-01	3.299078e+00
4.785636786538671e-01	3.299081e+00
4.814933661538671e-01	3.299084e+00
4.844230536538671e-01	3.299087e+00
4.873527411538671e-01	3.299090e+00
4.902824286538671e-01	3.299093e+00
4.932121161538671e-01	3.299096e+00
4.961418036538671e-01	3.299099e+00
4.990714911538671e-01	3.299102e+00
5.020011786538672e-01	3.299105e+00
5.049308661538672e-01	3.299108e+00
5.078605536538672e-01	3.299111e+00
5.107902411538672e-01	3.299114e+00
5.137199286538672e-01	3.299117e+00
5.166496161538672e-01	3.299120e+00
5.195793036538672e-01	3.299123e+00
5.225089911538672e-01	3.299126e+00
5.254386786538672e-01	3.299129e+00
5.283683661538672e-01	3.299131e+00
5.312980536538672e-01	3.299134e+00
5.342277411538672e-01	3.299137e+00
5.371574286538672e-01	3.299139e+00
5.400871161538672e-01	3.299142e+00
5.430168036538672e-01	3.299145e+00
5.459464911538672e-01	3.299147e+00
5.488761786538672e-01	3.299150e+00
5.518058661538672e-01	3.299152e+00
5.547355536538672e-01	3.299155e+00
5.576652411538672e-01	3.299158e+00
5.605949286538672e-01	3.299160e+00
5.635246161538672e-01	3.299163e+00
5.664543036538672e-01	3.299165e+00
5.693839911538672e-01	3.299168e+00
5.723136786538672e-01	3.299170e+00
5.726798895913672e-01	3.299170e+00
5.734123114663672e-01	3.299149e+00
5.735954169351172e-01	3.299128e+00
5.736411933023047e-01	3.299122e+00
5.737327460366797e-01	3.299109e+00
5.739158515054297e-01	3.299075e+00
5.739215735513281e-01	3.299074e+00
5.739330176431250e-01	3.299071e+00
5.739358786660742e-01	3.299071e+00
5.739416007119726e-01	3.298589e+00
5.739430312234473e-01	3.298185e+00
5.739433888513159e-01	3.298081e+00
5.739434000271868e-01	3.298078e+00
5.739434223789286e-01	3.298072e+00
5.739434670824122e-01	3.291847e+00
5.739435564893793e-01	3.263793e+00
5.739435788411211e-01	3.250603e+00
5.739436235446047e-01	3.215289e+00
5.739437129515719e-01	3.038071e+00
5.739437321663723e-01	2.965064e+00
5.739437705959733e-01	2.778780e+00
5.739437802033736e-01	2.715286e+00
5.739437994181741e-01	2.572958e+00
5.739438000186365e-01	2.567997e+00
5.739438012195616e-01	2.558009e+00
5.739438036214116e-01	2.537624e+00
5.739438036307939e-01	2.537543e+00
5.739438036495583e-01	2.537382e+00
5.739438036870872e-01	2.537059e+00
5.739438036882600e-01	2.537049e+00
5.739438036906056e-01	2.537028e+00
5.739438036952967e-01	2.536988e+00
5.739438037046789e-01	2.536907e+00
5.739438037234433e-01	2.536746e+00
5.739438037609723e-01	2.536422e+00
5.739438038360301e-01	2.535776e+00
5.739438039861458e-01	2.534481e+00
5.739438042863770e-01	2.531889e+00
5.739438048868395e-01	2.526738e+00
5.739438060877645e-01	2.516622e+00
5.739438084896146e-01	2.497191e+00
5.739438132933147e-01	2.460760e+00
5.739438229007150e-01	2.392318e+00
5.739438421155154e-01	2.259510e+00
5.739438805451165e-01	1.994619e+00
5.739439574043185e-01	1.464445e+00
5.739441111227224e-01	4.038263e-01
5.739441495523233e-01	1.385647e-01
5.739441591597236e-01	7.225063e-02
5.739441615615737e-01	5.567216e-02
5.739441663652738e-01	2.251528e-02
5.739441675661988e-01	1.422606e-02
5.739441678664301e-01	1.215376e-02
5.739441684668926e-01	8.009146e-03
5.739441686170083e-01	6.972993e-03
5.739441689172394e-01	5.108634e-03
5.739441695177020e-01	4.703627e-03
5.739441702001059e-01	4.995412e-03
5.739441709257789e-01	4.748860e-03
5.739441723771249e-01	4.924154e-03
5.739441741449507e-01	4.722037e-03
5.739441772124471e-01	4.840505e-03
5.739441828608428e-01	4.601895e-03
5.739441941576342e-01	4.590189e-03
5.739442167512170e-01	4.111066e-03
5.739442619383827e-01	3.607903e-03
5.739443523127139e-01	3.741000e-03
5.739445330613765e-01	3.839966e-03
5.739448945587016e-01	3.657531e-03
5.739454940923128e-01	3.783548e-03
5.739461882980292e-01	3.630867e-03
5.739473903028448e-01	3.757349e-03
5.739497943124762e-01	3.580342e-03
5.739503953148840e-01	3.643596e-03
5.739515973196997e-01	3.632637e-03
5.739540013293311e-01	3.632023e-03
5.739563435902357e-01	3.632536e-03
5.739610281120452e-01	3.632064e-03
5.739653062555740e-01	3.632477e-03
5.739724013621474e-01	3.632064e-03
5.739845693492055e-01	3.632412e-03
5.740057080951434e-01	3.631988e-03
5.740479855870191e-01	3.632245e-03
5.741325405707706e-01	3.631667e-03
5.743016505382734e-01	3.631598e-03
5.746398704732791e-01	3.630377e-03
5.753163103432907e-01	3.629019e-03
5.766691900833137e-01	3.625229e-03
5.793749495633599e-01	3.618766e-03
5.823046370633599e-01	3.611066e-03
5.852343245633599e-01	3.604139e-03
5.881640120633599e-01	3.596543e-03
5.910936995633599e-01	3.589719e-03
5.940233870633599e-01	3.582225e-03
5.969530745633599e-01	3.575502e-03
5.998827620633599e-01	3.568108e-03
6.028124495633599e-01	3.561485e-03
6.057421370633599e-01	3.554190e-03
6.086718245633599e-01	3.547665e-03
6.116015120633599e-01	3.540468e-03
6.145311995633599e-01	3.534040e-03
6.174608870633599e-01	3.526939e-03
6.203905745633599e-01	3.520606e-03
6.233202620633599e-01	3.513601e-03
6.262499495633599e-01	3.507362e-03
6.291796370633599e-01	3.500450e-03
6.321093245633599e-01	3.494304e-03
6.350390120633599e-01	3.487484e-03
6.379686995633599e-01	3.481430e-03
6.408983870633599e-01	3.474701e-03
6.438280745633599e-01	3.468737e-03
6.467577620633599e-01	3.462098e-03
6.496874495633599e-01	3.456223e-03
6.526171370633599e-01	3.449672e-03
6.555468245633599e-01	3.443884e-03
6.584765120633599e-01	3.437422e-03
6.614061995633599e-01	3.431720e-03
6.643358870633599e-01	3.425343e-03
6.672655745633599e-01	3.419727e-03
6.701952620633599e-01	3.413435e-03
6.731249495633599e-01	3.407903e-03
6.760546370633599e-01	3.401694e-03
6.789843245633599e-01	3.396244e-03
6.819140120633599e-01	3.390118e-03
6.848436995633599e-01	3.384751e-03
6.877733870633599e-01	3.378706e-03
6.907030745633599e-01	3.373419e-03
6.936327620633599e-01	3.367454e-03
6.965624495633599e-01	3.362246e-03
6.994921370633599e-01	3.356360e-03
7.024218245633599e-01	3.351231e-03
7.053515120633599e-01	3.345423e-03
7.082811995633599e-01	3.340371e-03
7.112108870633599e-01	3.334640e-03
7.141405745633599e-01	3.329664e-03
7.170702620633599e-01	3.324008e-03
7.199999495633599e-01	3.319107e-03
7.229296370633599e-01	3.313526e-03
7.258593245633599e-01	3.308699e-03
7.287890120633599e-01	3.303192e-03
7.317186995633599e-01	3.298437e-03
7.346483870633599e-01	3.293003e-03
7.375780745633599e-01	3.288320e-03
7.405077620633599e-01	3.282957e-03
7.434374495633599e-01	3.278346e-03
7.463671370633599e-01	3.273053e-03
7.492968245633599e-01	3.268512e-03
7.522265120633599e-01	3.263289e-03
7.551561995633599e-01	3.258816e-03
7.580858870633599e-01	3.253661e-03
7.610155745633599e-01	3.249256e-03
7.639452620633599e-01	3.244170e-03
7.668749495633599e-01	3.239832e-03
7.698046370633599e-01	3.234812e-03
7.727343245633599e-01	3.230540e-03
7.756640120633599e-01	3.225585e-03
7.785936995633599e-01	3.221378e-03
7.815233870633599e-01	3.216489e-03
7.844530745633599e-01	3.212346e-03
7.873827620633599e-01	3.207520e-03
7.903124495633599e-01	3.203441e-03
7.932421370633599e-01	3.198678e-03
7.961718245633599e-01	3.194661e-03
7.991015120633599e-01	3.189960e-03
8.020311995633599e-01	3.186005e-03
8.049608870633599e-01	3.181365e-03
8.078905745633599e-01	3.177470e-03
8.108202620633599e-01	3.172891e-03
8.137499495633599e-01	3.169056e-03
8.166796370633599e-01	3.164537e-03
8.196093245633599e-01	3.160760e-03
8.225390120633599e-01	3.156299e-03
8.254686995633599e-01	3.152581e-03
8.283983870633599e-01	3.148178e-03
8.313280745633599e-01	3.144517e-03
8.342577620633599e-01	3.140172e-03
8.371874495633599e-01	3.136567e-03
8.401171370633599e-01	3.132277e-03
8.430468245633599e-01	3.128729e-03
8.459765120633599e-01	3.124494e-03
8.489061995633599e-01	3.121000e-03
8.518358870633599e-01	3.116821e-03
8.547655745633599e-01	3.113381e-03
8.576952620633599e-01	3.109255e-03
8.606249495633599e-01	3.105869e-03
8.635546370633599e-01	3.101796e-03
8.664843245633599e-01	3.098462e-03
8.694140120633599e-01	3.094442e-03
8.723436995633599e-01	3.091160e-03
8.752733870633599e-01	3.087192e-03
8.782030745633599e-01	3.083961e-03
8.811327620633599e-01	3.080044e-03
8.840624495633599e-01	3.076863e-03
8.869921370633599e-01	3.072996e-03
8.899218245633599e-01	3.069865e-03
8.928515120633599e-01	3.066047e-03
8.957811995633599e-01	3.062966e-03
8.987108870633599e-01	3.059197e-03
9.016405745633599e-01	3.056163e-03
9.045702620633599e-01	3.052442e-03
9.074999495633599e-01	3.049457e-03
9.104296370633599e-01	3.045783e-03
9.133593245633599e-01	3.042844e-03
9.162890120633599e-01	3.039218e-03
9.192186995633599e-01	3.036325e-03
9.221483870633599e-01	3.032745e-03
9.250780745633599e-01	3.029898e-03
9.280077620633599e-01	3.026363e-03
9.309374495633599e-01	3.023561e-03
9.338671370633599e-01	3.020070e-03
9.367968245633599e-01	3.017313e-03
9.397265120633599e-01	3.013867e-03
9.426561995633599e-01	3.011153e-03
9.455858870633599e-01	3.007751e-03
9.485155745633599e-01	3.005080e-03
9.514452620633599e-01	3.001721e-03
9.543749495633599e-01	2.999092e-03
9.573046370633599e-01	2.995776e-03
9.602343245633599e-01	2.993189e-03
9.631640120633599e-01	2.989914e-03
9.660936995633599e-01	2.987369e-03
9.690233870633599e-01	2.984135e-03
9.719530745633599e-01	2.981630e-03
9.748827620633599e-01	2.978437e-03
9.778124495633599e-01	2.975973e-03
9.807421370633599e-01	2.972820e-03
9.836718245633599e-01	2.970395e-03
9.866015120633599e-01	2.967338e-03
9.895311995633599e-01	2.965021e-03
9.924608870633599e-01	2.962014e-03
9.953905745633599e-01	2.959734e-03
9.983202620633599e-01	2.956764e-03
1.001249949563360e+00	2.954521e-03
1.004179637063360e+00	2.951588e-03
1.007109324563360e+00	2.949382e-03
1.010039012063360e+00	2.946486e-03
1.012968699563360e+00	2.944315e-03
1.015898387063360e+00	2.941455e-03
1.018828074563360e+00	2.939320e-03
1.021757762063360e+00	2.936495e-03
1.022123973000860e+00	2.936365e-03
1.022856394875860e+00	2.935750e-03
1.024321238625860e+00	2.934524e-03
1.027250926125860e+00	2.932086e-03
1.027617137063360e+00	2.931783e-03
1.028349558938360e+00	2.961298e-03
1.028494311161618e+00	2.979434e-03
1.028530499217433e+00	2.984365e-03
1.028602875329062e+00	2.995020e-03
1.028747627552321e+00	3.021093e-03
1.028752151059298e+00	3.022013e-03
1.028761198073251e+00	3.023866e-03
1.028779292101159e+00	3.895778e-03
1.028779362780955e+00	3.915315e-03
1.028779504140548e+00	3.954536e-03
1.028779539480447e+00	3.964394e-03
1.028779610160243e+00	3.984153e-03
1.028779751519836e+00	4.023935e-03
1.028779765024006e+00	4.485931e-03
1.028779792032347e+00	8.309761e-03
1.028779846049028e+00	1.948869e-02
1.028779912684345e+00	4.501850e-02
1.028780045954979e+00	3.207253e-01
1.028780068086314e+00	4.271544e-01
1.028780073619147e+00	4.555409e-01
1.028780084684814e+00	5.160853e-01
1.028780106816149e+00	6.629740e-01
1.028780107507753e+00	6.681752e-01
1.028780108890961e+00	6.786590e-01
1.028780111657378e+00	7.001219e-01
1.028780111743828e+00	7.008038e-01
1.028780111916729e+00	7.021686e-01
1.028780111959955e+00	7.025104e-01
1.028780112046405e+00	7.031941e-01
1.028780112068018e+00	7.033651e-01
1.028780112111243e+00	7.037074e-01
1.028780112197694e+00	7.043923e-01
1.028780112370595e+00	7.057638e-01
1.028780112716397e+00	7.085070e-01
1.028780113408001e+00	7.139536e-01
1.028780114791209e+00	7.246112e-01
1.028780117557626e+00	7.449688e-01
1.028780123090460e+00	7.830277e-01
1.028780134156127e+00	8.548417e-01
1.028780156287461e+00	9.952127e-01
1.028780200550130e+00	1.275797e+00
1.028780289075467e+00	1.837216e+00
1.028780466126141e+00	2.960470e+00
1.028780510388810e+00	3.241377e+00
1.028780511772018e+00	3.250156e+00
1.028780514538435e+00	3.267713e+00
1.028780515230039e+00	3.272102e+00
1.028780516613247e+00	3.280880e+00
1.028780519379664e+00	3.297002e+00
1.028780524912498e+00	3.297507e+00
1.028780535978165e+00	3.297235e+00
1.028780558109499e+00	3.297946e+00
1.028780602372168e+00	3.298124e+00
1.028780690897505e+00	3.298477e+00
1.028780867948179e+00	3.298128e+00
1.028781222049527e+00	3.298559e+00
1.028781930252224e+00	3.298186e+00
1.028783033130910e+00	3.298591e+00
1.028784958742837e+00	3.298224e+00
1.028788809966692e+00	3.298661e+00
1.028796512414401e+00	3.298271e+00
1.028803987271327e+00	3.298662e+00
1.028812271457823e+00	3.298271e+00
1.028827761580683e+00	3.298662e+00
1.028850185906801e+00	3.298271e+00
1.028892790583579e+00	3.298662e+00
1.028975678733790e+00	3.298271e+00
1.029115089910505e+00	3.298662e+00
1.029389304334027e+00	3.298272e+00
1.029875404394824e+00	3.298664e+00
1.030775912570524e+00	3.298276e+00
1.032444330043524e+00	3.298671e+00
1.035374017543524e+00	3.298287e+00
1.038303705043524e+00	3.298686e+00
1.041233392543524e+00	3.298302e+00
1.044163080043524e+00	3.298700e+00
1.044164080043524e+00	3.298309e+00
1.044180080043524e+00	3.298701e+00
1.044181080043524e+00	3.298309e+00
1.044196563510666e+00	3.298701e+00
1.044197563510666e+00	3.298309e+00
1.044213563510666e+00	3.298701e+00
1.044214563510666e+00	3.298309e+00
1.044230563510666e+00	3.298701e+00
1.044262430292580e+00	3.298309e+00
1.044301045782741e+00	3.298701e+00
1.044378276763063e+00	3.298310e+00
1.044532738723706e+00	3.298702e+00
1.044841662644994e+00	3.298311e+00
1.045459510487569e+00	3.298704e+00
1.046695206172719e+00	3.298315e+00
1.049166597543019e+00	3.298713e+00
1.052096285043019e+00	3.298328e+00
1.055025972543019e+00	3.298727e+00
1.057955660043019e+00	3.298342e+00
1.060885347543019e+00	3.298741e+00
1.063815035043019e+00	3.298356e+00
1.066744722543019e+00	3.298755e+00
1.069674410043019e+00	3.298370e+00
1.072604097543019e+00	3.298769e+00
1.075533785043019e+00	3.298383e+00
1.078463472543019e+00	3.298782e+00
1.081393160043019e+00	3.298397e+00
1.084322847543019e+00	3.298795e+00
1.087252535043019e+00	3.298410e+00
1.090182222543019e+00	3.298808e+00
1.093111910043019e+00	3.298423e+00
1.096041597543019e+00	3.298821e+00
1.098971285043019e+00	3.298435e+00
1.101900972543019e+00	3.298834e+00
1.104830660043019e+00	3.298448e+00
1.107760347543019e+00	3.298846e+00
1.110690035043019e+00	3.298460e+00
1.113619722543019e+00	3.298858e+00
1.116549410043019e+00	3.298473e+00
1.119479097543019e+00	3.298871e+00
1.122408785043019e+00	3.298485e+00
1.125338472543019e+00	3.298882e+00
1.128268160043019e+00	3.298497e+00
1.131197847543019e+00	3.298894e+00
1.134127535043019e+00	3.298508e+00
1.137057222543019e+00	3.298906e+00
1.139986910043019e+00	3.298520e+00
1.142916597543019e+00	3.298917e+00
1.145846285043019e+00	3.298531e+00
1.148775972543019e+00	3.298929e+00
1.151705660043019e+00	3.298542e+00
1.154635347543019e+00	3.298940e+00
1.157565035043019e+00	3.298553e+00
1.160494722543019e+00	3.298951e+00
1.163424410043019e+00	3.298564e+00
1.166354097543019e+00	3.298962e+00
1.169283785043019e+00	3.298575e+00
1.172213472543019e+00	3.298972e+00
1.175143160043019e+00	3.298586e+00
1.178072847543019e+00	3.298983e+00
1.181002535043019e+00	3.298596e+00
1.183932222543019e+00	3.298993e+00
1.186861910043019e+00	3.298607e+00
1.189791597543019e+00	3.299003e+00
1.192721285043019e+00	3.298617e+00
1.195650972543019e+00	3.299014e+00
1.198580660043019e+00	3.298627e+00
1.201510347543019e+00	3.299024e+00
1.204440035043019e+00	3.298637e+00
1.207369722543019e+00	3.299033e+00
1.210299410043019e+00	3.298646e+00
1.213229097543019e+00	3.299043e+00
1.216158785043019e+00	3.298656e+00
1.219088472543019e+00	3.299052e+00
1.222018160043019e+00	3.298666e+00
1.224947847543019e+00	3.299062e+00
1.227877535043019e+00	3.298675e+00
1.230807222543019e+00	3.299071e+00
1.233736910043019e+00	3.298684e+00
1.236666597543019e+00	3.299080e+00
1.239596285043019e+00	3.298693e+00
1.242525972543019e+00	3.299089e+00
1.245455660043019e+00	3.298702e+00
1.248385347543019e+00	3.299098e+00
1.251315035043019e+00	3.298711e+00
1.254244722543019e+00	3.299107e+00
1.257174410043019e+00	3.298719e+00
1.260104097543019e+00	3.299116e+00
1.263033785043019e+00	3.298728e+00
1.265963472543019e+00	3.299124e+00
1.268893160043019e+00	3.298737e+00
1.271822847543019e+00	3.299133e+00
1.274752535043019e+00	3.298745e+00
1.277682222543019e+00	3.299141e+00
1.280611910043019e+00	3.298753e+00
1.283541597543019e+00	3.299149e+00
1.286471285043019e+00	3.298761e+00
1.289400972543019e+00	3.299157e+00
1.292330660043019e+00	3.298769e+00
1.295260347543019e+00	3.299165e+00
1.298190035043019e+00	3.298777e+00
1.301119722543019e+00	3.299173e+00
1.304049410043019e+00	3.298785e+00
1.306979097543019e+00	3.299181e+00
1.309908785043019e+00	3.298792e+00
1.312838472543019e+00	3.299188e+00
1.315768160043019e+00	3.298800e+00
1.318697847543019e+00	3.299196e+00
1.321627535043019e+00	3.298807e+00
1.324557222543019e+00	3.299203e+00
1.327486910043019e+00	3.298815e+00
1.330416597543019e+00	3.299210e+00
1.333346285043019e+00	3.298822e+00
1.336275972543019e+00	3.299217e+00
1.339205660043019e+00	3.298829e+00
1.342135347543019e+00	3.299224e+00
1.345065035043019e+00	3.298836e+00
1.347994722543019e+00	3.299232e+00
1.350924410043019e+00	3.298843e+00
1.353854097543019e+00	3.299238e+00
1.356783785043019e+00	3.298850e+00
1.359713472543019e+00	3.299245e+00
1.362643160043019e+00	3.298856e+00
1.365572847543019e+00	3.299252e+00
1.368502535043019e+00	3.298863e+00
1.371432222543019e+00	3.299258e+00
1.374361910043019e+00	3.298870e+00
1.377291597543019e+00	3.299265e+00
1.380221285043019e+00	3.298876e+00
1.383150972543019e+00	3.299271e+00
1.386080660043019e+00	3.298883e+00
1.389010347543019e+00	3.299278e+00
1.391940035043019e+00	3.298889e+00
1.394869722543019e+00	3.299284e+00
1.397799410043019e+00	3.298895e+00
1.400729097543019e+00	3.299290e+00
1.403658785043019e+00	3.298901e+00
1.406588472543019e+00	3.299296e+00
1.409518160043019e+00	3.298907e+00
1.412447847543019e+00	3.299302e+00
1.415377535043019e+00	3.298913e+00
1.418307222543019e+00	3.299308e+00
1.421236910043019e+00	3.298919e+00
1.424166597543019e+00	3.299314e+00
1.427096285043019e+00	3.298925e+00
1.430025972543019e+00	3.299320e+00
1.432955660043019e+00	3.298930e+00
1.435885347543019e+00	3.299325e+00
1.438815035043019e+00	3.298936e+00
1.441744722543019e+00	3.299331e+00
1.444674410043019e+00	3.298941e+00
1.447604097543019e+00	3.299336e+00
1.450533785043019e+00	3.298947e+00
1.453463472543019e+00	3.299341e+00
1.456393160043019e+00	3.298952e+00
1.459322847543019e+00	3.299346e+00
1.462252535043019e+00	3.298957e+00
1.465182222543019e+00	3.299351e+00
1.468111910043019e+00	3.298962e+00
1.471041597543019e+00	3.299357e+00
1.473971285043019e+00	3.298967e+00
1.476900972543019e+00	3.299362e+00
1.479830660043019e+00	3.298972e+00
1.480196870980519e+00	3.299168e+00
1.480929292855519e+00	3.299169e+00
1.482394136605519e+00	3.299170e+00
1.482760347543019e+00	3.299170e+00
1.483492769418019e+00	3.299110e+00
1.483585974255519e+00	3.299092e+00
1.483609275464894e+00	3.299087e+00
1.483655877883645e+00	3.299078e+00
1.483667528488332e+00	3.299075e+00
1.483670441139504e+00	3.299074e+00
1.483676266441848e+00	3.299073e+00
1.483687917046535e+00	3.299070e+00
1.483690829697707e+00	3.298768e+00
1.483691557860500e+00	3.298579e+00
1.483693014186086e+00	3.298179e+00
1.483693378267483e+00	3.298071e+00
1.483693389645026e+00	3.296553e+00
1.483693412400114e+00	3.292939e+00
1.483693457910288e+00	3.283389e+00
1.483693548930637e+00	3.239372e+00
1.483693571685725e+00	3.217438e+00
1.483693617195899e+00	3.158581e+00
1.483693708216248e+00	2.855610e+00
1.483693710536888e+00	2.843620e+00
1.483693715178166e+00	2.819001e+00
1.483693724460724e+00	2.765701e+00
1.483693743025839e+00	2.640457e+00
1.483693747667117e+00	2.603983e+00
1.483693748827437e+00	2.594744e+00
1.483693751148077e+00	2.576023e+00
1.483693751728236e+00	2.571251e+00
1.483693752888556e+00	2.561644e+00
1.483693755209195e+00	2.542051e+00
1.483693755281715e+00	2.541430e+00
1.483693755426755e+00	2.540188e+00
1.483693755716835e+00	2.537696e+00
1.483693755725900e+00	2.537618e+00
1.483693755744030e+00	2.537462e+00
1.483693755780290e+00	2.537150e+00
1.483693755781423e+00	2.537141e+00
1.483693755783690e+00	2.537121e+00
1.483693755784256e+00	2.537116e+00
1.483693755785389e+00	2.537107e+00
1.483693755787655e+00	2.537087e+00
1.483693755792188e+00	2.537048e+00
1.483693755801253e+00	2.536970e+00
1.483693755819383e+00	2.536814e+00
1.483693755855643e+00	2.536501e+00
1.483693755928163e+00	2.535877e+00
1.483693756073203e+00	2.534625e+00
1.483693756363283e+00	2.532122e+00
1.483693756943443e+00	2.527142e+00
1.483693758103762e+00	2.517355e+00
1.483693760424402e+00	2.498532e+00
1.483693765065681e+00	2.463212e+00
1.483693774348238e+00	2.396919e+00
1.483693792913353e+00	2.268521e+00
1.483693830043582e+00	2.012604e+00
1.483693904304042e+00	1.500357e+00
1.483694052824961e+00	4.756283e-01
1.483694089955191e+00	2.193392e-01
1.483694099237748e+00	1.552685e-01
1.483694117802863e+00	2.712738e-02
1.483694118383023e+00	2.312297e-02
1.483694119543343e+00	1.511413e-02
1.483694119833423e+00	1.311192e-02
1.483694120413583e+00	9.107492e-03
1.483694120558622e+00	8.106383e-03
1.483694120848702e+00	6.104167e-03
1.483694120921222e+00	5.603612e-03
1.483694121066262e+00	4.964458e-03
1.483694121356342e+00	4.832282e-03
1.483694121855803e+00	4.901898e-03
1.483694122375092e+00	4.839646e-03
1.483694123413670e+00	4.866645e-03
1.483694125490826e+00	4.799189e-03
1.483694129645138e+00	4.773481e-03
1.483694137953761e+00	4.618586e-03
1.483694154571007e+00	4.410180e-03
1.483694187805499e+00	3.895394e-03
1.483694254274485e+00	2.970571e-03
1.483694387212455e+00	3.772208e-03
1.483694653088395e+00	3.761524e-03
1.483695184840276e+00	3.699396e-03
1.483695786565186e+00	3.724273e-03
1.483696744481876e+00	3.677285e-03
1.483698385319973e+00	3.687882e-03
1.483701666996166e+00	3.616190e-03
1.483708230348552e+00	3.648485e-03
1.483715208847705e+00	3.616087e-03
1.483722462601734e+00	3.648510e-03
1.483736030519253e+00	3.615990e-03
1.483755737749099e+00	3.648451e-03
1.483792245354805e+00	3.615831e-03
1.483865260566218e+00	3.648180e-03
1.483992370629105e+00	3.615317e-03
1.484243029507934e+00	3.647221e-03
1.484703397699373e+00	3.613508e-03
1.485568046694373e+00	3.643856e-03
1.487206955702338e+00	3.607165e-03
1.490136643202338e+00	3.632336e-03
1.493066330702338e+00	3.592470e-03
1.495996018202338e+00	3.617745e-03
1.498925705702338e+00	3.577983e-03
1.498926705702338e+00	3.610686e-03
1.498942705702338e+00	3.577772e-03
1.498943705702338e+00	3.610758e-03
1.498959504139177e+00	3.577620e-03
1.498960504139177e+00	3.610790e-03
1.498976504139177e+00	3.577506e-03
1.498977504139178e+00	3.610796e-03
1.498993504139178e+00	3.577418e-03
1.499025504139177e+00	3.610682e-03
1.499066266994485e+00	3.577238e-03
1.499147792705100e+00	3.610383e-03
1.499310844126330e+00	3.576637e-03
1.499636946968791e+00	3.609183e-03
1.500289152653711e+00	3.574240e-03
1.501593564023553e+00	3.604400e-03
1.504202386763235e+00	3.564710e-03
1.507132074263235e+00	3.590980e-03
1.510061761763235e+00	3.550607e-03
1.512991449263235e+00	3.576977e-03
1.515921136763235e+00	3.536703e-03
1.518850824263235e+00	3.563171e-03
1.521780511763235e+00	3.522995e-03
1.524710199263235e+00	3.549560e-03
1.527639886763235e+00	3.509480e-03
1.530569574263235e+00	3.536140e-03
1.533499261763235e+00	3.496155e-03
1.536428949263235e+00	3.522909e-03
1.539358636763235e+00	3.483018e-03
1.542288324263235e+00	3.509865e-03
1.545218011763235e+00	3.470065e-03
1.548147699263235e+00	3.497004e-03
1.551077386763235e+00	3.457295e-03
1.554007074263235e+00	3.484324e-03
1.556936761763235e+00	3.444704e-03
1.559866449263235e+00	3.471823e-03
1.562796136763235e+00	3.432291e-03
1.565725824263235e+00	3.459497e-03
1.568655511763235e+00	3.420053e-03
1.571585199263235e+00	3.447345e-03
1.574514886763235e+00	3.407987e-03
1.577444574263235e+00	3.435364e-03
1.580374261763235e+00	3.396090e-03
1.583303949263235e+00	3.423552e-03
1.586233636763235e+00	3.384362e-03
1.589163324263235e+00	3.411906e-03
1.592093011763235e+00	3.372798e-03
1.595022699263235e+00	3.400424e-03
1.597952386763235e+00	3.361397e-03
1.600882074263235e+00	3.389104e-03
1.603811761763235e+00	3.350156e-03
1.606741449263235e+00	3.377943e-03
1.609671136763235e+00	3.339074e-03
1.612600824263235e+00	3.366939e-03
1.615530511763235e+00	3.328148e-03
1.618460199263235e+00	3.356090e-03
1.621389886763235e+00	3.317375e-03
1.624319574263235e+00	3.345393e-03
1.627249261763235e+00	3.306754e-03
1.630178949263235e+00	3.334848e-03
1.633108636763235e+00	3.296283e-03
1.636038324263235e+00	3.324450e-03
1.638968011763235e+00	3.285959e-03
1.641897699263235e+00	3.314199e-03
1.644827386763235e+00	3.275781e-03
1.647757074263235e+00	3.304093e-03
1.650686761763235e+00	3.265745e-03
1.653616449263235e+00	3.294128e-03
1.656546136763235e+00	3.255851e-03
1.659475824263235e+00	3.284304e-03
1.662405511763235e+00	3.246096e-03
1.665335199263235e+00	3.274618e-03
1.668264886763235e+00	3.236479e-03
1.671194574263235e+00	3.265069e-03
1.674124261763235e+00	3.226997e-03
1.677053949263235e+00	3.255654e-03
1.679983636763235e+00	3.217648e-03
1.682913324263235e+00	3.246371e-03
1.685843011763235e+00	3.208431e-03
1.688772699263235e+00	3.237219e-03
1.691702386763235e+00	3.199344e-03
1.694632074263235e+00	3.228196e-03
1.697561761763235e+00	3.190385e-03
1.700491449263235e+00	3.219300e-03
1.703421136763235e+00	3.181551e-03
1.706350824263235e+00	3.210529e-03
1.709280511763235e+00	3.172843e-03
1.712210199263235e+00	3.201882e-03
1.715139886763235e+00	3.164256e-03
1.718069574263235e+00	3.193357e-03
1.720999261763235e+00	3.155791e-03
1.723928949263235e+00	3.184951e-03
1.726858636763235e+00	3.147444e-03
1.729788324263235e+00	3.176664e-03
1.732718011763235e+00	3.139216e-03
1.735647699263235e+00	3.168493e-03
1.738577386763235e+00	3.131103e-03
1.741507074263235e+00	3.160437e-03
1.744436761763235e+00	3.123104e-03
1.747366449263235e+00	3.152495e-03
1.750296136763235e+00	3.115218e-03
1.753225824263235e+00	3.144665e-03
1.756155511763235e+00	3.107443e-03
1.759085199263235e+00	3.136944e-03
1.762014886763235e+00	3.099777e-03
1.764944574263235e+00	3.129333e-03
1.767874261763235e+00	3.092219e-03
1.770803949263235e+00	3.121829e-03
1.773733636763235e+00	3.084768e-03
1.776663324263235e+00	3.114430e-03
1.779593011763235e+00	3.077421e-03
1.782522699263235e+00	3.107135e-03
1.785452386763235e+00	3.070178e-03
1.788382074263235e+00	3.099943e-03
1.791311761763235e+00	3.063037e-03
1.794241449263235e+00	3.092853e-03
1.797171136763235e+00	3.055996e-03
1.800100824263235e+00	3.085862e-03
1.803030511763235e+00	3.049055e-03
1.805960199263235e+00	3.078969e-03
1.808889886763235e+00	3.042211e-03
1.811819574263235e+00	3.072174e-03
1.814749261763235e+00	3.035463e-03
1.817678949263235e+00	3.065474e-03
1.820608636763235e+00	3.028811e-03
1.823538324263235e+00	3.058869e-03
1.826468011763235e+00	3.022252e-03
1.829397699263235e+00	3.052356e-03
1.832327386763235e+00	3.015786e-03
1.835257074263235e+00	3.045935e-03
1.838186761763235e+00	3.009410e-03
1.841116449263235e+00	3.039605e-03
1.844046136763235e+00	3.003124e-03
1.846975824263235e+00	3.033364e-03
1.849905511763235e+00	2.996927e-03
1.852835199263235e+00	3.027210e-03
1.855764886763235e+00	2.990817e-03
1.858694574263235e+00	3.021143e-03
1.861624261763235e+00	2.984793e-03
1.864553949263235e+00	3.015162e-03
1.867483636763235e+00	2.978854e-03
1.870413324263235e+00	3.009265e-03
1.873343011763235e+00	2.972998e-03
1.876272699263235e+00	3.003451e-03
1.879202386763235e+00	2.967225e-03
1.882132074263235e+00	2.997718e-03
1.885061761763235e+00	2.961533e-03
1.887991449263235e+00	2.992066e-03
1.890921136763235e+00	2.955921e-03
1.893850824263235e+00	2.986494e-03
1.896780511763235e+00	2.950455e-03
1.899710199263235e+00	2.981136e-03
1.902639886763235e+00	2.945135e-03
1.905569574263235e+00	2.975854e-03
1.908499261763235e+00	2.939891e-03
1.911428949263235e+00	2.970647e-03
1.914358636763235e+00	2.934721e-03
1.917288324263235e+00	2.965513e-03
1.920218011763235e+00	2.929623e-03
1.923147699263235e+00	2.960452e-03
1.926077386763235e+00	2.924598e-03
1.929007074263235e+00	2.955462e-03
1.931936761763235e+00	2.919643e-03
1.934866449263235e+00	2.950542e-03
1.935232660200735e+00	2.933562e-03
1.935965082075735e+00	2.932952e-03
1.937429925825735e+00	2.931736e-03
1.937796136763235e+00	2.931433e-03
1.938528558638235e+00	3.007712e-03
1.938543213070920e+00	3.010842e-03
1.938572521936289e+00	3.017231e-03
1.938579849152632e+00	3.018877e-03
1.938594503585316e+00	3.022202e-03
1.938598167193488e+00	3.023045e-03
1.938605494409830e+00	3.024740e-03
1.938607326213915e+00	3.025167e-03
1.938610989822086e+00	3.026023e-03
1.938618317038429e+00	3.646890e-03
1.938618546013940e+00	3.711963e-03
1.938619003964961e+00	3.844151e-03
1.938619118452716e+00	3.877994e-03
1.938619347428227e+00	3.946265e-03
1.938619404672105e+00	3.963552e-03
1.938619519159860e+00	3.998277e-03
1.938619547781799e+00	4.007014e-03
1.938619605025677e+00	4.024526e-03
1.938619719513432e+00	3.582086e-02
1.938619853725390e+00	2.677082e-01
1.938619882063715e+00	3.933196e-01
1.938619889148296e+00	4.274625e-01
1.938619903317458e+00	5.016644e-01
1.938619931655782e+00	6.922250e-01
1.938619932541355e+00	6.991969e-01
1.938619932762748e+00	7.009442e-01
1.938619932818096e+00	7.013813e-01
1.938619932928793e+00	7.022561e-01
1.938619932956467e+00	7.024750e-01
1.938619933011815e+00	7.029129e-01
1.938619933013545e+00	7.029266e-01
1.938619933017004e+00	7.029539e-01
1.938619933017869e+00	7.029608e-01
1.938619933019599e+00	7.029745e-01
1.938619933020031e+00	7.029779e-01
1.938619933020896e+00	7.029848e-01
1.938619933022625e+00	7.029984e-01
1.938619933026085e+00	7.030258e-01
1.938619933033003e+00	7.030806e-01
1.938619933046840e+00	7.031901e-01
1.938619933074514e+00	7.034093e-01
1.938619933129863e+00	7.038478e-01
1.938619933240559e+00	7.047255e-01
1.938619933461952e+00	7.064826e-01
1.938619933904739e+00	7.099890e-01
1.938619934790311e+00	7.169169e-01
1.938619936561457e+00	7.303733e-01
1.938619940103747e+00	7.558317e-01
1.938619947188328e+00	8.034031e-01
1.938619961357490e+00	8.942127e-01
1.938619989695815e+00	1.073739e+00
1.938620046372463e+00	1.433143e+00
1.938620159725760e+00	2.152058e+00
1.938620188064085e+00	2.331860e+00
1.938620244740733e+00	2.691465e+00
1.938620258909895e+00	2.781373e+00
1.938620287248219e+00	2.961195e+00
1.938620294332801e+00	3.006152e+00
1.938620308501963e+00	3.096069e+00
1.938620336840287e+00	3.275907e+00
1.938620337725860e+00	3.281527e+00
1.938620339497005e+00	3.292767e+00
1.938620339939791e+00	3.295577e+00
1.938620340050488e+00	3.296279e+00
1.938620340271881e+00	3.297153e+00
1.938620340714667e+00	3.297270e+00
1.938620341600240e+00	3.297200e+00
1.938620343371385e+00	3.297294e+00
1.938620346913676e+00	3.297277e+00
1.938620353998257e+00	3.297435e+00
1.938620368167419e+00	3.297563e+00
1.938620396505743e+00	3.298003e+00
1.938620453182392e+00	3.298695e+00
1.938620566535689e+00	3.298327e+00
1.938620793242283e+00	3.298311e+00
1.938621246655471e+00	3.298402e+00
1.938622153481848e+00	3.298357e+00
1.938623419930064e+00	3.298432e+00
1.938625952826496e+00	3.298405e+00
1.938626586050604e+00	3.298443e+00
1.938627852498820e+00	3.298460e+00
1.938628169110874e+00	3.298464e+00
1.938628802334982e+00	3.298466e+00
1.938629727193400e+00	3.298466e+00
1.938630585362408e+00	3.298466e+00
1.938631981822588e+00	3.298466e+00
1.938634774742947e+00	3.298466e+00
1.938640360583665e+00	3.298466e+00
1.938651532265102e+00	3.298466e+00
1.938673875627976e+00	3.298466e+00
1.938718562353722e+00	3.298466e+00
1.938807935805216e+00	3.298466e+00
1.938986682708204e+00	3.298467e+00
1.939344176514179e+00	3.298468e+00
1.940059164126130e+00	3.298470e+00
1.941489139350030e+00	3.298473e+00
1.944349089797832e+00	3.298481e+00
1.947278777297832e+00	3.298488e+00
1.950208464797832e+00	3.298496e+00
1.953138152297832e+00	3.298503e+00
1.956067839797832e+00	3.298510e+00
1.958997527297832e+00	3.298517e+00
1.961927214797832e+00	3.298524e+00
1.964856902297832e+00	3.298531e+00
1.967786589797832e+00	3.298538e+00
1.970716277297832e+00	3.298545e+00
1.973645964797832e+00	3.298552e+00
1.976575652297832e+00	3.298559e+00
1.979505339797832e+00	3.298566e+00
1.982435027297832e+00	3.298573e+00
1.985364714797832e+00	3.298579e+00
1.988294402297832e+00	3.298586e+00
1.991224089797832e+00	3.298593e+00
1.994153777297832e+00	3.298599e+00
1.997083464797832e+00	3.298606e+00
2.000013152297832e+00	3.298612e+00
2.002942839797832e+00	3.298619e+00
2.005872527297832e+00	3.298625e+00
2.008802214797832e+00	3.298631e+00
2.011731902297832e+00	3.298638e+00
2.014661589797832e+00	3.298644e+00
2.017591277297832e+00	3.298650e+00
2.020520964797832e+00	3.298656e+00
2.023450652297832e+00	3.298662e+00
2.026380339797832e+00	3.298669e+00
2.029310027297832e+00	3.298675e+00
2.032239714797832e+00	3.298681e+00
2.035169402297832e+00	3.298687e+00
2.038099089797832e+00	3.298692e+00
2.041028777297832e+00	3.298698e+00
2.043958464797832e+00	3.298704e+00
2.046888152297832e+00	3.298710e+00
2.049817839797832e+00	3.298716e+00
2.052747527297832e+00	3.298721e+00
2.055677214797832e+00	3.298727e+00
2.058606902297832e+00	3.298733e+00
2.061536589797832e+00	3.298738e+00
2.064466277297832e+00	3.298744e+00
2.067395964797832e+00	3.298749e+00
2.070325652297832e+00	3.298755e+00
2.073255339797832e+00	3.298760e+00
2.076185027297832e+00	3.298766e+00
2.079114714797832e+00	3.298771e+00
2.082044402297832e+00	3.298776e+00
2.084974089797832e+00	3.298782e+00
2.087903777297832e+00	3.298787e+00
2.090833464797832e+00	3.298792e+00
2.093763152297832e+00	3.298797e+00
2.096692839797832e+00	3.298802e+00
2.099622527297832e+00	3.298807e+00
2.102552214797832e+00	3.298813e+00
2.105481902297832e+00	3.298818e+00
2.108411589797832e+00	3.298823e+00
2.111341277297832e+00	3.298827e+00
2.114270964797832e+00	3.298832e+00
2.117200652297832e+00	3.298837e+00
2.120130339797832e+00	3.298842e+00
2.123060027297832e+00	3.298847e+00
2.125989714797832e+00	3.298852e+00
2.128919402297832e+00	3.298856e+00
2.131849089797832e+00	3.298861e+00
2.134778777297832e+00	3.298866e+00
2.137708464797832e+00	3.298871e+00
2.140638152297832e+00	3.298875e+00
2.143567839797832e+00	3.298880e+00
2.146497527297832e+00	3.298884e+00
2.149427214797832e+00	3.298889e+00
2.152356902297832e+00	3.298893e+00
2.155286589797832e+00	3.298898e+00
2.158216277297832e+00	3.298902e+00
2.161145964797832e+00	3.298907e+00
2.164075652297832e+00	3.298911e+00
2.167005339797832e+00	3.298915e+00
2.169935027297832e+00	3.298920e+00
2.172864714797832e+00	3.298924e+00
2.175794402297832e+00	3.298928e+00
2.178724089797832e+00	3.298932e+00
2.181653777297832e+00	3.298936e+00
2.184583464797832e+00	3.298941e+00
2.187513152297832e+00	3.298945e+00
2.190442839797832e+00	3.298949e+00
2.193372527297832e+00	3.298953e+00
2.196302214797832e+00	3.298957e+00
2.199231902297832e+00	3.298961e+00
2.202161589797832e+00	3.298965e+00
2.205091277297832e+00	3.298969e+00
2.208020964797832e+00	3.298973e+00
2.210950652297832e+00	3.298977e+00
2.213880339797832e+00	3.298981e+00
2.216810027297832e+00	3.298984e+00
2.219739714797832e+00	3.298988e+00
2.222669402297832e+00	3.298992e+00
2.225599089797832e+00	3.298996e+00
2.228528777297832e+00	3.299000e+00
2.231458464797832e+00	3.299003e+00
2.234388152297832e+00	3.299007e+00
2.237317839797832e+00	3.299011e+00
2.240247527297832e+00	3.299014e+00
2.243177214797832e+00	3.299018e+00
2.246106902297832e+00	3.299021e+00
2.249036589797832e+00	3.299025e+00
2.251966277297832e+00	3.299028e+00
2.254895964797832e+00	3.299032e+00
2.257825652297832e+00	3.299035e+00
2.260755339797832e+00	3.299039e+00
2.263685027297832e+00	3.299042e+00
2.266614714797832e+00	3.299046e+00
2.269544402297832e+00	3.299049e+00
2.272474089797832e+00	3.299052e+00
2.275403777297832e+00	3.299056e+00
2.278333464797832e+00	3.299059e+00
2.281263152297832e+00	3.299062e+00
2.284192839797832e+00	3.299066e+00
2.287122527297832e+00	3.299069e+00
2.290052214797832e+00	3.299072e+00
2.292981902297832e+00	3.299075e+00
2.295911589797832e+00	3.299078e+00
2.298841277297832e+00	3.299082e+00
2.301770964797832e+00	3.299085e+00
2.304700652297832e+00	3.299088e+00
2.307630339797832e+00	3.299091e+00
2.310560027297832e+00	3.299094e+00
2.313489714797832e+00	3.299097e+00
2.316419402297832e+00	3.299100e+00
2.319349089797832e+00	3.299103e+00
2.322278777297832e+00	3.299106e+00
2.325208464797832e+00	3.299109e+00
2.328138152297832e+00	3.299112e+00
2.331067839797832e+00	3.299115e+00
2.333997527297832e+00	3.299118e+00
2.336927214797832e+00	3.299121e+00
2.339856902297832e+00	3.299123e+00
2.342786589797832e+00	3.299126e+00
2.345716277297832e+00	3.299129e+00
2.348645964797832e+00	3.299132e+00
2.351575652297832e+00	3.299134e+00
2.354505339797832e+00	3.299137e+00
2.357435027297832e+00	3.299140e+00
2.360364714797832e+00	3.299143e+00
2.363294402297832e+00	3.299145e+00
2.366224089797832e+00	3.299148e+00
2.369153777297832e+00	3.299150e+00
2.372083464797832e+00	3.299153e+00
2.375013152297832e+00	3.299155e+00
2.377942839797832e+00	3.299158e+00
2.380872527297832e+00	3.299161e+00
2.383802214797832e+00	3.299163e+00
2.386731902297832e+00	3.299165e+00
2.389661589797832e+00	3.299168e+00
2.390027800735332e+00	3.299168e+00
2.390760222610332e+00	3.299169e+00
2.392225066360332e+00	3.299170e+00
2.392591277297832e+00	3.299170e+00
2.393323699172832e+00	3.299114e+00
2.393425638728945e+00	3.299095e+00
2.393451123617974e+00	3.299090e+00
2.393502093396030e+00	3.299080e+00
2.393514835840544e+00	3.299077e+00
2.393540320729573e+00	3.299072e+00
2.393546691951830e+00	3.299070e+00
2.393548284757394e+00	3.298888e+00
2.393548682958785e+00	3.298792e+00
2.393549479361567e+00	3.298594e+00
2.393551072167132e+00	3.298162e+00
2.393551121942306e+00	3.298147e+00
2.393551221492654e+00	3.298119e+00
2.393551246380240e+00	3.298111e+00
2.393551296155414e+00	3.298097e+00
2.393551395705762e+00	3.295689e+00
2.393551420593349e+00	3.290926e+00
2.393551470368523e+00	3.278526e+00
2.393551569918871e+00	3.212924e+00
2.393551593997965e+00	3.179461e+00
2.393551642156154e+00	3.087709e+00
2.393551654195701e+00	3.053999e+00
2.393551678274795e+00	2.976012e+00
2.393551684294569e+00	2.952266e+00
2.393551696334116e+00	2.901321e+00
2.393551720413210e+00	2.775496e+00
2.393551726432984e+00	2.737190e+00
2.393551738472531e+00	2.655024e+00
2.393551741482418e+00	2.632328e+00
2.393551747502192e+00	2.585349e+00
2.393551749007135e+00	2.573000e+00
2.393551752017022e+00	2.547878e+00
2.393551752769493e+00	2.541437e+00
2.393551752957611e+00	2.539823e+00
2.393551753004641e+00	2.539420e+00
2.393551753098700e+00	2.538612e+00
2.393551753122214e+00	2.538410e+00
2.393551753169244e+00	2.538006e+00
2.393551753263303e+00	2.537197e+00
2.393551753266242e+00	2.537171e+00
2.393551753272121e+00	2.537121e+00
2.393551753273591e+00	2.537108e+00
2.393551753276530e+00	2.537083e+00
2.393551753282408e+00	2.537032e+00
2.393551753294166e+00	2.536931e+00
2.393551753317681e+00	2.536728e+00
2.393551753364710e+00	2.536323e+00
2.393551753458769e+00	2.535512e+00
2.393551753646887e+00	2.533889e+00
2.393551754023123e+00	2.530645e+00
2.393551754775594e+00	2.524217e+00
2.393551756280538e+00	2.511669e+00
2.393551759290425e+00	2.487781e+00
2.393551765310198e+00	2.443139e+00
2.393551777349745e+00	2.358574e+00
2.393551801428840e+00	2.192566e+00
2.393551849587029e+00	1.860468e+00
2.393551945903406e+00	1.196072e+00
2.393551969982501e+00	1.029926e+00
2.393552018140689e+00	6.976162e-01
2.393552114457067e+00	3.288289e-02
2.393552117466954e+00	1.210775e-02
2.393552118219425e+00	6.913953e-03
2.393552118407543e+00	5.615504e-03
2.393552118454572e+00	5.290892e-03
2.393552118548631e+00	4.925707e-03
2.393552118736749e+00	4.862340e-03
2.393552119112985e+00	4.883681e-03
2.393552119533636e+00	4.860349e-03
2.393552120374937e+00	4.860474e-03
2.393552122057538e+00	4.825323e-03
2.393552125422742e+00	4.786028e-03
2.393552132153149e+00	4.678486e-03
2.393552145613962e+00	4.491806e-03
2.393552172535589e+00	4.091913e-03
2.393552226378843e+00	3.323549e-03
2.393552334065352e+00	3.797115e-03
2.393552547863561e+00	3.763169e-03
2.393552812279837e+00	3.726848e-03
2.393553341112391e+00	3.719482e-03
2.393554053904673e+00	3.698066e-03
2.393555289849821e+00	3.692015e-03
2.393557543413062e+00	3.649213e-03
2.393558106803872e+00	3.646940e-03
2.393559233585492e+00	3.633075e-03
2.393561487148733e+00	3.631678e-03
2.393565192307485e+00	3.632881e-03
2.393569015209625e+00	3.631775e-03
2.393574486251451e+00	3.632768e-03
2.393583482000047e+00	3.631793e-03
2.393598517112419e+00	3.632676e-03
2.393628587337164e+00	3.631695e-03
2.393687163265750e+00	3.632441e-03
2.393796531801755e+00	3.631272e-03
2.394014888322213e+00	3.631605e-03
2.394429136395078e+00	3.629664e-03
2.395236768044271e+00	3.628500e-03
2.396802773011809e+00	3.623649e-03
2.399732460511809e+00	3.617157e-03
2.402662148011809e+00	3.608945e-03
2.405591835511809e+00	3.602557e-03
2.408521523011809e+00	3.594449e-03
2.411451210511809e+00	3.588163e-03
2.414380898011809e+00	3.580156e-03
2.417310585511809e+00	3.573971e-03
2.420240273011809e+00	3.566065e-03
2.423169960511809e+00	3.559979e-03
2.426099648011809e+00	3.552172e-03
2.429029335511809e+00	3.546184e-03
2.431959023011809e+00	3.538475e-03
2.434888710511809e+00	3.532583e-03
2.437818398011809e+00	3.524970e-03
2.440748085511809e+00	3.519174e-03
2.443677773011809e+00	3.511656e-03
2.446607460511809e+00	3.505953e-03
2.449537148011809e+00	3.498529e-03
2.452466835511809e+00	3.492919e-03
2.455396523011809e+00	3.485586e-03
2.458326210511809e+00	3.480067e-03
2.461255898011809e+00	3.472826e-03
2.464185585511809e+00	3.467398e-03
2.467115273011809e+00	3.460246e-03
2.470044960511809e+00	3.454906e-03
2.472974648011809e+00	3.447843e-03
2.475904335511809e+00	3.442590e-03
2.478834023011809e+00	3.435614e-03
2.481763710511809e+00	3.430447e-03
2.484693398011809e+00	3.423557e-03
2.487623085511809e+00	3.418475e-03
2.490552773011809e+00	3.411670e-03
2.493482460511809e+00	3.406672e-03
2.496412148011809e+00	3.399951e-03
2.499341835511809e+00	3.395035e-03
2.502271523011809e+00	3.388396e-03
2.505201210511809e+00	3.383562e-03
2.508130898011809e+00	3.377005e-03
2.511060585511809e+00	3.372250e-03
2.513990273011809e+00	3.365773e-03
2.516919960511809e+00	3.361098e-03
2.519849648011809e+00	3.354700e-03
2.522779335511809e+00	3.350103e-03
2.525709023011809e+00	3.343782e-03
2.528638710511809e+00	3.339262e-03
2.531568398011809e+00	3.333018e-03
2.534498085511809e+00	3.328574e-03
2.537427773011809e+00	3.322406e-03
2.540357460511809e+00	3.318036e-03
2.543287148011809e+00	3.311943e-03
2.546216835511809e+00	3.307647e-03
2.549146523011809e+00	3.301627e-03
2.552076210511809e+00	3.297404e-03
2.555005898011809e+00	3.291456e-03
2.557935585511809e+00	3.287305e-03
2.560865273011809e+00	3.281429e-03
2.563794960511809e+00	3.277348e-03
2.566724648011809e+00	3.271543e-03
2.569654335511809e+00	3.267532e-03
2.572584023011809e+00	3.261796e-03
2.575513710511809e+00	3.257853e-03
2.578443398011809e+00	3.252186e-03
2.581373085511809e+00	3.248311e-03
2.584302773011809e+00	3.242712e-03
2.587232460511809e+00	3.238903e-03
2.590162148011809e+00	3.233370e-03
2.593091835511809e+00	3.229628e-03
2.596021523011809e+00	3.224161e-03
2.598951210511809e+00	3.220483e-03
2.601880898011809e+00	3.215081e-03
2.604810585511809e+00	3.211467e-03
2.607740273011809e+00	3.206128e-03
2.610669960511809e+00	3.202578e-03
2.613599648011809e+00	3.197302e-03
2.616529335511809e+00	3.193814e-03
2.619459023011809e+00	3.188600e-03
2.622388710511809e+00	3.185173e-03
2.625318398011809e+00	3.180021e-03
2.628248085511809e+00	3.176654e-03
2.631177773011809e+00	3.171562e-03
2.634107460511809e+00	3.168255e-03
2.637037148011809e+00	3.163223e-03
2.639966835511809e+00	3.159974e-03
2.642896523011809e+00	3.155001e-03
2.645826210511809e+00	3.151809e-03
2.648755898011809e+00	3.146894e-03
2.651685585511809e+00	3.143760e-03
2.654615273011809e+00	3.138902e-03
2.657544960511809e+00	3.135824e-03
2.660474648011809e+00	3.131022e-03
2.663404335511809e+00	3.127999e-03
2.666334023011809e+00	3.123253e-03
2.669263710511809e+00	3.120285e-03
2.672193398011809e+00	3.115593e-03
2.675123085511809e+00	3.112679e-03
2.678052773011809e+00	3.108041e-03
2.680982460511809e+00	3.105181e-03
2.683912148011809e+00	3.100596e-03
2.686841835511809e+00	3.097787e-03
2.689771523011809e+00	3.093255e-03
2.692701210511809e+00	3.090499e-03
2.695630898011809e+00	3.086018e-03
2.698560585511809e+00	3.083312e-03
2.701490273011809e+00	3.078883e-03
2.704419960511809e+00	3.076227e-03
2.707349648011809e+00	3.071848e-03
2.710279335511809e+00	3.069241e-03
2.713209023011809e+00	3.064912e-03
2.716138710511809e+00	3.062354e-03
2.719068398011809e+00	3.058073e-03
2.721998085511809e+00	3.055564e-03
2.724927773011809e+00	3.051331e-03
2.727857460511809e+00	3.048869e-03
2.730787148011809e+00	3.044684e-03
2.733716835511809e+00	3.042269e-03
2.736646523011809e+00	3.038130e-03
2.739576210511809e+00	3.035761e-03
2.742505898011809e+00	3.031669e-03
2.745435585511809e+00	3.029345e-03
2.748365273011809e+00	3.025299e-03
2.751294960511809e+00	3.023020e-03
2.754224648011809e+00	3.019018e-03
2.757154335511809e+00	3.016783e-03
2.760084023011809e+00	3.012826e-03
2.763013710511809e+00	3.010634e-03
2.765943398011809e+00	3.006721e-03
2.768873085511809e+00	3.004572e-03
2.771802773011809e+00	3.000702e-03
2.774732460511809e+00	2.998595e-03
2.777662148011809e+00	2.994767e-03
2.780591835511809e+00	2.992703e-03
2.783521523011809e+00	2.988916e-03
2.786451210511809e+00	2.986893e-03
2.789380898011809e+00	2.983148e-03
2.792310585511809e+00	2.981165e-03
2.795240273011809e+00	2.977460e-03
2.798169960511809e+00	2.975517e-03
2.801099648011809e+00	2.971853e-03
2.804029335511809e+00	2.969950e-03
2.806959023011809e+00	2.966399e-03
2.809888710511809e+00	2.964602e-03
2.809889710511809e+00	2.963868e-03
2.809905710511809e+00	2.964443e-03
2.809906710511810e+00	2.963950e-03
2.809922710511810e+00	2.964332e-03
2.809923710511809e+00	2.963999e-03
2.809939710511809e+00	2.964254e-03
2.809969557446298e+00	2.963962e-03
2.810006117835352e+00	2.964191e-03
2.810079238613460e+00	2.963864e-03
2.810225480169677e+00	2.963992e-03
2.810517963282110e+00	2.963467e-03
2.811102929506978e+00	2.963197e-03
2.812272861956711e+00	2.961881e-03
2.814612726856180e+00	2.960036e-03
2.817542414356180e+00	2.957159e-03
2.820472101856180e+00	2.954818e-03
2.823401789356180e+00	2.951978e-03
2.826331476856180e+00	2.949674e-03
2.829261164356180e+00	2.946871e-03
2.832190851856180e+00	2.944603e-03
2.835120539356180e+00	2.941835e-03
2.838050226856180e+00	2.939603e-03
2.840979914356180e+00	2.936871e-03
2.841346125293680e+00	2.936692e-03
2.842078547168680e+00	2.936078e-03
2.843543390918680e+00	2.934851e-03
2.846473078418680e+00	2.932410e-03
2.846839289356180e+00	2.932106e-03
2.847571711231180e+00	2.931499e-03
2.847754816699930e+00	2.934909e-03
2.848121027637430e+00	2.962041e-03
2.848212580371805e+00	2.976442e-03
2.848395685840555e+00	3.010326e-03
2.848441462207742e+00	3.020702e-03
2.848452906299539e+00	3.023336e-03
2.848455767322488e+00	3.023997e-03
2.848461489368387e+00	3.025324e-03
2.848462919879861e+00	3.025657e-03
2.848465780902810e+00	3.026326e-03
2.848471502948709e+00	3.503459e-03
2.848472933460183e+00	3.931933e-03
2.848472978163667e+00	3.945366e-03
2.848473067570634e+00	3.972318e-03
2.848473089922376e+00	3.979090e-03
2.848473134625860e+00	3.992654e-03
2.848473224032827e+00	4.019917e-03
2.848473246384569e+00	4.044780e-03
2.848473291088052e+00	1.131328e-02
2.848473367576756e+00	3.449984e-02
2.848473479137677e+00	1.552109e-01
2.848473502915870e+00	2.123639e-01
2.848473550472256e+00	3.681462e-01
2.848473562361352e+00	4.251336e-01
2.848473565333626e+00	4.398739e-01
2.848473571278175e+00	4.703742e-01
2.848473583167271e+00	5.379275e-01
2.848473586139545e+00	5.565668e-01
2.848473592084094e+00	5.951332e-01
2.848473603973190e+00	6.805397e-01
2.848473604344724e+00	6.833987e-01
2.848473605087793e+00	6.891405e-01
2.848473606573930e+00	7.007689e-01
2.848473606620372e+00	7.011355e-01
2.848473606713255e+00	7.018691e-01
2.848473606736476e+00	7.020526e-01
2.848473606782918e+00	7.024198e-01
2.848473606794528e+00	7.025116e-01
2.848473606817749e+00	7.026953e-01
2.848473606823554e+00	7.027413e-01
2.848473606835165e+00	7.028331e-01
2.848473606858386e+00	7.030169e-01
2.848473606904828e+00	7.033846e-01
2.848473606997711e+00	7.041205e-01
2.848473607183478e+00	7.055941e-01
2.848473607555012e+00	7.085407e-01
2.848473608298081e+00	7.143842e-01
2.848473609784218e+00	7.257959e-01
2.848473612756492e+00	7.475311e-01
2.848473618701040e+00	7.881339e-01
2.848473630590137e+00	8.649731e-01
2.848473654368330e+00	1.015702e+00
2.848473701924715e+00	1.317206e+00
2.848473797037487e+00	1.920405e+00
2.848473987263030e+00	3.127316e+00
2.848473992689660e+00	3.161753e+00
2.848474003542919e+00	3.230631e+00
2.848474006256234e+00	3.247851e+00
2.848474011682864e+00	3.282290e+00
2.848474013039521e+00	3.290900e+00
2.848474013378685e+00	3.293052e+00
2.848474014057014e+00	3.297000e+00
2.848474015413672e+00	3.297428e+00
2.848474018126987e+00	3.297092e+00
2.848474023553616e+00	3.297520e+00
2.848474034406876e+00	3.297319e+00
2.848474056113394e+00	3.297952e+00
2.848474099526432e+00	3.298190e+00
2.848474186352507e+00	3.298443e+00
2.848474360004658e+00	3.298162e+00
2.848474707308959e+00	3.298524e+00
2.848475401917562e+00	3.298220e+00
2.848476501960800e+00	3.298556e+00
2.848478392286174e+00	3.298258e+00
2.848482172936922e+00	3.298627e+00
2.848489734238418e+00	3.298306e+00
2.848496711467209e+00	3.298627e+00
2.848504931034683e+00	3.298305e+00
2.848519571781004e+00	3.298627e+00
2.848540757568454e+00	3.298306e+00
2.848580974620062e+00	3.298627e+00
2.848656758186219e+00	3.298306e+00
2.848784650329700e+00	3.298628e+00
2.849030912818067e+00	3.298307e+00
2.849463067876375e+00	3.298630e+00
2.850255068698367e+00	3.298310e+00
2.851700279930489e+00	3.298635e+00
2.854298392610709e+00	3.298320e+00
2.857228080110709e+00	3.298649e+00
2.860157767610709e+00	3.298335e+00
2.863087455110709e+00	3.298664e+00
2.863088455110709e+00	3.298342e+00
2.863104455110709e+00	3.298664e+00
2.863105455110709e+00	3.298342e+00
2.863120990385414e+00	3.298664e+00
2.863121990385414e+00	3.298342e+00
2.863137990385414e+00	3.298664e+00
2.863138990385414e+00	3.298342e+00
2.863154990385414e+00	3.298664e+00
2.863185853130311e+00	3.298342e+00
2.863223448064454e+00	3.298665e+00
2.863298637932739e+00	3.298342e+00
2.863449017669308e+00	3.298665e+00
2.863749777142447e+00	3.298343e+00
2.864351296088724e+00	3.298667e+00
2.865554333981279e+00	3.298347e+00
2.867960409766389e+00	3.298676e+00
2.870890097266389e+00	3.298361e+00
2.873819784766389e+00	3.298690e+00
2.876749472266389e+00	3.298375e+00
2.879679159766389e+00	3.298704e+00
2.882608847266389e+00	3.298389e+00
2.885538534766389e+00	3.298718e+00
2.888468222266389e+00	3.298402e+00
2.891397909766389e+00	3.298732e+00
2.894327597266389e+00	3.298416e+00
2.897257284766389e+00	3.298745e+00
2.900186972266389e+00	3.298429e+00
2.903116659766389e+00	3.298759e+00
2.906046347266389e+00	3.298442e+00
2.908976034766389e+00	3.298772e+00
2.911905722266389e+00	3.298455e+00
2.914835409766389e+00	3.298784e+00
2.917765097266389e+00	3.298468e+00
2.920694784766389e+00	3.298797e+00
2.923624472266389e+00	3.298481e+00
2.926554159766389e+00	3.298810e+00
2.929483847266389e+00	3.298493e+00
2.932413534766389e+00	3.298822e+00
2.935343222266389e+00	3.298505e+00
2.938272909766389e+00	3.298834e+00
2.941202597266389e+00	3.298517e+00
2.944132284766389e+00	3.298846e+00
2.947061972266389e+00	3.298529e+00
2.949991659766389e+00	3.298858e+00
2.952921347266389e+00	3.298541e+00
2.955851034766389e+00	3.298870e+00
2.958780722266389e+00	3.298553e+00
2.961710409766389e+00	3.298881e+00
2.964640097266389e+00	3.298564e+00
2.967569784766389e+00	3.298892e+00
2.970499472266389e+00	3.298575e+00
2.973429159766389e+00	3.298903e+00
2.976358847266389e+00	3.298586e+00
2.979288534766389e+00	3.298915e+00
2.982218222266389e+00	3.298597e+00
2.985147909766389e+00	3.298925e+00
2.988077597266389e+00	3.298608e+00
2.991007284766389e+00	3.298936e+00
2.993936972266389e+00	3.298619e+00
2.996866659766389e+00	3.298947e+00
2.999796347266389e+00	3.298629e+00
3.002726034766389e+00	3.298957e+00
Step Information: Run=4  (Step: 5/9)
0.000000000000000e+00	1.558742e-06
1.867297155739665e-15	2.515584e-06
4.944373095832172e-15	4.042873e-06
8.188566491083603e-15	5.554077e-06
1.467695328158647e-14	8.323211e-06
2.765372686259220e-14	1.297649e-05
5.360727402460365e-14	1.961284e-05
1.055143683486266e-13	2.664590e-05
2.093285569966724e-13	3.127232e-05
4.169569342927641e-13	3.414734e-05
8.322136888849473e-13	3.980637e-05
1.662727198069314e-12	5.098217e-05
3.323754216438047e-12	7.266086e-05
6.645808253175514e-12	1.135496e-04
1.328991632665045e-11	1.862914e-04
2.525344626353047e-11	2.918731e-04
4.918050613729050e-11	4.331434e-04
9.703462588481057e-11	5.648202e-04
9.721394110258522e-11	5.650058e-04
9.757257153813452e-11	5.654314e-04
9.828983240923310e-11	5.663141e-04
9.972435415143029e-11	5.680136e-04
1.025933976358247e-10	5.712867e-04
1.083314846046134e-10	5.772674e-04
1.198076585421909e-10	5.874017e-04
1.427600064173458e-10	6.022737e-04
1.886647021676557e-10	6.201385e-04
2.804740936682754e-10	6.395913e-04
4.584992185458814e-10	6.686532e-04
7.579092059351452e-10	7.181435e-04
1.356729180713673e-09	8.168106e-04
1.907331658494828e-09	9.076550e-04
3.008536614057139e-09	1.089195e-03
5.210946525181761e-09	1.452394e-03
9.459285427296119e-09	1.829547e-03
1.783553046553249e-08	2.516996e-03
2.805983249066349e-08	3.363645e-03
2.837934192894883e-08	3.388572e-03
2.901836080551952e-08	3.441108e-03
2.917811552466219e-08	3.454366e-03
2.949762496294753e-08	3.480748e-03
2.957750232251887e-08	3.487332e-03
2.973725704166154e-08	3.500798e-03
3.005676647994689e-08	3.530014e-03
3.069578535651757e-08	3.595513e-03
3.197382310965895e-08	3.740746e-03
3.452989861594169e-08	4.054192e-03
3.964204962850719e-08	4.712685e-03
4.986635165363819e-08	6.138804e-03
7.031495570390018e-08	9.500197e-03
7.542710671646568e-08	1.048420e-02
8.565140874159668e-08	1.256667e-02
1.061000127918587e-07	1.609434e-02
1.469972208923826e-07	2.284863e-02
2.287916370934306e-07	3.639911e-02
3.007019119138526e-07	4.835288e-02
3.793985112617916e-07	6.150455e-02
4.592436567586987e-07	7.492068e-02
5.523102421451329e-07	9.067358e-02
7.384434129180013e-07	1.213686e-01
7.784982441032979e-07	1.279757e-01
8.586079064738913e-07	1.411879e-01
8.786353220665396e-07	1.444910e-01
9.186901532518363e-07	1.510971e-01
9.287038610481604e-07	1.527487e-01
9.312072879972415e-07	1.531616e-01
9.318331447345118e-07	1.532648e-01
9.319896089188293e-07	1.532906e-01
9.323025372874644e-07	1.533422e-01
9.323807693796232e-07	1.533551e-01
9.325372335639408e-07	1.533809e-01
9.328501619325759e-07	1.534325e-01
9.334760186698462e-07	1.535357e-01
9.347277321443867e-07	1.537422e-01
9.372311590934677e-07	1.541551e-01
9.422380129916298e-07	1.549808e-01
9.522517207879539e-07	1.566324e-01
9.722791363806023e-07	1.599355e-01
1.012333967565899e-06	1.665416e-01
1.092443629936492e-06	1.797540e-01
1.252662954677679e-06	2.061789e-01
1.573101604160052e-06	2.590287e-01
2.213978903124799e-06	3.647285e-01
3.213978903124799e-06	5.296587e-01
4.213978903124799e-06	6.945889e-01
6.213978903124799e-06	1.024450e+00
7.213978903124799e-06	1.189380e+00
1.021397890312480e-05	1.684165e+00
1.121397890312480e-05	1.849085e+00
1.621397890312480e-05	2.673680e+00
1.721397890312480e-05	2.838600e+00
1.999999999699662e-05	3.298068e+00
2.040400462783978e-05	3.298080e+00
2.121201388952611e-05	3.298085e+00
2.282803241289875e-05	3.298084e+00
2.474272625197214e-05	3.298084e+00
2.857211393011892e-05	3.298084e+00
3.623088928641248e-05	3.298084e+00
5.154843999899959e-05	3.298084e+00
8.218354142417380e-05	3.298085e+00
1.434537442745223e-04	3.298085e+00
2.659941499752191e-04	3.298085e+00
5.110749613766130e-04	3.298086e+00
1.001236584179401e-03	3.298087e+00
1.981559829784976e-03	3.298090e+00
3.942206320996126e-03	3.298096e+00
6.871893820996126e-03	3.298104e+00
9.801581320996127e-03	3.298113e+00
1.273126882099613e-02	3.298121e+00
1.566095632099613e-02	3.298129e+00
1.859064382099613e-02	3.298137e+00
2.152033132099613e-02	3.298146e+00
2.445001882099613e-02	3.298154e+00
2.737970632099613e-02	3.298162e+00
3.030939382099613e-02	3.298170e+00
3.323908132099612e-02	3.298178e+00
3.616876882099612e-02	3.298186e+00
3.909845632099612e-02	3.298194e+00
4.202814382099612e-02	3.298202e+00
4.495783132099612e-02	3.298209e+00
4.788751882099612e-02	3.298217e+00
5.081720632099612e-02	3.298225e+00
5.374689382099612e-02	3.298233e+00
5.667658132099612e-02	3.298240e+00
5.960626882099612e-02	3.298248e+00
6.253595632099614e-02	3.298255e+00
6.546564382099614e-02	3.298263e+00
6.839533132099614e-02	3.298270e+00
7.132501882099614e-02	3.298278e+00
7.425470632099614e-02	3.298285e+00
7.718439382099614e-02	3.298292e+00
8.011408132099614e-02	3.298300e+00
8.304376882099614e-02	3.298307e+00
8.597345632099614e-02	3.298314e+00
8.890314382099614e-02	3.298321e+00
9.183283132099614e-02	3.298328e+00
9.476251882099614e-02	3.298335e+00
9.769220632099614e-02	3.298342e+00
1.006218938209961e-01	3.298349e+00
1.035515813209961e-01	3.298356e+00
1.064812688209961e-01	3.298363e+00
1.094109563209961e-01	3.298370e+00
1.123406438209961e-01	3.298377e+00
1.152703313209961e-01	3.298383e+00
1.182000188209961e-01	3.298390e+00
1.211297063209961e-01	3.298397e+00
1.240593938209961e-01	3.298404e+00
1.269890813209961e-01	3.298410e+00
1.299187688209961e-01	3.298417e+00
1.328484563209961e-01	3.298423e+00
1.357781438209961e-01	3.298430e+00
1.387078313209961e-01	3.298436e+00
1.416375188209961e-01	3.298443e+00
1.445672063209961e-01	3.298449e+00
1.474968938209961e-01	3.298455e+00
1.504265813209961e-01	3.298462e+00
1.533562688209961e-01	3.298468e+00
1.562859563209961e-01	3.298474e+00
1.592156438209961e-01	3.298480e+00
1.621453313209961e-01	3.298486e+00
1.650750188209961e-01	3.298493e+00
1.680047063209961e-01	3.298499e+00
1.709343938209961e-01	3.298505e+00
1.738640813209961e-01	3.298511e+00
1.767937688209961e-01	3.298517e+00
1.797234563209961e-01	3.298523e+00
1.826531438209961e-01	3.298529e+00
1.855828313209961e-01	3.298535e+00
1.885125188209961e-01	3.298540e+00
1.914422063209961e-01	3.298546e+00
1.943718938209961e-01	3.298552e+00
1.973015813209961e-01	3.298558e+00
2.002312688209961e-01	3.298563e+00
2.031609563209961e-01	3.298569e+00
2.060906438209961e-01	3.298575e+00
2.090203313209961e-01	3.298580e+00
2.119500188209961e-01	3.298586e+00
2.148797063209961e-01	3.298591e+00
2.178093938209961e-01	3.298597e+00
2.207390813209961e-01	3.298602e+00
2.236687688209961e-01	3.298608e+00
2.265984563209961e-01	3.298613e+00
2.295281438209961e-01	3.298619e+00
2.324578313209961e-01	3.298624e+00
2.353875188209961e-01	3.298629e+00
2.383172063209961e-01	3.298635e+00
2.412468938209961e-01	3.298640e+00
2.441765813209961e-01	3.298645e+00
2.471062688209961e-01	3.298650e+00
2.500359563209961e-01	3.298655e+00
2.529656438209961e-01	3.298661e+00
2.558953313209961e-01	3.298666e+00
2.588250188209961e-01	3.298671e+00
2.617547063209961e-01	3.298676e+00
2.646843938209961e-01	3.298681e+00
2.676140813209961e-01	3.298686e+00
2.705437688209961e-01	3.298691e+00
2.734734563209961e-01	3.298696e+00
2.764031438209961e-01	3.298700e+00
2.793328313209961e-01	3.298705e+00
2.822625188209961e-01	3.298710e+00
2.851922063209961e-01	3.298715e+00
2.881218938209961e-01	3.298720e+00
2.910515813209961e-01	3.298724e+00
2.939812688209961e-01	3.298729e+00
2.969109563209961e-01	3.298734e+00
2.998406438209961e-01	3.298738e+00
3.027703313209961e-01	3.298743e+00
3.057000188209961e-01	3.298748e+00
3.086297063209961e-01	3.298752e+00
3.115593938209961e-01	3.298757e+00
3.144890813209961e-01	3.298761e+00
3.174187688209961e-01	3.298766e+00
3.203484563209961e-01	3.298770e+00
3.232781438209961e-01	3.298775e+00
3.262078313209961e-01	3.298779e+00
3.291375188209961e-01	3.298784e+00
3.320672063209961e-01	3.298788e+00
3.349968938209961e-01	3.298792e+00
3.379265813209961e-01	3.298797e+00
3.408562688209961e-01	3.298801e+00
3.437859563209961e-01	3.298805e+00
3.467156438209961e-01	3.298810e+00
3.496453313209961e-01	3.298814e+00
3.525750188209961e-01	3.298818e+00
3.555047063209961e-01	3.298822e+00
3.584343938209961e-01	3.298826e+00
3.613640813209961e-01	3.298830e+00
3.642937688209961e-01	3.298834e+00
3.672234563209961e-01	3.298838e+00
3.701531438209961e-01	3.298842e+00
3.730828313209961e-01	3.298846e+00
3.760125188209961e-01	3.298851e+00
3.789422063209961e-01	3.298855e+00
3.818718938209961e-01	3.298858e+00
3.848015813209961e-01	3.298862e+00
3.877312688209961e-01	3.298866e+00
3.906609563209961e-01	3.298870e+00
3.935906438209961e-01	3.298874e+00
3.965203313209961e-01	3.298878e+00
3.994500188209961e-01	3.298882e+00
4.023797063209961e-01	3.298885e+00
4.053093938209961e-01	3.298889e+00
4.082390813209961e-01	3.298893e+00
4.111687688209961e-01	3.298897e+00
4.140984563209961e-01	3.298900e+00
4.170281438209961e-01	3.298904e+00
4.199578313209961e-01	3.298908e+00
4.228875188209961e-01	3.298911e+00
4.258172063209961e-01	3.298915e+00
4.287468938209961e-01	3.298918e+00
4.316765813209961e-01	3.298922e+00
4.346062688209961e-01	3.298926e+00
4.375359563209961e-01	3.298929e+00
4.404656438209961e-01	3.298933e+00
4.433953313209961e-01	3.298936e+00
4.463250188209961e-01	3.298940e+00
4.492547063209961e-01	3.298943e+00
4.521843938209961e-01	3.298947e+00
4.551140813209961e-01	3.298950e+00
4.580437688209961e-01	3.298953e+00
4.609734563209961e-01	3.298957e+00
4.639031438209961e-01	3.298960e+00
4.668328313209961e-01	3.298963e+00
4.697625188209961e-01	3.298967e+00
4.726922063209961e-01	3.298970e+00
4.756218938209961e-01	3.298973e+00
4.785515813209961e-01	3.298977e+00
4.814812688209961e-01	3.298980e+00
4.844109563209961e-01	3.298983e+00
4.873406438209961e-01	3.298986e+00
4.902703313209961e-01	3.298989e+00
4.932000188209961e-01	3.298992e+00
4.961297063209961e-01	3.298996e+00
4.990593938209961e-01	3.298999e+00
5.019890813209962e-01	3.299002e+00
5.049187688209962e-01	3.299005e+00
5.078484563209962e-01	3.299008e+00
5.107781438209962e-01	3.299011e+00
5.137078313209962e-01	3.299014e+00
5.166375188209962e-01	3.299017e+00
5.195672063209962e-01	3.299020e+00
5.224968938209962e-01	3.299023e+00
5.254265813209962e-01	3.299026e+00
5.283562688209962e-01	3.299029e+00
5.312859563209962e-01	3.299032e+00
5.342156438209962e-01	3.299035e+00
5.371453313209962e-01	3.299038e+00
5.400750188209962e-01	3.299041e+00
5.430047063209962e-01	3.299043e+00
5.459343938209962e-01	3.299046e+00
5.488640813209962e-01	3.299049e+00
5.517937688209962e-01	3.299052e+00
5.547234563209962e-01	3.299055e+00
5.576531438209962e-01	3.299057e+00
5.605828313209962e-01	3.299060e+00
5.635125188209962e-01	3.299063e+00
5.664422063209962e-01	3.299066e+00
5.693718938209962e-01	3.299068e+00
5.723015813209962e-01	3.299071e+00
5.752312688209962e-01	3.299074e+00
5.781609563209962e-01	3.299076e+00
5.810906438209962e-01	3.299079e+00
5.840203313209962e-01	3.299082e+00
5.869500188209962e-01	3.299084e+00
5.898797063209962e-01	3.299087e+00
5.928093938209962e-01	3.299089e+00
5.957390813209962e-01	3.299092e+00
5.986687688209962e-01	3.299094e+00
6.015984563209962e-01	3.299097e+00
6.045281438209962e-01	3.299099e+00
6.074578313209962e-01	3.299102e+00
6.103875188209962e-01	3.299104e+00
6.133172063209962e-01	3.299107e+00
6.162468938209962e-01	3.299109e+00
6.191765813209962e-01	3.299112e+00
6.221062688209962e-01	3.299114e+00
6.250359563209962e-01	3.299117e+00
6.279656438209962e-01	3.299119e+00
6.308953313209962e-01	3.299122e+00
6.338250188209962e-01	3.299124e+00
6.367547063209962e-01	3.299126e+00
6.396843938209962e-01	3.299129e+00
6.426140813209962e-01	3.299131e+00
6.455437688209962e-01	3.299133e+00
6.484734563209962e-01	3.299135e+00
6.514031438209962e-01	3.299138e+00
6.543328313209962e-01	3.299140e+00
6.572625188209962e-01	3.299142e+00
6.601922063209962e-01	3.299144e+00
6.631218938209962e-01	3.299146e+00
6.660515813209962e-01	3.299149e+00
6.689812688209962e-01	3.299151e+00
6.719109563209962e-01	3.299153e+00
6.748406438209962e-01	3.299155e+00
6.777703313209962e-01	3.299157e+00
6.807000188209962e-01	3.299159e+00
6.836297063209962e-01	3.299161e+00
6.839959172584962e-01	3.299162e+00
6.847283391334962e-01	3.299162e+00
6.861931828834962e-01	3.299163e+00
6.865593938209962e-01	3.299164e+00
6.872918156959962e-01	3.299111e+00
6.874109954312287e-01	3.299091e+00
6.874407903650369e-01	3.299085e+00
6.875003802326531e-01	3.299074e+00
6.875152776995572e-01	3.299071e+00
6.875450726333654e-01	3.299065e+00
6.875525213668174e-01	3.299064e+00
6.875543835501805e-01	3.299063e+00
6.875581079169065e-01	3.298675e+00
6.875590390085879e-01	3.298439e+00
6.875592717815083e-01	3.298379e+00
6.875597373273491e-01	3.298257e+00
6.875598537138093e-01	3.298226e+00
6.875600864867297e-01	3.298163e+00
6.875601446799597e-01	3.298146e+00
6.875602610664200e-01	3.298115e+00
6.875602901630350e-01	3.298106e+00
6.875603483562651e-01	3.298090e+00
6.875604647427253e-01	3.292273e+00
6.875604938393404e-01	3.285135e+00
6.875605520325705e-01	3.264991e+00
6.875606684190306e-01	3.118550e+00
6.875606915195065e-01	3.053888e+00
6.875607377204583e-01	2.879144e+00
6.875607492706962e-01	2.815890e+00
6.875607521582557e-01	2.799546e+00
6.875607579333747e-01	2.765763e+00
6.875607694836127e-01	2.691165e+00
6.875607723711722e-01	2.670641e+00
6.875607781462911e-01	2.628219e+00
6.875607795900709e-01	2.617089e+00
6.875607824776303e-01	2.594464e+00
6.875607882527494e-01	2.546944e+00
6.875607884332218e-01	2.545408e+00
6.875607887941667e-01	2.542329e+00
6.875607888844030e-01	2.541557e+00
6.875607890648754e-01	2.540012e+00
6.875607891099935e-01	2.539625e+00
6.875607892002298e-01	2.538850e+00
6.875607893807023e-01	2.537299e+00
6.875607893863420e-01	2.537251e+00
6.875607893976216e-01	2.537154e+00
6.875607894004414e-01	2.537129e+00
6.875607894060812e-01	2.537081e+00
6.875607894074911e-01	2.537069e+00
6.875607894103111e-01	2.537045e+00
6.875607894110159e-01	2.537038e+00
6.875607894124259e-01	2.537026e+00
6.875607894152458e-01	2.537002e+00
6.875607894208856e-01	2.536953e+00
6.875607894321651e-01	2.536856e+00
6.875607894547242e-01	2.536662e+00
6.875607894998423e-01	2.536274e+00
6.875607895900785e-01	2.535496e+00
6.875607897705510e-01	2.533939e+00
6.875607901314960e-01	2.530827e+00
6.875607908533858e-01	2.524656e+00
6.875607922971655e-01	2.512596e+00
6.875607951847250e-01	2.489599e+00
6.875608009598440e-01	2.446608e+00
6.875608125100819e-01	2.365313e+00
6.875608356105578e-01	2.206041e+00
6.875608818115096e-01	1.887531e+00
6.875609742134132e-01	1.250279e+00
6.875609973138891e-01	1.090929e+00
6.875610435148409e-01	7.722041e-01
6.875611359167445e-01	1.346417e-01
6.875611388043039e-01	1.147159e-01
6.875611445794230e-01	7.486396e-02
6.875611460232027e-01	6.490088e-02
6.875611489107621e-01	4.497464e-02
6.875611546858812e-01	5.185273e-03
6.875611628015074e-01	4.509589e-03
6.875611703571184e-01	4.944666e-03
6.875611788636000e-01	4.287220e-03
6.875611958765634e-01	4.565632e-03
6.875612299024900e-01	3.551322e-03
6.875612979543433e-01	4.094853e-03
6.875614340580498e-01	3.560641e-03
6.875617062654630e-01	4.010280e-03
6.875622506802891e-01	3.490508e-03
6.875628620799842e-01	3.974243e-03
6.875638501579442e-01	3.468190e-03
6.875655626659706e-01	3.936356e-03
6.875659907929771e-01	3.684321e-03
6.875668470469903e-01	3.672283e-03
6.875685595550167e-01	3.654090e-03
6.875718210742221e-01	3.653045e-03
6.875765445833841e-01	3.653979e-03
6.875815577395041e-01	3.653091e-03
6.875890864290589e-01	3.653901e-03
6.876010263011215e-01	3.653080e-03
6.876214070823459e-01	3.653812e-03
6.876621686447943e-01	3.652958e-03
6.877436917696915e-01	3.653542e-03
6.879067380194858e-01	3.652430e-03
6.882328305190742e-01	3.652481e-03
6.888850155182512e-01	3.650313e-03
6.901893855166051e-01	3.648251e-03
6.927981255133130e-01	3.641881e-03
6.957278130133130e-01	3.636368e-03
6.986575005133130e-01	3.629380e-03
7.015871880133130e-01	3.623941e-03
7.045168755133130e-01	3.617026e-03
7.074465630133130e-01	3.611659e-03
7.103762505133130e-01	3.604817e-03
7.133059380133130e-01	3.599522e-03
7.162356255133130e-01	3.592752e-03
7.191653130133130e-01	3.587528e-03
7.220950005133130e-01	3.580829e-03
7.250246880133130e-01	3.575675e-03
7.279543755133130e-01	3.569046e-03
7.308840630133130e-01	3.563961e-03
7.338137505133130e-01	3.557402e-03
7.367434380133130e-01	3.552386e-03
7.396731255133130e-01	3.545895e-03
7.426028130133130e-01	3.540946e-03
7.455325005133130e-01	3.534522e-03
7.484621880133130e-01	3.529641e-03
7.513918755133130e-01	3.523284e-03
7.543215630133130e-01	3.518469e-03
7.572512505133130e-01	3.512178e-03
7.601809380133130e-01	3.507428e-03
7.631106255133130e-01	3.501203e-03
7.660403130133130e-01	3.496517e-03
7.689700005133130e-01	3.490357e-03
7.718996880133130e-01	3.485735e-03
7.748293755133130e-01	3.479638e-03
7.777590630133130e-01	3.475080e-03
7.806887505133130e-01	3.469046e-03
7.836184380133130e-01	3.464549e-03
7.865481255133130e-01	3.458577e-03
7.894778130133130e-01	3.454143e-03
7.924075005133130e-01	3.448233e-03
7.953371880133130e-01	3.443859e-03
7.982668755133130e-01	3.438010e-03
8.011965630133130e-01	3.433696e-03
8.041262505133130e-01	3.427907e-03
8.070559380133130e-01	3.423652e-03
8.099856255133130e-01	3.417923e-03
8.129153130133130e-01	3.413727e-03
8.158450005133130e-01	3.408056e-03
8.187746880133130e-01	3.403919e-03
8.217043755133130e-01	3.398306e-03
8.246340630133130e-01	3.394225e-03
8.275637505133130e-01	3.388670e-03
8.304934380133130e-01	3.384646e-03
8.334231255133130e-01	3.379147e-03
8.363528130133130e-01	3.375180e-03
8.392825005133130e-01	3.369737e-03
8.422121880133130e-01	3.365825e-03
8.451418755133130e-01	3.360437e-03
8.480715630133130e-01	3.356580e-03
8.510012505133130e-01	3.351247e-03
8.539309380133130e-01	3.347443e-03
8.568606255133130e-01	3.342165e-03
8.597903130133130e-01	3.338415e-03
8.627200005133130e-01	3.333189e-03
8.656496880133130e-01	3.329492e-03
8.685793755133130e-01	3.324320e-03
8.715090630133130e-01	3.320674e-03
8.744387505133130e-01	3.315554e-03
8.773684380133130e-01	3.311960e-03
8.802981255133130e-01	3.306892e-03
8.832278130133130e-01	3.303349e-03
8.861575005133130e-01	3.298331e-03
8.890871880133130e-01	3.294839e-03
8.920168755133130e-01	3.289872e-03
8.949465630133130e-01	3.286429e-03
8.978762505133130e-01	3.281511e-03
9.008059380133130e-01	3.278118e-03
9.037356255133130e-01	3.273250e-03
9.066653130133130e-01	3.269905e-03
9.095950005133130e-01	3.265085e-03
9.125246880133130e-01	3.261788e-03
9.154543755133130e-01	3.257016e-03
9.183840630133130e-01	3.253767e-03
9.213137505133130e-01	3.249042e-03
9.242434380133130e-01	3.245840e-03
9.271731255133130e-01	3.241163e-03
9.301028130133130e-01	3.238006e-03
9.330325005133130e-01	3.233375e-03
9.359621880133130e-01	3.230265e-03
9.388918755133130e-01	3.225680e-03
9.418215630133130e-01	3.222614e-03
9.447512505133130e-01	3.218075e-03
9.476809380133130e-01	3.215054e-03
9.506106255133130e-01	3.210559e-03
9.535403130133130e-01	3.207582e-03
9.564700005133130e-01	3.203132e-03
9.593996880133130e-01	3.200199e-03
9.623293755133130e-01	3.195792e-03
9.652590630133130e-01	3.192902e-03
9.681887505133130e-01	3.188538e-03
9.711184380133130e-01	3.185691e-03
9.740481255133130e-01	3.181370e-03
9.769778130133130e-01	3.178565e-03
9.799075005133130e-01	3.174286e-03
9.828371880133130e-01	3.171523e-03
9.857668755133130e-01	3.167286e-03
9.886965630133130e-01	3.164563e-03
9.916262505133130e-01	3.160368e-03
9.945559380133130e-01	3.157686e-03
9.974856255133130e-01	3.153531e-03
1.000415313013313e+00	3.150889e-03
1.003345000513313e+00	3.146774e-03
1.006274688013313e+00	3.144172e-03
1.009204375513313e+00	3.140097e-03
1.012134063013313e+00	3.137535e-03
1.015063750513313e+00	3.133499e-03
1.017993438013313e+00	3.130975e-03
1.020923125513313e+00	3.126979e-03
1.023852813013313e+00	3.124493e-03
1.026782500513313e+00	3.120535e-03
1.029712188013313e+00	3.118087e-03
1.032641875513313e+00	3.114166e-03
1.035571563013313e+00	3.111756e-03
1.038501250513313e+00	3.107873e-03
1.041430938013313e+00	3.105499e-03
1.044360625513313e+00	3.101654e-03
1.047290313013313e+00	3.099317e-03
1.050220000513313e+00	3.095508e-03
1.053149688013313e+00	3.093207e-03
1.056079375513313e+00	3.089434e-03
1.059009063013313e+00	3.087169e-03
1.061938750513313e+00	3.083431e-03
1.064868438013313e+00	3.081201e-03
1.067798125513313e+00	3.077500e-03
1.070727813013313e+00	3.075304e-03
1.073657500513313e+00	3.071638e-03
1.076587188013313e+00	3.069477e-03
1.079516875513313e+00	3.065845e-03
1.082446563013313e+00	3.063718e-03
1.085376250513313e+00	3.060120e-03
1.088305938013313e+00	3.058027e-03
1.091235625513313e+00	3.054462e-03
1.094165313013313e+00	3.052402e-03
1.097095000513313e+00	3.048871e-03
1.100024688013313e+00	3.046844e-03
1.102954375513313e+00	3.043346e-03
1.105884063013313e+00	3.041351e-03
1.108813750513313e+00	3.037886e-03
1.111743438013313e+00	3.035923e-03
1.114673125513313e+00	3.032490e-03
1.117602813013313e+00	3.030559e-03
1.120532500513313e+00	3.027158e-03
1.123462188013313e+00	3.025258e-03
1.126391875513313e+00	3.021888e-03
1.129321563013313e+00	3.020019e-03
1.132251250513313e+00	3.016680e-03
1.135180938013313e+00	3.014842e-03
1.138110625513313e+00	3.011534e-03
1.141040313013313e+00	3.009725e-03
1.143970000513313e+00	3.006448e-03
1.146899688013313e+00	3.004669e-03
1.149829375513313e+00	3.001421e-03
1.152759063013313e+00	2.999672e-03
1.155688750513313e+00	2.996454e-03
1.158618438013313e+00	2.994735e-03
1.161548125513313e+00	2.991546e-03
1.164477813013313e+00	2.989855e-03
1.167407500513313e+00	2.986695e-03
1.170337188013313e+00	2.985032e-03
1.173266875513313e+00	2.981901e-03
1.176196563013313e+00	2.980267e-03
1.179126250513313e+00	2.977164e-03
1.182055938013313e+00	2.975617e-03
1.184985625513313e+00	2.972599e-03
1.187915313013313e+00	2.971076e-03
1.190845000513313e+00	2.968085e-03
1.193774688013313e+00	2.966589e-03
1.196704375513313e+00	2.963624e-03
1.199634063013313e+00	2.962154e-03
1.202563750513313e+00	2.959216e-03
1.205493438013313e+00	2.957772e-03
1.208423125513313e+00	2.954860e-03
1.211352813013313e+00	2.953441e-03
1.214282500513313e+00	2.950555e-03
1.214648711450813e+00	2.950658e-03
1.215381133325813e+00	2.950124e-03
1.216845977075813e+00	2.949058e-03
1.219775664575813e+00	2.946936e-03
1.222705352075813e+00	2.944826e-03
1.225635039575813e+00	2.942728e-03
1.228564727075813e+00	2.940643e-03
1.231494414575813e+00	2.938571e-03
1.231860625513313e+00	2.961307e-03
1.231952178247688e+00	2.969111e-03
1.232135283716438e+00	2.988960e-03
1.232181060083625e+00	2.995512e-03
1.232272612818000e+00	3.009678e-03
1.232295501001594e+00	3.013617e-03
1.232341277368782e+00	3.021761e-03
1.232352721460579e+00	3.023896e-03
1.232375609644172e+00	3.028233e-03
1.232381331690071e+00	3.029342e-03
1.232392775781868e+00	3.031577e-03
1.232395636804817e+00	3.032142e-03
1.232401358850715e+00	3.033276e-03
1.232402789362190e+00	3.033561e-03
1.232405650385139e+00	3.034132e-03
1.232406365640876e+00	3.034275e-03
1.232407796152351e+00	3.139277e-03
1.232410657175300e+00	3.796786e-03
1.232411372431037e+00	3.988754e-03
1.232411394782779e+00	3.994764e-03
1.232411439486263e+00	4.006804e-03
1.232411528893230e+00	4.031012e-03
1.232411544050740e+00	4.641037e-03
1.232411574365761e+00	8.886443e-03
1.232411634995802e+00	2.201063e-02
1.232411717612956e+00	6.241068e-02
1.232411738267244e+00	8.154196e-02
1.232411779575821e+00	1.311625e-01
1.232411862192975e+00	3.595777e-01
1.232411879178368e+00	4.446152e-01
1.232411883424717e+00	4.669391e-01
1.232411891917413e+00	5.138249e-01
1.232411908902806e+00	6.224364e-01
1.232411913149155e+00	6.536685e-01
1.232411914210742e+00	6.615707e-01
1.232411916333916e+00	6.775655e-01
1.232411916864709e+00	6.816360e-01
1.232411917926296e+00	6.898258e-01
1.232411918191693e+00	6.918916e-01
1.232411918722487e+00	6.960355e-01
1.232411918855185e+00	6.970761e-01
1.232411919120582e+00	6.991605e-01
1.232411919651375e+00	7.033477e-01
1.232411919653449e+00	7.033641e-01
1.232411919657596e+00	7.033969e-01
1.232411919658633e+00	7.034051e-01
1.232411919660706e+00	7.034215e-01
1.232411919661224e+00	7.034256e-01
1.232411919662261e+00	7.034339e-01
1.232411919664334e+00	7.034503e-01
1.232411919668481e+00	7.034831e-01
1.232411919676775e+00	7.035487e-01
1.232411919693362e+00	7.036800e-01
1.232411919726537e+00	7.039427e-01
1.232411919792886e+00	7.044683e-01
1.232411919925584e+00	7.055205e-01
1.232411920190981e+00	7.076263e-01
1.232411920721775e+00	7.118202e-01
1.232411921783362e+00	7.200771e-01
1.232411923906536e+00	7.360128e-01
1.232411928152884e+00	7.659841e-01
1.232411936645581e+00	8.221190e-01
1.232411953630974e+00	9.303143e-01
1.232411987601760e+00	1.145496e+00
1.232411996094457e+00	1.199351e+00
1.232412013079850e+00	1.307041e+00
1.232412047050637e+00	1.522404e+00
1.232412114992209e+00	1.953227e+00
1.232412250875355e+00	2.815131e+00
1.232412284846141e+00	3.030659e+00
1.232412293338838e+00	3.084542e+00
1.232412310324231e+00	3.192308e+00
1.232412314570579e+00	3.219250e+00
1.232412323063276e+00	3.273135e+00
1.232412325186450e+00	3.286607e+00
1.232412325717244e+00	3.289974e+00
1.232412326778831e+00	3.296710e+00
1.232412327044228e+00	3.297133e+00
1.232412327575021e+00	3.297255e+00
1.232412328636608e+00	3.297180e+00
1.232412330759783e+00	3.297287e+00
1.232412335006131e+00	3.297271e+00
1.232412343498827e+00	3.297456e+00
1.232412360484221e+00	3.297613e+00
1.232412394455007e+00	3.298136e+00
1.232412462396580e+00	3.298967e+00
1.232412598279725e+00	3.298321e+00
1.232412870046017e+00	3.298295e+00
1.232413413578599e+00	3.298389e+00
1.232414428011245e+00	3.298335e+00
1.232415890264533e+00	3.298421e+00
1.232418814771110e+00	3.298391e+00
1.232419545897754e+00	3.298434e+00
1.232421008151042e+00	3.298445e+00
1.232423932657619e+00	3.298445e+00
1.232426623481807e+00	3.298445e+00
1.232432005130183e+00	3.298445e+00
1.232442768426935e+00	3.298445e+00
1.232464295020440e+00	3.298445e+00
1.232507348207448e+00	3.298445e+00
1.232593454581465e+00	3.298445e+00
1.232765667329500e+00	3.298445e+00
1.233110092825568e+00	3.298446e+00
1.233798943817705e+00	3.298448e+00
1.235176645801980e+00	3.298451e+00
1.237932049770529e+00	3.298457e+00
1.240861737270529e+00	3.298463e+00
1.243791424770529e+00	3.298469e+00
1.246721112270529e+00	3.298476e+00
1.249650799770529e+00	3.298482e+00
1.252580487270529e+00	3.298488e+00
1.255510174770529e+00	3.298494e+00
1.258439862270529e+00	3.298500e+00
1.261369549770529e+00	3.298506e+00
1.264299237270529e+00	3.298512e+00
1.267228924770529e+00	3.298518e+00
1.270158612270529e+00	3.298524e+00
1.273088299770529e+00	3.298530e+00
1.276017987270529e+00	3.298536e+00
1.278947674770529e+00	3.298542e+00
1.281877362270529e+00	3.298548e+00
1.284807049770529e+00	3.298553e+00
1.287736737270529e+00	3.298559e+00
1.290666424770529e+00	3.298565e+00
1.293596112270529e+00	3.298570e+00
1.296525799770529e+00	3.298576e+00
1.299455487270529e+00	3.298582e+00
1.302385174770529e+00	3.298587e+00
1.305314862270529e+00	3.298593e+00
1.308244549770529e+00	3.298598e+00
1.311174237270529e+00	3.298604e+00
1.314103924770529e+00	3.298609e+00
1.317033612270529e+00	3.298615e+00
1.319963299770529e+00	3.298620e+00
1.322892987270529e+00	3.298625e+00
1.325822674770529e+00	3.298630e+00
1.328752362270529e+00	3.298636e+00
1.331682049770529e+00	3.298641e+00
1.334611737270529e+00	3.298646e+00
1.337541424770529e+00	3.298651e+00
1.340471112270529e+00	3.298656e+00
1.343400799770529e+00	3.298661e+00
1.346330487270529e+00	3.298667e+00
1.349260174770529e+00	3.298672e+00
1.352189862270529e+00	3.298677e+00
1.355119549770529e+00	3.298682e+00
1.358049237270529e+00	3.298687e+00
1.360978924770529e+00	3.298692e+00
1.363908612270529e+00	3.298697e+00
1.366838299770529e+00	3.298701e+00
1.369767987270529e+00	3.298706e+00
1.372697674770529e+00	3.298711e+00
1.375627362270529e+00	3.298716e+00
1.378557049770529e+00	3.298721e+00
1.381486737270529e+00	3.298726e+00
1.384416424770529e+00	3.298730e+00
1.387346112270529e+00	3.298735e+00
1.390275799770529e+00	3.298739e+00
1.393205487270529e+00	3.298744e+00
1.396135174770529e+00	3.298749e+00
1.399064862270529e+00	3.298753e+00
1.401994549770529e+00	3.298758e+00
1.404924237270529e+00	3.298763e+00
1.407853924770529e+00	3.298767e+00
1.410783612270529e+00	3.298771e+00
1.413713299770529e+00	3.298776e+00
1.416642987270529e+00	3.298780e+00
1.419572674770529e+00	3.298784e+00
1.422502362270529e+00	3.298789e+00
1.425432049770529e+00	3.298793e+00
1.428361737270529e+00	3.298798e+00
1.431291424770529e+00	3.298802e+00
1.434221112270529e+00	3.298806e+00
1.437150799770529e+00	3.298810e+00
1.440080487270529e+00	3.298815e+00
1.443010174770529e+00	3.298819e+00
1.445939862270529e+00	3.298823e+00
1.448869549770529e+00	3.298827e+00
1.451799237270529e+00	3.298831e+00
1.454728924770529e+00	3.298835e+00
1.457658612270529e+00	3.298839e+00
1.460588299770529e+00	3.298843e+00
1.463517987270529e+00	3.298847e+00
1.466447674770529e+00	3.298851e+00
1.469377362270529e+00	3.298856e+00
1.472307049770529e+00	3.298859e+00
1.475236737270529e+00	3.298863e+00
1.478166424770529e+00	3.298867e+00
1.481096112270529e+00	3.298871e+00
1.484025799770529e+00	3.298875e+00
1.486955487270529e+00	3.298879e+00
1.489885174770529e+00	3.298882e+00
1.492814862270529e+00	3.298886e+00
1.495744549770529e+00	3.298890e+00
1.498674237270529e+00	3.298894e+00
1.501603924770529e+00	3.298898e+00
1.504533612270529e+00	3.298901e+00
1.507463299770529e+00	3.298905e+00
1.510392987270529e+00	3.298909e+00
1.513322674770529e+00	3.298912e+00
1.516252362270529e+00	3.298916e+00
1.519182049770529e+00	3.298919e+00
1.522111737270529e+00	3.298923e+00
1.525041424770529e+00	3.298926e+00
1.527971112270529e+00	3.298930e+00
1.530900799770529e+00	3.298934e+00
1.533830487270529e+00	3.298937e+00
1.536760174770529e+00	3.298940e+00
1.539689862270529e+00	3.298944e+00
1.542619549770529e+00	3.298947e+00
1.545549237270529e+00	3.298951e+00
1.548478924770529e+00	3.298954e+00
1.551408612270529e+00	3.298958e+00
1.554338299770529e+00	3.298961e+00
1.557267987270529e+00	3.298964e+00
1.560197674770529e+00	3.298967e+00
1.563127362270529e+00	3.298971e+00
1.566057049770529e+00	3.298974e+00
1.568986737270529e+00	3.298977e+00
1.571916424770529e+00	3.298980e+00
1.574846112270529e+00	3.298984e+00
1.577775799770529e+00	3.298987e+00
1.580705487270529e+00	3.298990e+00
1.583635174770529e+00	3.298993e+00
1.586564862270529e+00	3.298996e+00
1.589494549770529e+00	3.298999e+00
1.592424237270529e+00	3.299003e+00
1.595353924770529e+00	3.299006e+00
1.598283612270529e+00	3.299009e+00
1.601213299770529e+00	3.299012e+00
1.604142987270529e+00	3.299015e+00
1.607072674770529e+00	3.299018e+00
1.610002362270529e+00	3.299021e+00
1.612932049770529e+00	3.299024e+00
1.615861737270529e+00	3.299027e+00
1.618791424770529e+00	3.299030e+00
1.621721112270529e+00	3.299033e+00
1.624650799770529e+00	3.299035e+00
1.627580487270529e+00	3.299038e+00
1.630510174770529e+00	3.299041e+00
1.633439862270529e+00	3.299044e+00
1.636369549770529e+00	3.299047e+00
1.639299237270529e+00	3.299050e+00
1.642228924770529e+00	3.299052e+00
1.645158612270529e+00	3.299055e+00
1.648088299770529e+00	3.299058e+00
1.651017987270529e+00	3.299061e+00
1.653947674770529e+00	3.299063e+00
1.656877362270529e+00	3.299066e+00
1.659807049770529e+00	3.299069e+00
1.662736737270529e+00	3.299072e+00
1.665666424770529e+00	3.299074e+00
1.668596112270529e+00	3.299077e+00
1.671525799770529e+00	3.299079e+00
1.674455487270529e+00	3.299082e+00
1.677385174770529e+00	3.299085e+00
1.680314862270529e+00	3.299088e+00
1.683244549770529e+00	3.299090e+00
1.686174237270529e+00	3.299093e+00
1.689103924770529e+00	3.299095e+00
1.692033612270529e+00	3.299098e+00
1.694963299770529e+00	3.299100e+00
1.697892987270529e+00	3.299103e+00
1.700822674770529e+00	3.299105e+00
1.703752362270529e+00	3.299108e+00
1.706682049770529e+00	3.299110e+00
1.709611737270529e+00	3.299113e+00
1.712541424770529e+00	3.299115e+00
1.715471112270529e+00	3.299117e+00
1.718400799770529e+00	3.299120e+00
1.721330487270529e+00	3.299122e+00
1.724260174770529e+00	3.299124e+00
1.727189862270529e+00	3.299127e+00
1.730119549770529e+00	3.299129e+00
1.733049237270529e+00	3.299131e+00
1.735978924770529e+00	3.299134e+00
1.738908612270529e+00	3.299136e+00
1.741838299770529e+00	3.299138e+00
1.744767987270529e+00	3.299140e+00
1.747697674770529e+00	3.299143e+00
1.750627362270529e+00	3.299145e+00
1.753557049770529e+00	3.299147e+00
1.756486737270529e+00	3.299149e+00
1.759416424770529e+00	3.299151e+00
1.762346112270529e+00	3.299154e+00
1.765275799770529e+00	3.299155e+00
1.768205487270529e+00	3.299158e+00
1.771135174770529e+00	3.299160e+00
1.774064862270529e+00	3.299162e+00
1.774431073208029e+00	3.299162e+00
1.775163495083029e+00	3.299163e+00
1.776628338833029e+00	3.299139e+00
1.776839247148644e+00	3.299121e+00
1.776891974227548e+00	3.299115e+00
1.776997428385355e+00	3.299103e+00
1.777208336700971e+00	3.299071e+00
1.777214927585834e+00	3.299070e+00
1.777228109355560e+00	3.299067e+00
1.777231404797991e+00	3.299067e+00
1.777237995682854e+00	3.299066e+00
1.777251177452580e+00	3.299063e+00
1.777254472895012e+00	3.298841e+00
1.777255296755619e+00	3.298661e+00
1.777256944476835e+00	3.298277e+00
1.777257356407139e+00	3.298172e+00
1.777257459389715e+00	3.298146e+00
1.777257665354867e+00	3.298092e+00
1.777257716846155e+00	3.298079e+00
1.777257819828731e+00	3.288255e+00
1.777257845574375e+00	3.281182e+00
1.777257897065663e+00	3.261972e+00
1.777258000048239e+00	3.148604e+00
1.777258022244178e+00	3.097409e+00
1.777258066636055e+00	2.960938e+00
1.777258077734024e+00	2.912216e+00
1.777258099929963e+00	2.800879e+00
1.777258105478947e+00	2.767488e+00
1.777258116576916e+00	2.696270e+00
1.777258119351409e+00	2.676747e+00
1.777258124900393e+00	2.636448e+00
1.777258135998363e+00	2.547828e+00
1.777258136345174e+00	2.544875e+00
1.777258137038797e+00	2.538946e+00
1.777258137212203e+00	2.537455e+00
1.777258137255554e+00	2.537082e+00
1.777258137266392e+00	2.536988e+00
1.777258137288068e+00	2.536802e+00
1.777258137288745e+00	2.536796e+00
1.777258137290100e+00	2.536785e+00
1.777258137292810e+00	2.536761e+00
1.777258137298229e+00	2.536715e+00
1.777258137309066e+00	2.536621e+00
1.777258137330742e+00	2.536435e+00
1.777258137374093e+00	2.536062e+00
1.777258137460796e+00	2.535314e+00
1.777258137634202e+00	2.533818e+00
1.777258137981014e+00	2.530828e+00
1.777258138674637e+00	2.524893e+00
1.777258140061883e+00	2.513283e+00
1.777258142836375e+00	2.491108e+00
1.777258148385360e+00	2.449636e+00
1.777258159483329e+00	2.371341e+00
1.777258181679268e+00	2.218253e+00
1.777258226071145e+00	1.912238e+00
1.777258314854899e+00	1.299940e+00
1.777258492422407e+00	7.488739e-02
1.777258497577501e+00	3.931048e-02
1.777258498866275e+00	3.041597e-02
1.777258501443822e+00	1.262723e-02
1.777258502088209e+00	8.180163e-03
1.777258502249305e+00	7.068397e-03
1.777258502571499e+00	5.117705e-03
1.777258503215886e+00	4.730896e-03
1.777258503959178e+00	5.013388e-03
1.777258504707993e+00	4.769606e-03
1.777258506205621e+00	4.942770e-03
1.777258508097522e+00	4.739268e-03
1.777258511261304e+00	4.856608e-03
1.777258517312898e+00	4.611552e-03
1.777258529416085e+00	4.588895e-03
1.777258553622460e+00	4.085527e-03
1.777258602035210e+00	3.536992e-03
1.777258698860710e+00	3.757789e-03
1.777258892511709e+00	3.857379e-03
1.777259279813708e+00	3.675340e-03
1.777259875770645e+00	3.804728e-03
1.777260605461321e+00	3.650308e-03
1.777261855793949e+00	3.777242e-03
1.777264356459206e+00	3.597760e-03
1.777264981625521e+00	3.661236e-03
1.777265137917099e+00	3.659052e-03
1.777265450500256e+00	3.654673e-03
1.777266075666571e+00	3.652999e-03
1.777266848453139e+00	3.653788e-03
1.777267652444811e+00	3.653296e-03
1.777268824670723e+00	3.653624e-03
1.777270881872195e+00	3.653360e-03
1.777274933841257e+00	3.653579e-03
1.777283037779380e+00	3.653347e-03
1.777299245655626e+00	3.653520e-03
1.777331661408118e+00	3.653245e-03
1.777396492913103e+00	3.653307e-03
1.777526155923072e+00	3.652824e-03
1.777785481943011e+00	3.652464e-03
1.778304133982889e+00	3.651139e-03
1.779341438062645e+00	3.649098e-03
1.781416046222156e+00	3.644425e-03
1.784345733722156e+00	3.638344e-03
1.787275421222156e+00	3.631898e-03
1.790205108722156e+00	3.625890e-03
1.793134796222156e+00	3.619517e-03
1.796064483722156e+00	3.613583e-03
1.798994171222156e+00	3.607282e-03
1.801923858722156e+00	3.601420e-03
1.804853546222156e+00	3.595191e-03
1.807783233722156e+00	3.589401e-03
1.810712921222156e+00	3.583243e-03
1.813642608722156e+00	3.577522e-03
1.816572296222156e+00	3.571435e-03
1.819501983722156e+00	3.565784e-03
1.822431671222156e+00	3.559765e-03
1.825361358722156e+00	3.554183e-03
1.828291046222156e+00	3.548233e-03
1.831220733722156e+00	3.542719e-03
1.834150421222156e+00	3.536837e-03
1.837080108722156e+00	3.531390e-03
1.840009796222156e+00	3.525575e-03
1.842939483722156e+00	3.520194e-03
1.845869171222156e+00	3.514445e-03
1.848798858722156e+00	3.509130e-03
1.851728546222156e+00	3.503446e-03
1.854658233722156e+00	3.498196e-03
1.857587921222156e+00	3.492577e-03
1.860517608722156e+00	3.487391e-03
1.863447296222156e+00	3.481835e-03
1.866376983722156e+00	3.476713e-03
1.869306671222156e+00	3.471220e-03
1.872236358722156e+00	3.466160e-03
1.875166046222156e+00	3.460730e-03
1.878095733722156e+00	3.455732e-03
1.881025421222156e+00	3.450363e-03
1.883955108722156e+00	3.445426e-03
1.886884796222156e+00	3.440118e-03
1.889814483722156e+00	3.435241e-03
1.892744171222156e+00	3.429993e-03
1.895673858722156e+00	3.425176e-03
1.898603546222156e+00	3.419988e-03
1.901533233722156e+00	3.415230e-03
1.904462921222156e+00	3.410100e-03
1.907392608722156e+00	3.405401e-03
1.910322296222156e+00	3.400329e-03
1.913251983722156e+00	3.395687e-03
1.916181671222156e+00	3.390672e-03
1.919111358722156e+00	3.386087e-03
1.922041046222156e+00	3.381130e-03
1.924970733722156e+00	3.376601e-03
1.927900421222156e+00	3.371699e-03
1.930830108722156e+00	3.367226e-03
1.933759796222156e+00	3.362380e-03
1.936689483722156e+00	3.357961e-03
1.939619171222156e+00	3.353169e-03
1.942548858722156e+00	3.348805e-03
1.945478546222156e+00	3.344068e-03
1.948408233722156e+00	3.339757e-03
1.951337921222156e+00	3.335073e-03
1.954267608722156e+00	3.330816e-03
1.957197296222156e+00	3.326184e-03
1.960126983722156e+00	3.321979e-03
1.963056671222156e+00	3.317400e-03
1.965986358722156e+00	3.313247e-03
1.968916046222156e+00	3.308719e-03
1.971845733722156e+00	3.304617e-03
1.974775421222156e+00	3.300141e-03
1.977705108722156e+00	3.296089e-03
1.980634796222156e+00	3.291663e-03
1.983564483722156e+00	3.287661e-03
1.986494171222156e+00	3.283285e-03
1.989423858722156e+00	3.279332e-03
1.992353546222156e+00	3.275005e-03
1.995283233722156e+00	3.271102e-03
1.998212921222156e+00	3.266823e-03
2.001142608722156e+00	3.262968e-03
2.004072296222156e+00	3.258737e-03
2.007001983722156e+00	3.254929e-03
2.009931671222156e+00	3.250746e-03
2.012861358722156e+00	3.246986e-03
2.015791046222156e+00	3.242849e-03
2.018720733722156e+00	3.239135e-03
2.021650421222156e+00	3.235045e-03
2.024580108722156e+00	3.231377e-03
2.027509796222156e+00	3.227333e-03
2.030439483722156e+00	3.223711e-03
2.033369171222156e+00	3.219712e-03
2.036298858722156e+00	3.216134e-03
2.039228546222156e+00	3.212180e-03
2.042158233722156e+00	3.208647e-03
2.045087921222156e+00	3.204737e-03
2.048017608722156e+00	3.201248e-03
2.050947296222156e+00	3.197382e-03
2.053876983722156e+00	3.193935e-03
2.056806671222156e+00	3.190112e-03
2.059736358722156e+00	3.186709e-03
2.062666046222156e+00	3.182929e-03
2.065595733722156e+00	3.179568e-03
2.068525421222156e+00	3.175830e-03
2.071455108722156e+00	3.172511e-03
2.074384796222156e+00	3.168814e-03
2.077314483722156e+00	3.165537e-03
2.080244171222156e+00	3.161881e-03
2.083173858722156e+00	3.158645e-03
2.086103546222156e+00	3.155030e-03
2.089033233722156e+00	3.151833e-03
2.091962921222156e+00	3.148259e-03
2.094892608722156e+00	3.145102e-03
2.097822296222156e+00	3.141568e-03
2.100751983722156e+00	3.138451e-03
2.103681671222156e+00	3.134955e-03
2.106611358722156e+00	3.131877e-03
2.109541046222156e+00	3.128421e-03
2.112470733722156e+00	3.125381e-03
2.115400421222156e+00	3.121963e-03
2.118330108722156e+00	3.118961e-03
2.121259796222156e+00	3.115581e-03
2.124189483722156e+00	3.112617e-03
2.127119171222156e+00	3.109274e-03
2.130048858722156e+00	3.106347e-03
2.132978546222156e+00	3.103042e-03
2.135908233722156e+00	3.100151e-03
2.138837921222156e+00	3.096882e-03
2.141767608722156e+00	3.094028e-03
2.144697296222156e+00	3.090795e-03
2.147626983722156e+00	3.087977e-03
2.150556671222156e+00	3.084780e-03
2.153486358722156e+00	3.081998e-03
2.156416046222156e+00	3.078836e-03
2.159345733722156e+00	3.076088e-03
2.162275421222156e+00	3.072961e-03
2.165205108722156e+00	3.070248e-03
2.168134796222156e+00	3.067156e-03
2.171064483722156e+00	3.064477e-03
2.173994171222156e+00	3.061419e-03
2.176923858722156e+00	3.058774e-03
2.179853546222156e+00	3.055749e-03
2.182783233722156e+00	3.053138e-03
2.185712921222156e+00	3.050146e-03
2.188642608722156e+00	3.047568e-03
2.191572296222156e+00	3.044609e-03
2.194501983722156e+00	3.042063e-03
2.197431671222156e+00	3.039137e-03
2.200361358722156e+00	3.036623e-03
2.203291046222156e+00	3.033730e-03
2.206220733722156e+00	3.031248e-03
2.209150421222156e+00	3.028386e-03
2.212080108722156e+00	3.025935e-03
2.215009796222156e+00	3.023105e-03
2.217939483722156e+00	3.020685e-03
2.220869171222156e+00	3.017886e-03
2.223798858722156e+00	3.015497e-03
2.226728546222156e+00	3.012728e-03
2.229658233722156e+00	3.010370e-03
2.232587921222156e+00	3.007631e-03
2.235517608722156e+00	3.005303e-03
2.238447296222156e+00	3.002594e-03
2.241376983722156e+00	3.000296e-03
2.244306671222156e+00	2.997617e-03
2.247236358722156e+00	2.995348e-03
2.250166046222156e+00	2.992698e-03
2.253095733722156e+00	2.990457e-03
2.256025421222156e+00	2.987836e-03
2.258955108722156e+00	2.985625e-03
2.261884796222156e+00	2.983032e-03
2.264814483722156e+00	2.980849e-03
2.267744171222156e+00	2.978285e-03
2.270673858722156e+00	2.976168e-03
2.273603546222156e+00	2.973689e-03
2.276533233722156e+00	2.971618e-03
2.279462921222156e+00	2.969165e-03
2.282392608722156e+00	2.967121e-03
2.285322296222156e+00	2.964695e-03
2.288251983722156e+00	2.962677e-03
2.291181671222156e+00	2.960277e-03
2.294111358722156e+00	2.958286e-03
2.297041046222156e+00	2.955912e-03
2.299970733722156e+00	2.953946e-03
2.302900421222156e+00	2.951598e-03
2.305830108722156e+00	2.949657e-03
2.308759796222156e+00	2.947335e-03
2.311689483722156e+00	2.945419e-03
2.314619171222156e+00	2.943122e-03
2.314985382159656e+00	2.942959e-03
2.315717804034656e+00	2.942436e-03
2.317182647784656e+00	2.941393e-03
2.320112335284656e+00	2.939316e-03
2.320478546222156e+00	2.939057e-03
2.321210968097156e+00	2.938540e-03
2.321394073565906e+00	2.943434e-03
2.321760284503406e+00	2.970180e-03
2.321851837237781e+00	2.983226e-03
2.322034942706531e+00	3.013562e-03
2.322080719073718e+00	3.022738e-03
2.322092163165515e+00	3.025064e-03
2.322115051349109e+00	3.029785e-03
2.322120773395008e+00	3.030990e-03
2.322132217486804e+00	3.033416e-03
2.322135078509754e+00	3.034029e-03
2.322135793765491e+00	3.034182e-03
2.322137224276966e+00	3.106229e-03
2.322140085299915e+00	3.800841e-03
2.322140800555652e+00	4.003433e-03
2.322140822907394e+00	4.009775e-03
2.322140867610877e+00	4.022482e-03
2.322140957017845e+00	1.428265e-02
2.322141067851748e+00	7.172740e-02
2.322141093888519e+00	1.017819e-01
2.322141145962062e+00	1.867283e-01
2.322141158980447e+00	2.188770e-01
2.322141185017219e+00	2.942074e-01
2.322141237090761e+00	5.384727e-01
2.322141250109147e+00	6.309469e-01
2.322141253363743e+00	6.549412e-01
2.322141254177392e+00	6.609949e-01
2.322141255804690e+00	6.732140e-01
2.322141259059286e+00	6.983330e-01
2.322141259160992e+00	6.991332e-01
2.322141259364405e+00	7.007354e-01
2.322141259415258e+00	7.011367e-01
2.322141259516964e+00	7.019396e-01
2.322141259542390e+00	7.021405e-01
2.322141259593244e+00	7.025425e-01
2.322141259605957e+00	7.026430e-01
2.322141259631383e+00	7.028441e-01
2.322141259637740e+00	7.028943e-01
2.322141259650453e+00	7.029949e-01
2.322141259653632e+00	7.030200e-01
2.322141259659988e+00	7.030703e-01
2.322141259672701e+00	7.031710e-01
2.322141259673099e+00	7.031741e-01
2.322141259673893e+00	7.031804e-01
2.322141259675483e+00	7.031929e-01
2.322141259678661e+00	7.032181e-01
2.322141259685018e+00	7.032684e-01
2.322141259697731e+00	7.033690e-01
2.322141259723157e+00	7.035703e-01
2.322141259774011e+00	7.039731e-01
2.322141259875717e+00	7.047791e-01
2.322141260079129e+00	7.063931e-01
2.322141260485953e+00	7.096160e-01
2.322141261299603e+00	7.159936e-01
2.322141262926900e+00	7.284144e-01
2.322141266181497e+00	7.519879e-01
2.322141272690690e+00	7.960290e-01
2.322141285709075e+00	8.797508e-01
2.322141311745847e+00	1.044690e+00
2.322141363819389e+00	1.374803e+00
2.322141467966473e+00	2.035167e+00
2.322141494003245e+00	2.200316e+00
2.322141546076787e+00	2.530623e+00
2.322141650223871e+00	3.191343e+00
2.322141653478468e+00	3.211993e+00
2.322141659987661e+00	3.253293e+00
2.322141661614959e+00	3.263618e+00
2.322141664869555e+00	3.284268e+00
2.322141665683204e+00	3.289430e+00
2.322141665886617e+00	3.290721e+00
2.322141666293441e+00	3.293302e+00
2.322141667107090e+00	3.297078e+00
2.322141668734389e+00	3.297330e+00
2.322141671988985e+00	3.297162e+00
2.322141678498177e+00	3.297453e+00
2.322141691516563e+00	3.297428e+00
2.322141717553334e+00	3.297974e+00
2.322141769626877e+00	3.298469e+00
2.322141873773961e+00	3.298365e+00
2.322142082068130e+00	3.298219e+00
2.322142498656469e+00	3.298442e+00
2.322143331833145e+00	3.298270e+00
2.322144535149002e+00	3.298472e+00
2.322146906303320e+00	3.298315e+00
2.322147499091899e+00	3.298417e+00
2.322148684669057e+00	3.298432e+00
2.322148981063347e+00	3.298436e+00
2.322149573851926e+00	3.298443e+00
2.322149647508994e+00	3.298444e+00
2.322149794823128e+00	3.298445e+00
2.322149984296562e+00	3.298445e+00
2.322150165283970e+00	3.298445e+00
2.322150456985122e+00	3.298445e+00
2.322151040387425e+00	3.298445e+00
2.322152207192032e+00	3.298445e+00
2.322154540801244e+00	3.298445e+00
2.322159208019670e+00	3.298445e+00
2.322168542456520e+00	3.298445e+00
2.322187211330221e+00	3.298445e+00
2.322224549077623e+00	3.298445e+00
2.322299224572428e+00	3.298445e+00
2.322448575562037e+00	3.298445e+00
2.322747277541256e+00	3.298446e+00
2.323344681499692e+00	3.298447e+00
2.324539489416566e+00	3.298450e+00
2.326929105250314e+00	3.298455e+00
2.329858792750314e+00	3.298461e+00
2.332788480250314e+00	3.298468e+00
2.335718167750314e+00	3.298474e+00
2.338647855250314e+00	3.298480e+00
2.341577542750314e+00	3.298486e+00
2.344507230250314e+00	3.298492e+00
2.347436917750314e+00	3.298499e+00
2.350366605250314e+00	3.298505e+00
2.353296292750314e+00	3.298511e+00
2.356225980250314e+00	3.298517e+00
2.359155667750314e+00	3.298522e+00
2.362085355250314e+00	3.298528e+00
2.365015042750314e+00	3.298534e+00
2.367944730250314e+00	3.298540e+00
2.370874417750314e+00	3.298546e+00
2.373804105250314e+00	3.298552e+00
2.376733792750314e+00	3.298558e+00
2.379663480250314e+00	3.298563e+00
2.382593167750314e+00	3.298569e+00
2.385522855250314e+00	3.298574e+00
2.388452542750314e+00	3.298580e+00
2.391382230250314e+00	3.298586e+00
2.394311917750314e+00	3.298591e+00
2.397241605250314e+00	3.298597e+00
2.400171292750314e+00	3.298602e+00
2.403100980250314e+00	3.298608e+00
2.406030667750314e+00	3.298613e+00
2.408960355250314e+00	3.298618e+00
2.411890042750314e+00	3.298624e+00
2.414819730250314e+00	3.298629e+00
2.417749417750314e+00	3.298634e+00
2.420679105250314e+00	3.298640e+00
2.423608792750314e+00	3.298645e+00
2.426538480250314e+00	3.298650e+00
2.429468167750314e+00	3.298655e+00
2.432397855250314e+00	3.298660e+00
2.435327542750314e+00	3.298665e+00
2.438257230250314e+00	3.298671e+00
2.441186917750314e+00	3.298676e+00
2.444116605250314e+00	3.298681e+00
2.447046292750314e+00	3.298686e+00
2.449975980250314e+00	3.298690e+00
2.452905667750314e+00	3.298695e+00
2.455835355250314e+00	3.298700e+00
2.458765042750314e+00	3.298705e+00
2.461694730250314e+00	3.298710e+00
2.464624417750314e+00	3.298715e+00
2.467554105250314e+00	3.298719e+00
2.470483792750314e+00	3.298724e+00
2.473413480250314e+00	3.298729e+00
2.476343167750314e+00	3.298734e+00
2.479272855250314e+00	3.298738e+00
2.482202542750314e+00	3.298743e+00
2.485132230250314e+00	3.298748e+00
2.488061917750314e+00	3.298752e+00
2.490991605250314e+00	3.298757e+00
2.493921292750314e+00	3.298761e+00
2.496850980250314e+00	3.298766e+00
2.499780667750314e+00	3.298770e+00
2.502710355250314e+00	3.298775e+00
2.505640042750314e+00	3.298779e+00
2.508569730250314e+00	3.298784e+00
2.511499417750314e+00	3.298788e+00
2.514429105250314e+00	3.298792e+00
2.514430105250314e+00	3.298792e+00
2.514446105250314e+00	3.298792e+00
2.514478105250314e+00	3.298792e+00
2.514542105250314e+00	3.298792e+00
2.514670105250314e+00	3.298793e+00
2.514926105250314e+00	3.298793e+00
2.515438105250314e+00	3.298794e+00
2.516462105250314e+00	3.298795e+00
2.518510105250314e+00	3.298798e+00
2.521439792750314e+00	3.298802e+00
2.524369480250314e+00	3.298807e+00
2.527299167750314e+00	3.298811e+00
2.530228855250314e+00	3.298815e+00
2.533158542750314e+00	3.298819e+00
2.536088230250314e+00	3.298824e+00
2.539017917750314e+00	3.298828e+00
2.541947605250314e+00	3.298832e+00
2.541948605250314e+00	3.298832e+00
2.541964605250314e+00	3.298832e+00
2.541996605250314e+00	3.298832e+00
2.542060605250314e+00	3.298832e+00
2.542188605250314e+00	3.298832e+00
2.542444605250314e+00	3.298832e+00
2.542956605250314e+00	3.298833e+00
2.543980605250314e+00	3.298835e+00
2.546028605250314e+00	3.298837e+00
2.548958292750314e+00	3.298841e+00
2.551887980250314e+00	3.298846e+00
2.554817667750314e+00	3.298850e+00
2.557747355250314e+00	3.298854e+00
2.560677042750314e+00	3.298857e+00
2.563606730250314e+00	3.298862e+00
2.566536417750314e+00	3.298865e+00
2.566537417750314e+00	3.298865e+00
2.566553417750314e+00	3.298865e+00
2.566585417750314e+00	3.298865e+00
2.566649417750314e+00	3.298866e+00
2.566777417750314e+00	3.298866e+00
2.567033417750314e+00	3.298866e+00
2.567545417750314e+00	3.298867e+00
2.568569417750314e+00	3.298868e+00
2.570617417750314e+00	3.298871e+00
2.573547105250314e+00	3.298875e+00
2.576476792750314e+00	3.298878e+00
2.579406480250314e+00	3.298882e+00
2.582336167750314e+00	3.298886e+00
2.585265855250314e+00	3.298890e+00
2.588195542750314e+00	3.298893e+00
2.591125230250314e+00	3.298897e+00
2.591126230250314e+00	3.298897e+00
2.591142230250314e+00	3.298897e+00
2.591174230250314e+00	3.298897e+00
2.591238230250314e+00	3.298897e+00
2.591366230250314e+00	3.298898e+00
2.591622230250314e+00	3.298898e+00
2.592134230250314e+00	3.298898e+00
2.593158230250314e+00	3.298900e+00
2.595206230250314e+00	3.298902e+00
2.598135917750314e+00	3.298906e+00
2.601065605250314e+00	3.298910e+00
2.603995292750314e+00	3.298913e+00
2.606924980250314e+00	3.298917e+00
2.609854667750314e+00	3.298920e+00
2.612784355250314e+00	3.298924e+00
2.615714042750314e+00	3.298928e+00
2.615715042750314e+00	3.298928e+00
2.615731042750314e+00	3.298928e+00
2.615763042750314e+00	3.298928e+00
2.615827042750314e+00	3.298928e+00
2.615955042750314e+00	3.298928e+00
2.616211042750314e+00	3.298928e+00
2.616723042750314e+00	3.298929e+00
2.617747042750314e+00	3.298930e+00
2.619795042750314e+00	3.298933e+00
2.622724730250314e+00	3.298936e+00
2.625654417750314e+00	3.298939e+00
2.628584105250314e+00	3.298943e+00
2.631513792750314e+00	3.298946e+00
2.634443480250314e+00	3.298950e+00
2.637373167750314e+00	3.298953e+00
2.640302855250314e+00	3.298956e+00
2.640303855250314e+00	3.298957e+00
2.640319855250314e+00	3.298957e+00
2.640351855250314e+00	3.298957e+00
2.640415855250314e+00	3.298957e+00
2.640543855250314e+00	3.298957e+00
2.640799855250314e+00	3.298957e+00
2.641311855250314e+00	3.298958e+00
2.642335855250314e+00	3.298959e+00
2.644383855250314e+00	3.298961e+00
2.647313542750314e+00	3.298965e+00
2.650243230250314e+00	3.298968e+00
2.653172917750314e+00	3.298971e+00
2.656102605250314e+00	3.298974e+00
2.659032292750314e+00	3.298978e+00
2.661961980250314e+00	3.298981e+00
2.664891667750314e+00	3.298984e+00
2.664892667750314e+00	3.298984e+00
2.664908667750314e+00	3.298984e+00
2.664940667750314e+00	3.298984e+00
2.665004667750314e+00	3.298984e+00
2.665132667750314e+00	3.298984e+00
2.665388667750314e+00	3.298985e+00
2.665900667750314e+00	3.298985e+00
2.666924667750314e+00	3.298986e+00
2.668972667750314e+00	3.298989e+00
2.671902355250314e+00	3.298992e+00
2.674832042750314e+00	3.298995e+00
2.677761730250314e+00	3.298998e+00
2.680691417750314e+00	3.299001e+00
2.683621105250314e+00	3.299004e+00
2.686550792750314e+00	3.299007e+00
2.689480480250314e+00	3.299010e+00
2.689481480250314e+00	3.299010e+00
2.689497480250314e+00	3.299010e+00
2.689529480250314e+00	3.299010e+00
2.689593480250314e+00	3.299010e+00
2.689721480250314e+00	3.299011e+00
2.689977480250314e+00	3.299011e+00
2.690489480250314e+00	3.299011e+00
2.691513480250314e+00	3.299012e+00
2.693561480250314e+00	3.299014e+00
2.696491167750314e+00	3.299017e+00
2.699420855250314e+00	3.299021e+00
2.702350542750314e+00	3.299023e+00
2.705280230250314e+00	3.299026e+00
2.708209917750314e+00	3.299029e+00
2.711139605250314e+00	3.299032e+00
2.714069292750314e+00	3.299035e+00
2.714070292750314e+00	3.299035e+00
2.714086292750314e+00	3.299035e+00
2.714118292750314e+00	3.299035e+00
2.714182292750314e+00	3.299035e+00
2.714310292750314e+00	3.299035e+00
2.714566292750314e+00	3.299036e+00
2.715078292750314e+00	3.299036e+00
2.716102292750314e+00	3.299037e+00
2.718150292750314e+00	3.299039e+00
2.721079980250314e+00	3.299042e+00
2.724009667750314e+00	3.299045e+00
2.726939355250314e+00	3.299048e+00
2.729869042750314e+00	3.299051e+00
2.732798730250314e+00	3.299053e+00
2.735728417750314e+00	3.299056e+00
2.738658105250314e+00	3.299059e+00
2.738659105250314e+00	3.299059e+00
2.738675105250314e+00	3.299059e+00
2.738707105250314e+00	3.299059e+00
2.738771105250314e+00	3.299059e+00
2.738899105250314e+00	3.299059e+00
2.739155105250314e+00	3.299059e+00
2.739667105250314e+00	3.299060e+00
2.740691105250314e+00	3.299061e+00
2.742739105250314e+00	3.299063e+00
2.745668792750314e+00	3.299065e+00
2.748598480250314e+00	3.299068e+00
2.751528167750314e+00	3.299071e+00
2.754457855250314e+00	3.299073e+00
2.757387542750314e+00	3.299076e+00
2.760317230250314e+00	3.299079e+00
2.763246917750314e+00	3.299081e+00
2.763247917750314e+00	3.299081e+00
2.763263917750314e+00	3.299081e+00
2.763295917750314e+00	3.299081e+00
2.763359917750314e+00	3.299082e+00
2.763487917750314e+00	3.299082e+00
2.763743917750314e+00	3.299082e+00
2.764255917750314e+00	3.299082e+00
2.765279917750314e+00	3.299083e+00
2.767327917750314e+00	3.299085e+00
2.770257605250314e+00	3.299088e+00
2.773187292750314e+00	3.299090e+00
2.776116980250314e+00	3.299093e+00
2.779046667750314e+00	3.299095e+00
2.781976355250314e+00	3.299098e+00
2.784906042750314e+00	3.299100e+00
2.787835730250314e+00	3.299103e+00
2.787836730250314e+00	3.299103e+00
2.787852730250314e+00	3.299103e+00
2.787884730250314e+00	3.299103e+00
2.787948730250314e+00	3.299103e+00
2.788076730250314e+00	3.299103e+00
2.788332730250314e+00	3.299103e+00
2.788844730250314e+00	3.299104e+00
2.789868730250314e+00	3.299104e+00
2.791916730250314e+00	3.299106e+00
2.794846417750314e+00	3.299109e+00
2.797776105250314e+00	3.299111e+00
2.800705792750314e+00	3.299114e+00
2.803635480250314e+00	3.299116e+00
2.806565167750314e+00	3.299119e+00
2.809494855250314e+00	3.299121e+00
2.812424542750314e+00	3.299123e+00
2.812425542750314e+00	3.299123e+00
2.812441542750314e+00	3.299123e+00
2.812473542750314e+00	3.299123e+00
2.812537542750314e+00	3.299123e+00
2.812665542750314e+00	3.299124e+00
2.812921542750314e+00	3.299124e+00
2.813433542750313e+00	3.299124e+00
2.814457542750314e+00	3.299125e+00
2.816505542750314e+00	3.299127e+00
2.819435230250314e+00	3.299129e+00
2.822364917750314e+00	3.299131e+00
2.825294605250314e+00	3.299133e+00
2.828224292750314e+00	3.299136e+00
2.831153980250314e+00	3.299138e+00
2.834083667750314e+00	3.299140e+00
2.837013355250314e+00	3.299142e+00
2.837014355250314e+00	3.299142e+00
2.837030355250314e+00	3.299142e+00
2.837062355250314e+00	3.299142e+00
2.837126355250314e+00	3.299142e+00
2.837254355250314e+00	3.299142e+00
2.837510355250314e+00	3.299143e+00
2.838022355250314e+00	3.299143e+00
2.839046355250314e+00	3.299144e+00
2.841094355250314e+00	3.299145e+00
2.844024042750314e+00	3.299148e+00
2.846953730250314e+00	3.299150e+00
2.849883417750314e+00	3.299152e+00
2.852813105250314e+00	3.299154e+00
2.855742792750314e+00	3.299156e+00
2.858672480250314e+00	3.299158e+00
2.861602167750314e+00	3.299160e+00
2.861603167750314e+00	3.299160e+00
2.861619167750314e+00	3.299160e+00
2.861651167750314e+00	3.299160e+00
2.861715167750314e+00	3.299160e+00
2.861843167750314e+00	3.299160e+00
2.862099167750314e+00	3.299161e+00
2.862611167750313e+00	3.299161e+00
2.863635167750314e+00	3.299162e+00
2.865683167750314e+00	3.299163e+00
2.866049378687814e+00	3.299164e+00
2.866781800562814e+00	3.299114e+00
2.866892774735105e+00	3.299096e+00
2.866920518278178e+00	3.299091e+00
2.866976005364323e+00	3.299081e+00
2.866989877135859e+00	3.299079e+00
2.867017620678932e+00	3.299073e+00
2.867024556564700e+00	3.299072e+00
2.867038428336237e+00	3.299069e+00
2.867066171879309e+00	3.299063e+00
2.867067038865030e+00	3.299063e+00
2.867068772836472e+00	3.299063e+00
2.867072240779357e+00	3.298470e+00
2.867073107765078e+00	3.298239e+00
2.867073324511508e+00	3.298180e+00
2.867073378698116e+00	3.298165e+00
2.867073487071330e+00	3.298136e+00
2.867073703817761e+00	3.298075e+00
2.867073758004369e+00	3.295351e+00
2.867073866377583e+00	3.260919e+00
2.867073893470887e+00	3.242245e+00
2.867073947657495e+00	3.188989e+00
2.867074056030710e+00	2.833582e+00
2.867074058566220e+00	2.819810e+00
2.867074063637240e+00	2.791471e+00
2.867074073779279e+00	2.729655e+00
2.867074094063357e+00	2.582146e+00
2.867074099134376e+00	2.538598e+00
2.867074099292846e+00	2.537234e+00
2.867074099297798e+00	2.537192e+00
2.867074099307703e+00	2.537106e+00
2.867074099310178e+00	2.537085e+00
2.867074099315131e+00	2.537042e+00
2.867074099325035e+00	2.536957e+00
2.867074099344844e+00	2.536787e+00
2.867074099384461e+00	2.536446e+00
2.867074099463696e+00	2.535763e+00
2.867074099622165e+00	2.534396e+00
2.867074099939104e+00	2.531662e+00
2.867074100572981e+00	2.526228e+00
2.867074101840736e+00	2.515571e+00
2.867074104376246e+00	2.495145e+00
2.867074109447266e+00	2.456894e+00
2.867074119589305e+00	2.384925e+00
2.867074139873383e+00	2.244876e+00
2.867074180441540e+00	1.965272e+00
2.867074261577854e+00	1.405715e+00
2.867074423850481e+00	2.862679e-01
2.867074464418638e+00	6.300023e-03
2.867074464577107e+00	5.206398e-03
2.867074464616724e+00	5.060188e-03
2.867074464695959e+00	4.908574e-03
2.867074464854428e+00	4.898232e-03
2.867074465171367e+00	4.896500e-03
2.867074465695318e+00	4.887037e-03
2.867074466743218e+00	4.873139e-03
2.867074468839019e+00	4.841318e-03
2.867074473030621e+00	4.781332e-03
2.867074481413825e+00	4.658039e-03
2.867074498180234e+00	4.415265e-03
2.867074531713051e+00	3.928100e-03
2.867074598778686e+00	2.962912e-03
2.867074732909955e+00	3.808117e-03
2.867074926330057e+00	3.776488e-03
2.867075155077725e+00	3.752719e-03
2.867075612573061e+00	3.738628e-03
2.867076401091074e+00	3.723085e-03
2.867077576085932e+00	3.710142e-03
2.867079838131986e+00	3.675099e-03
2.867080403643499e+00	3.668835e-03
2.867081534666526e+00	3.654365e-03
2.867083796712580e+00	3.652838e-03
2.867087673948208e+00	3.654157e-03
2.867091403295408e+00	3.652948e-03
2.867097044650405e+00	3.654039e-03
2.867106230151826e+00	3.652974e-03
2.867121550139725e+00	3.653951e-03
2.867152190115524e+00	3.652893e-03
2.867209290285699e+00	3.653752e-03
2.867316328747042e+00	3.652542e-03
2.867523865338569e+00	3.653067e-03
2.867911766236860e+00	3.651253e-03
2.868656627477529e+00	3.650615e-03
2.870070036833925e+00	3.646591e-03
2.872755058956757e+00	3.641790e-03
2.875684746456757e+00	3.634554e-03
2.878614433956757e+00	3.629300e-03
2.881544121456757e+00	3.622138e-03
2.884473808956757e+00	3.616957e-03
2.887403496456757e+00	3.609868e-03
2.890333183956757e+00	3.604759e-03
2.893262871456757e+00	3.597742e-03
2.896192558956757e+00	3.592704e-03
2.899122246456757e+00	3.585759e-03
2.902051933956757e+00	3.580792e-03
2.904981621456757e+00	3.573917e-03
2.907911308956757e+00	3.569019e-03
2.910840996456757e+00	3.562214e-03
2.913770683956757e+00	3.557385e-03
2.916700371456757e+00	3.550649e-03
2.919630058956757e+00	3.545888e-03
2.922559746456757e+00	3.539220e-03
2.925489433956757e+00	3.534526e-03
2.928419121456757e+00	3.527925e-03
2.931348808956757e+00	3.523298e-03
2.934278496456757e+00	3.516763e-03
2.937208183956757e+00	3.512201e-03
2.940137871456757e+00	3.505733e-03
2.943067558956757e+00	3.501236e-03
2.945997246456757e+00	3.494832e-03
2.948926933956757e+00	3.490399e-03
2.951856621456757e+00	3.484060e-03
2.954786308956757e+00	3.479690e-03
2.957715996456757e+00	3.473414e-03
2.960645683956757e+00	3.469107e-03
2.963575371456757e+00	3.462893e-03
2.966505058956757e+00	3.458648e-03
2.969434746456757e+00	3.452496e-03
2.972364433956757e+00	3.448312e-03
2.975294121456757e+00	3.442222e-03
2.978223808956757e+00	3.438098e-03
2.981153496456757e+00	3.432068e-03
2.984083183956757e+00	3.428004e-03
2.987012871456757e+00	3.422034e-03
2.989942558956757e+00	3.418029e-03
2.992872246456757e+00	3.412118e-03
2.995801933956757e+00	3.408171e-03
2.998731621456757e+00	3.402318e-03
3.001661308956757e+00	3.398429e-03
Step Information: Run=5  (Step: 6/9)
0.000000000000000e+00	1.558742e-06
1.867297155739665e-15	2.515584e-06
4.944373095832172e-15	4.042873e-06
8.188566491083603e-15	5.554077e-06
1.467695328158647e-14	8.323211e-06
2.765372686259220e-14	1.297649e-05
5.360727402460365e-14	1.961284e-05
1.055143683486266e-13	2.664590e-05
2.093285569966724e-13	3.127232e-05
4.169569342927641e-13	3.414734e-05
8.322136888849473e-13	3.980637e-05
1.662727198069314e-12	5.098217e-05
3.323754216438047e-12	7.266088e-05
6.645808253175514e-12	1.135497e-04
1.328991632665045e-11	1.862916e-04
2.525344626352040e-11	2.918735e-04
4.918050613726030e-11	4.331443e-04
9.703462588474011e-11	5.648230e-04
9.721394110251470e-11	5.650086e-04
9.757257153806390e-11	5.654342e-04
9.828983240916229e-11	5.663169e-04
9.972435415135907e-11	5.680163e-04
1.025933976357526e-10	5.712893e-04
1.083314846045397e-10	5.772701e-04
1.198076585421140e-10	5.874044e-04
1.427600064172625e-10	6.022762e-04
1.886647021675595e-10	6.201412e-04
2.804740936681536e-10	6.395940e-04
4.584992185456786e-10	6.686561e-04
7.579092059346208e-10	7.181466e-04
1.356729180712505e-09	8.168142e-04
1.907331658492906e-09	9.076589e-04
3.008536614053709e-09	1.089200e-03
5.210946525175314e-09	1.452400e-03
9.459285427271667e-09	1.829551e-03
1.783553046536004e-08	2.517002e-03
2.805983249035287e-08	3.363653e-03
2.837934192863389e-08	3.388580e-03
2.901836080519595e-08	3.441116e-03
2.917811552433646e-08	3.454374e-03
2.949762496261748e-08	3.480756e-03
2.957750232218774e-08	3.487340e-03
2.973725704132825e-08	3.500834e-03
3.005676647960928e-08	3.530147e-03
3.069578535617133e-08	3.595770e-03
3.197382310929543e-08	3.741114e-03
3.452989861554364e-08	4.054623e-03
3.964204962804005e-08	4.713187e-03
4.986635165303288e-08	6.139482e-03
7.031495570301853e-08	9.501329e-03
7.542710671551494e-08	1.048547e-02
8.565140874050776e-08	1.256826e-02
1.061000127904934e-07	1.609442e-02
1.469972208904647e-07	2.284873e-02
2.287916370904073e-07	3.639929e-02
3.007019131113046e-07	4.835309e-02
3.793985160974185e-07	6.150484e-02
4.592436648826763e-07	7.492102e-02
5.523102555413152e-07	9.067398e-02
7.384434368585929e-07	1.213691e-01
7.784982727382135e-07	1.279763e-01
8.586079444974546e-07	1.411885e-01
8.786353624372648e-07	1.444916e-01
9.186901983168853e-07	1.510978e-01
9.287039072867905e-07	1.527493e-01
9.312073345292667e-07	1.531622e-01
9.318331913398859e-07	1.532654e-01
9.319896555425406e-07	1.532913e-01
9.323025839478501e-07	1.533429e-01
9.323808160491775e-07	1.533558e-01
9.325372802518323e-07	1.533816e-01
9.328502086571418e-07	1.534332e-01
9.334760654677609e-07	1.535364e-01
9.347277790889990e-07	1.537428e-01
9.372312063314753e-07	1.541557e-01
9.422380608164279e-07	1.549815e-01
9.522517697863330e-07	1.566331e-01
9.722791877261433e-07	1.599362e-01
1.012334023605764e-06	1.665424e-01
1.092443695365005e-06	1.797548e-01
1.252663038883487e-06	2.061798e-01
1.573101725920451e-06	2.590298e-01
2.213979099994380e-06	3.647301e-01
3.213979099994380e-06	5.296610e-01
4.213979099994380e-06	6.945919e-01
6.213979099994380e-06	1.024454e+00
7.213979099994380e-06	1.189385e+00
1.021397909999438e-05	1.684172e+00
1.121397909999438e-05	1.849093e+00
1.621397909999438e-05	2.673692e+00
1.721397909999438e-05	2.838612e+00
1.999999999699662e-05	3.298082e+00
2.040455638083830e-05	3.298094e+00
2.121366914852166e-05	3.298099e+00
2.283189468388837e-05	3.298099e+00
2.474973955453534e-05	3.298099e+00
2.858542929582929e-05	3.298099e+00
3.625680877841718e-05	3.298099e+00
5.159956774359295e-05	3.298099e+00
8.228508567394450e-05	3.298099e+00
1.436561215346476e-04	3.298099e+00
2.663981932560538e-04	3.298100e+00
5.118823366988663e-04	3.298100e+00
1.002850623584491e-03	3.298102e+00
1.984787197355741e-03	3.298104e+00
3.948660344898240e-03	3.298110e+00
6.878347844898240e-03	3.298118e+00
9.808035344898242e-03	3.298126e+00
1.273772284489824e-02	3.298135e+00
1.566741034489824e-02	3.298143e+00
1.859709784489824e-02	3.298151e+00
2.152678534489824e-02	3.298159e+00
2.445647284489824e-02	3.298167e+00
2.738616034489824e-02	3.298175e+00
3.031584784489824e-02	3.298182e+00
3.324553534489824e-02	3.298190e+00
3.617522284489824e-02	3.298198e+00
3.910491034489824e-02	3.298206e+00
4.203459784489824e-02	3.298214e+00
4.496428534489824e-02	3.298221e+00
4.789397284489824e-02	3.298229e+00
5.082366034489824e-02	3.298237e+00
5.375334784489824e-02	3.298244e+00
5.668303534489824e-02	3.298251e+00
5.961272284489824e-02	3.298259e+00
6.254241034489824e-02	3.298266e+00
6.547209784489824e-02	3.298274e+00
6.840178534489824e-02	3.298281e+00
7.133147284489824e-02	3.298288e+00
7.426116034489824e-02	3.298295e+00
7.719084784489824e-02	3.298303e+00
8.012053534489824e-02	3.298310e+00
8.305022284489824e-02	3.298317e+00
8.597991034489824e-02	3.298324e+00
8.890959784489824e-02	3.298331e+00
9.183928534489824e-02	3.298338e+00
9.476897284489824e-02	3.298345e+00
9.769866034489824e-02	3.298352e+00
1.006283478448982e-01	3.298358e+00
1.035580353448982e-01	3.298365e+00
1.064877228448982e-01	3.298372e+00
1.094174103448982e-01	3.298379e+00
1.123470978448982e-01	3.298386e+00
1.152767853448982e-01	3.298392e+00
1.182064728448982e-01	3.298399e+00
1.211361603448982e-01	3.298405e+00
1.240658478448982e-01	3.298412e+00
1.269955353448982e-01	3.298419e+00
1.299252228448982e-01	3.298425e+00
1.328549103448982e-01	3.298431e+00
1.357845978448982e-01	3.298438e+00
1.387142853448982e-01	3.298444e+00
1.416439728448982e-01	3.298450e+00
1.445736603448982e-01	3.298457e+00
1.475033478448982e-01	3.298463e+00
1.504330353448982e-01	3.298469e+00
1.533627228448982e-01	3.298475e+00
1.562924103448982e-01	3.298481e+00
1.592220978448982e-01	3.298487e+00
1.621517853448982e-01	3.298493e+00
1.650814728448982e-01	3.298500e+00
1.680111603448982e-01	3.298506e+00
1.709408478448982e-01	3.298512e+00
1.738705353448982e-01	3.298517e+00
1.768002228448982e-01	3.298523e+00
1.797299103448982e-01	3.298529e+00
1.826595978448982e-01	3.298535e+00
1.855892853448982e-01	3.298541e+00
1.885189728448982e-01	3.298546e+00
1.914486603448982e-01	3.298552e+00
1.943783478448982e-01	3.298558e+00
1.973080353448982e-01	3.298563e+00
2.002377228448982e-01	3.298569e+00
2.031674103448982e-01	3.298575e+00
2.060970978448982e-01	3.298580e+00
2.090267853448982e-01	3.298586e+00
2.119564728448982e-01	3.298591e+00
2.148861603448982e-01	3.298597e+00
2.178158478448982e-01	3.298602e+00
2.207455353448982e-01	3.298607e+00
2.236752228448982e-01	3.298613e+00
2.266049103448982e-01	3.298618e+00
2.295345978448982e-01	3.298623e+00
2.324642853448982e-01	3.298629e+00
2.353939728448982e-01	3.298634e+00
2.383236603448982e-01	3.298639e+00
2.412533478448982e-01	3.298644e+00
2.441830353448982e-01	3.298650e+00
2.471127228448982e-01	3.298655e+00
2.500424103448983e-01	3.298660e+00
2.529720978448983e-01	3.298665e+00
2.559017853448983e-01	3.298670e+00
2.588314728448983e-01	3.298675e+00
2.617611603448983e-01	3.298680e+00
2.646908478448983e-01	3.298685e+00
2.676205353448983e-01	3.298690e+00
2.705502228448983e-01	3.298694e+00
2.734799103448983e-01	3.298699e+00
2.764095978448983e-01	3.298704e+00
2.793392853448983e-01	3.298709e+00
2.822689728448983e-01	3.298713e+00
2.851986603448983e-01	3.298718e+00
2.881283478448983e-01	3.298723e+00
2.910580353448983e-01	3.298728e+00
2.939877228448983e-01	3.298732e+00
2.969174103448983e-01	3.298737e+00
2.998470978448983e-01	3.298742e+00
3.027767853448983e-01	3.298746e+00
3.057064728448983e-01	3.298751e+00
3.086361603448983e-01	3.298755e+00
3.115658478448983e-01	3.298760e+00
3.144955353448983e-01	3.298764e+00
3.174252228448983e-01	3.298769e+00
3.203549103448983e-01	3.298773e+00
3.232845978448983e-01	3.298777e+00
3.262142853448983e-01	3.298782e+00
3.291439728448983e-01	3.298786e+00
3.320736603448983e-01	3.298790e+00
3.350033478448983e-01	3.298795e+00
3.379330353448983e-01	3.298799e+00
3.408627228448983e-01	3.298803e+00
3.437924103448983e-01	3.298807e+00
3.467220978448983e-01	3.298812e+00
3.496517853448983e-01	3.298816e+00
3.525814728448983e-01	3.298820e+00
3.555111603448983e-01	3.298824e+00
3.584408478448983e-01	3.298828e+00
3.613705353448983e-01	3.298832e+00
3.643002228448983e-01	3.298836e+00
3.672299103448983e-01	3.298840e+00
3.701595978448983e-01	3.298844e+00
3.730892853448983e-01	3.298848e+00
3.760189728448983e-01	3.298852e+00
3.789486603448983e-01	3.298856e+00
3.818783478448983e-01	3.298860e+00
3.848080353448983e-01	3.298864e+00
3.877377228448983e-01	3.298868e+00
3.906674103448983e-01	3.298872e+00
3.935970978448983e-01	3.298875e+00
3.965267853448983e-01	3.298879e+00
3.994564728448983e-01	3.298883e+00
4.023861603448983e-01	3.298887e+00
4.053158478448983e-01	3.298890e+00
4.082455353448983e-01	3.298894e+00
4.111752228448983e-01	3.298898e+00
4.141049103448983e-01	3.298902e+00
4.170345978448983e-01	3.298905e+00
4.199642853448983e-01	3.298909e+00
4.228939728448983e-01	3.298912e+00
4.258236603448983e-01	3.298916e+00
4.287533478448983e-01	3.298919e+00
4.316830353448983e-01	3.298923e+00
4.346127228448983e-01	3.298926e+00
4.375424103448983e-01	3.298930e+00
4.404720978448983e-01	3.298934e+00
4.434017853448983e-01	3.298937e+00
4.463314728448983e-01	3.298940e+00
4.492611603448983e-01	3.298944e+00
4.521908478448983e-01	3.298947e+00
4.551205353448983e-01	3.298950e+00
4.580502228448983e-01	3.298954e+00
4.609799103448983e-01	3.298957e+00
4.639095978448983e-01	3.298960e+00
4.668392853448983e-01	3.298964e+00
4.697689728448983e-01	3.298967e+00
4.726986603448983e-01	3.298970e+00
4.756283478448983e-01	3.298974e+00
4.785580353448983e-01	3.298977e+00
4.814877228448983e-01	3.298980e+00
4.844174103448983e-01	3.298983e+00
4.873470978448983e-01	3.298986e+00
4.902767853448983e-01	3.298990e+00
4.932064728448983e-01	3.298993e+00
4.961361603448983e-01	3.298996e+00
4.990658478448983e-01	3.298999e+00
5.019955353448983e-01	3.299002e+00
5.049252228448983e-01	3.299005e+00
5.078549103448983e-01	3.299008e+00
5.107845978448983e-01	3.299011e+00
5.137142853448983e-01	3.299014e+00
5.166439728448983e-01	3.299017e+00
5.195736603448983e-01	3.299020e+00
5.225033478448983e-01	3.299023e+00
5.254330353448983e-01	3.299026e+00
5.283627228448983e-01	3.299029e+00
5.312924103448983e-01	3.299031e+00
5.342220978448983e-01	3.299034e+00
5.371517853448983e-01	3.299037e+00
5.400814728448983e-01	3.299040e+00
5.430111603448983e-01	3.299043e+00
5.459408478448983e-01	3.299046e+00
5.488705353448983e-01	3.299049e+00
5.518002228448983e-01	3.299051e+00
5.547299103448983e-01	3.299054e+00
5.576595978448983e-01	3.299057e+00
5.605892853448983e-01	3.299060e+00
5.635189728448983e-01	3.299062e+00
5.664486603448983e-01	3.299065e+00
5.693783478448983e-01	3.299068e+00
5.723080353448983e-01	3.299070e+00
5.752377228448983e-01	3.299073e+00
5.781674103448983e-01	3.299076e+00
5.810970978448983e-01	3.299078e+00
5.840267853448983e-01	3.299081e+00
5.869564728448983e-01	3.299083e+00
5.898861603448983e-01	3.299086e+00
5.928158478448983e-01	3.299088e+00
5.957455353448983e-01	3.299091e+00
5.986752228448983e-01	3.299094e+00
6.016049103448983e-01	3.299096e+00
6.045345978448983e-01	3.299099e+00
6.074642853448983e-01	3.299101e+00
6.103939728448983e-01	3.299103e+00
6.133236603448983e-01	3.299106e+00
6.162533478448983e-01	3.299109e+00
6.191830353448983e-01	3.299111e+00
6.221127228448983e-01	3.299113e+00
6.250424103448983e-01	3.299116e+00
6.279720978448983e-01	3.299118e+00
6.309017853448983e-01	3.299120e+00
6.338314728448983e-01	3.299123e+00
6.367611603448983e-01	3.299125e+00
6.396908478448983e-01	3.299128e+00
6.426205353448983e-01	3.299130e+00
6.455502228448983e-01	3.299132e+00
6.484799103448983e-01	3.299134e+00
6.514095978448983e-01	3.299137e+00
6.543392853448983e-01	3.299139e+00
6.572689728448983e-01	3.299141e+00
6.601986603448983e-01	3.299143e+00
6.631283478448983e-01	3.299145e+00
6.660580353448983e-01	3.299148e+00
6.689877228448983e-01	3.299150e+00
6.719174103448983e-01	3.299152e+00
6.748470978448983e-01	3.299154e+00
6.777767853448983e-01	3.299156e+00
6.807064728448983e-01	3.299158e+00
6.836361603448983e-01	3.299160e+00
6.865658478448983e-01	3.299162e+00
6.894955353448983e-01	3.299164e+00
6.924252228448983e-01	3.299166e+00
6.927914337823983e-01	3.299167e+00
6.935238556573983e-01	3.299167e+00
6.937069611261483e-01	3.299162e+00
6.940731720636483e-01	3.299134e+00
6.941647247980233e-01	3.299121e+00
6.943478302667733e-01	3.299091e+00
6.943936066339608e-01	3.299082e+00
6.944050507257576e-01	3.299079e+00
6.944279389093514e-01	3.299075e+00
6.944336609552498e-01	3.299073e+00
6.944451050470467e-01	3.299071e+00
6.944479660699959e-01	3.299070e+00
6.944536881158944e-01	3.299069e+00
6.944651322076912e-01	3.299067e+00
6.944679932306405e-01	3.298683e+00
6.944687084863778e-01	3.298499e+00
6.944701389978524e-01	3.298109e+00
6.944701837013360e-01	3.298096e+00
6.944702731083031e-01	3.298070e+00
6.944702954600449e-01	3.296161e+00
6.944703401635285e-01	3.288363e+00
6.944704295704957e-01	3.254655e+00
6.944704519222374e-01	3.238417e+00
6.944704966257210e-01	3.195020e+00
6.944705860326882e-01	2.976863e+00
6.944706048744274e-01	2.889192e+00
6.944706095848622e-01	2.866049e+00
6.944706190057318e-01	2.817173e+00
6.944706213609493e-01	2.803957e+00
6.944706260713840e-01	2.776806e+00
6.944706354922536e-01	2.717951e+00
6.944706543339929e-01	2.579359e+00
6.944706590444277e-01	2.538913e+00
6.944706591916288e-01	2.537647e+00
6.944706592284291e-01	2.537330e+00
6.944706592376292e-01	2.537251e+00
6.944706592560292e-01	2.537093e+00
6.944706592606293e-01	2.537053e+00
6.944706592698294e-01	2.536974e+00
6.944706592882295e-01	2.536816e+00
6.944706593250298e-01	2.536499e+00
6.944706593986303e-01	2.535864e+00
6.944706595458314e-01	2.534595e+00
6.944706598402336e-01	2.532054e+00
6.944706604290379e-01	2.527001e+00
6.944706616066466e-01	2.517074e+00
6.944706639618641e-01	2.497992e+00
6.944706686722989e-01	2.462198e+00
6.944706780931684e-01	2.394996e+00
6.944706969349077e-01	2.264735e+00
6.944707346183862e-01	2.005025e+00
6.944708099853432e-01	1.485201e+00
6.944709607192571e-01	4.453048e-01
6.944709984027355e-01	1.852236e-01
6.944710078236052e-01	1.202048e-01
6.944710101788225e-01	1.039501e-01
6.944710148892573e-01	7.144089e-02
6.944710243101270e-01	6.422253e-03
6.944710246045291e-01	5.078888e-03
6.944710251933335e-01	4.743519e-03
6.944710259105668e-01	4.982426e-03
6.944710267466689e-01	4.771074e-03
6.944710284188733e-01	4.916680e-03
6.944710305437292e-01	4.730639e-03
6.944710343407781e-01	4.820765e-03
6.944710417529489e-01	4.572176e-03
6.944710565772907e-01	4.494697e-03
6.944710862259742e-01	3.927777e-03
6.944711455233411e-01	3.208939e-03
6.944712641180749e-01	3.740983e-03
6.944715013075426e-01	3.827304e-03
6.944719756864780e-01	3.664458e-03
6.944725729967761e-01	3.785171e-03
6.944734367135544e-01	3.642157e-03
6.944749033357698e-01	3.752589e-03
6.944778365802006e-01	3.580539e-03
6.944781392033298e-01	3.643539e-03
6.944787444495885e-01	3.642632e-03
6.944799549421058e-01	3.643159e-03
6.944811177582944e-01	3.642775e-03
6.944826035826633e-01	3.643053e-03
6.944854698052747e-01	3.642818e-03
6.944903919068393e-01	3.643013e-03
6.945002361099684e-01	3.642799e-03
6.945199245162265e-01	3.642944e-03
6.945593013287427e-01	3.642676e-03
6.946380549537752e-01	3.642692e-03
6.947955622038402e-01	3.642175e-03
6.951105767039701e-01	3.641687e-03
6.957406057042301e-01	3.640169e-03
6.970006637047500e-01	3.637681e-03
6.995207797057899e-01	3.632181e-03
7.024504672057899e-01	3.626214e-03
7.053801547057899e-01	3.619920e-03
7.083098422057899e-01	3.614024e-03
7.112395297057899e-01	3.607800e-03
7.141692172057899e-01	3.601976e-03
7.170989047057899e-01	3.595822e-03
7.200285922057899e-01	3.590067e-03
7.229582797057899e-01	3.583984e-03
7.258879672057899e-01	3.578298e-03
7.288176547057899e-01	3.572284e-03
7.317473422057899e-01	3.566666e-03
7.346770297057899e-01	3.560720e-03
7.376067172057899e-01	3.555169e-03
7.405364047057899e-01	3.549290e-03
7.434660922057899e-01	3.543806e-03
7.463957797057899e-01	3.537994e-03
7.493254672057899e-01	3.532576e-03
7.522551547057899e-01	3.526829e-03
7.551848422057899e-01	3.521477e-03
7.581145297057899e-01	3.515794e-03
7.610442172057899e-01	3.510506e-03
7.639739047057899e-01	3.504888e-03
7.669035922057899e-01	3.499664e-03
7.698332797057899e-01	3.494109e-03
7.727629672057899e-01	3.488947e-03
7.756926547057899e-01	3.483455e-03
7.786223422057899e-01	3.478356e-03
7.815520297057899e-01	3.472926e-03
7.844817172057899e-01	3.467888e-03
7.874114047057899e-01	3.462519e-03
7.903410922057899e-01	3.457542e-03
7.932707797057899e-01	3.452233e-03
7.962004672057899e-01	3.447316e-03
7.991301547057899e-01	3.442067e-03
8.020598422057899e-01	3.437210e-03
8.049895297057899e-01	3.432020e-03
8.079192172057899e-01	3.427221e-03
8.108489047057899e-01	3.422089e-03
8.137785922057899e-01	3.417348e-03
8.167082797057899e-01	3.412275e-03
8.196379672057899e-01	3.407591e-03
8.225676547057899e-01	3.402574e-03
8.254973422057899e-01	3.397947e-03
8.284270297057899e-01	3.392987e-03
8.313567172057899e-01	3.388416e-03
8.342864047057899e-01	3.383511e-03
8.372160922057899e-01	3.378995e-03
8.401457797057899e-01	3.374146e-03
8.430754672057899e-01	3.369684e-03
8.460051547057899e-01	3.364889e-03
8.489348422057899e-01	3.360482e-03
8.518645297057899e-01	3.355741e-03
8.547942172057899e-01	3.351387e-03
8.577239047057899e-01	3.346699e-03
8.606535922057899e-01	3.342398e-03
8.635832797057899e-01	3.337762e-03
8.665129672057899e-01	3.333513e-03
8.694426547057899e-01	3.328930e-03
8.723723422057899e-01	3.324732e-03
8.753020297057899e-01	3.320200e-03
8.782317172057899e-01	3.316054e-03
8.811614047057899e-01	3.311572e-03
8.840910922057899e-01	3.307476e-03
8.870207797057899e-01	3.303044e-03
8.899504672057899e-01	3.298998e-03
8.928801547057899e-01	3.294616e-03
8.958098422057899e-01	3.290619e-03
8.987395297057899e-01	3.286286e-03
9.016692172057899e-01	3.282338e-03
9.045989047057899e-01	3.278053e-03
9.075285922057899e-01	3.274153e-03
9.104582797057899e-01	3.269916e-03
9.133879672057899e-01	3.266063e-03
9.163176547057899e-01	3.261874e-03
9.192473422057899e-01	3.258068e-03
9.221770297057899e-01	3.253926e-03
9.251067172057899e-01	3.250166e-03
9.280364047057899e-01	3.246069e-03
9.309660922057899e-01	3.242356e-03
9.338957797057899e-01	3.238305e-03
9.368254672057899e-01	3.234636e-03
9.397551547057899e-01	3.230631e-03
9.426848422057899e-01	3.227007e-03
9.456145297057899e-01	3.223046e-03
9.485442172057899e-01	3.219467e-03
9.514739047057899e-01	3.215550e-03
9.544035922057899e-01	3.212014e-03
9.573332797057899e-01	3.208141e-03
9.602629672057899e-01	3.204648e-03
9.631926547057899e-01	3.200818e-03
9.661223422057899e-01	3.197368e-03
9.690520297057899e-01	3.193581e-03
9.719817172057899e-01	3.190173e-03
9.749114047057899e-01	3.186428e-03
9.778410922057899e-01	3.183061e-03
9.807707797057899e-01	3.179358e-03
9.837004672057899e-01	3.176033e-03
9.866301547057899e-01	3.172370e-03
9.895598422057899e-01	3.169086e-03
9.924895297057899e-01	3.165464e-03
9.954192172057899e-01	3.162221e-03
9.983489047057899e-01	3.158638e-03
1.001278592205790e+00	3.155435e-03
1.004208279705790e+00	3.151892e-03
1.007137967205790e+00	3.148728e-03
1.010067654705790e+00	3.145225e-03
1.012997342205790e+00	3.142099e-03
1.015927029705790e+00	3.138635e-03
1.018856717205790e+00	3.135548e-03
1.021786404705790e+00	3.132122e-03
1.024716092205790e+00	3.129072e-03
1.027645779705790e+00	3.125684e-03
1.030575467205790e+00	3.122673e-03
1.033505154705790e+00	3.119322e-03
1.036434842205790e+00	3.116348e-03
1.039364529705790e+00	3.113034e-03
1.042294217205790e+00	3.110096e-03
1.045223904705790e+00	3.106819e-03
1.048153592205790e+00	3.103917e-03
1.051083279705790e+00	3.100676e-03
1.054012967205790e+00	3.097811e-03
1.056942654705790e+00	3.094605e-03
1.059872342205790e+00	3.091775e-03
1.062802029705790e+00	3.088605e-03
1.065731717205790e+00	3.085810e-03
1.068661404705790e+00	3.082675e-03
1.071591092205790e+00	3.079914e-03
1.074520779705790e+00	3.076813e-03
1.077450467205790e+00	3.074087e-03
1.080380154705790e+00	3.071020e-03
1.083309842205790e+00	3.068328e-03
1.086239529705790e+00	3.065295e-03
1.089169217205790e+00	3.062635e-03
1.092098904705790e+00	3.059636e-03
1.095028592205790e+00	3.057010e-03
1.097958279705790e+00	3.054043e-03
1.100887967205790e+00	3.051449e-03
1.103817654705790e+00	3.048515e-03
1.106747342205790e+00	3.045954e-03
1.109677029705790e+00	3.043052e-03
1.112606717205790e+00	3.040522e-03
1.115536404705790e+00	3.037652e-03
1.118466092205790e+00	3.035154e-03
1.121395779705790e+00	3.032315e-03
1.124325467205790e+00	3.029848e-03
1.127255154705790e+00	3.027040e-03
1.130184842205790e+00	3.024604e-03
1.133114529705790e+00	3.021827e-03
1.136044217205790e+00	3.019421e-03
1.138973904705790e+00	3.016674e-03
1.141903592205790e+00	3.014298e-03
1.144833279705790e+00	3.011581e-03
1.147762967205790e+00	3.009235e-03
1.150692654705790e+00	3.006548e-03
1.153622342205790e+00	3.004231e-03
1.156552029705790e+00	3.001574e-03
1.159481717205790e+00	2.999286e-03
1.162411404705790e+00	2.996657e-03
1.165341092205790e+00	2.994398e-03
1.168270779705790e+00	2.991798e-03
1.171200467205790e+00	2.989567e-03
1.174130154705790e+00	2.986995e-03
1.177059842205790e+00	2.984792e-03
1.179989529705790e+00	2.982248e-03
1.182919217205790e+00	2.980073e-03
1.185848904705790e+00	2.977556e-03
1.188778592205790e+00	2.975409e-03
1.191708279705790e+00	2.972936e-03
1.194637967205790e+00	2.970872e-03
1.197567654705790e+00	2.968466e-03
1.200497342205790e+00	2.966428e-03
1.203427029705790e+00	2.964048e-03
1.206356717205790e+00	2.962036e-03
1.209286404705790e+00	2.959681e-03
1.212216092205790e+00	2.957695e-03
1.215145779705790e+00	2.955366e-03
1.218075467205790e+00	2.953405e-03
1.221005154705790e+00	2.951101e-03
1.223934842205790e+00	2.949164e-03
1.226864529705790e+00	2.946885e-03
1.229794217205790e+00	2.944973e-03
1.232723904705790e+00	2.942719e-03
1.235653592205790e+00	2.940831e-03
1.238583279705790e+00	2.938601e-03
1.238949490643290e+00	2.938434e-03
1.239681912518290e+00	2.937923e-03
1.241146756268290e+00	2.936904e-03
1.244076443768290e+00	2.973156e-03
1.244289307096284e+00	2.989847e-03
1.244342522928283e+00	2.994729e-03
1.244448954592280e+00	3.005910e-03
1.244475562508280e+00	3.009238e-03
1.244528778340279e+00	3.016247e-03
1.244542082298278e+00	3.018133e-03
1.244568690214277e+00	3.021993e-03
1.244621906046276e+00	3.030244e-03
1.244623569041026e+00	3.030513e-03
1.244626895030526e+00	3.031054e-03
1.244627726527901e+00	3.198890e-03
1.244629389522651e+00	3.505813e-03
1.244629805271338e+00	3.589940e-03
1.244630636768713e+00	3.763675e-03
1.244630844643057e+00	3.809190e-03
1.244631260391745e+00	3.901666e-03
1.244631364328916e+00	3.925332e-03
1.244631572203260e+00	3.973037e-03
1.244631624171846e+00	3.985104e-03
1.244631728109018e+00	4.009333e-03
1.244631754093311e+00	4.015425e-03
1.244631806061897e+00	4.027634e-03
1.244631909999069e+00	2.229495e-02
1.244632034737419e+00	1.305424e-01
1.244632062920068e+00	1.909517e-01
1.244632119285364e+00	3.681215e-01
1.244632133376688e+00	4.374623e-01
1.244632136899519e+00	4.555120e-01
1.244632143945181e+00	4.931000e-01
1.244632145706596e+00	5.030665e-01
1.244632149229427e+00	5.234023e-01
1.244632156275089e+00	5.665886e-01
1.244632170366413e+00	6.640937e-01
1.244632173889245e+00	6.914806e-01
1.244632174769952e+00	6.983957e-01
1.244632174990129e+00	7.001287e-01
1.244632175430483e+00	7.036034e-01
1.244632175444244e+00	7.037122e-01
1.244632175471766e+00	7.039300e-01
1.244632175472626e+00	7.039368e-01
1.244632175474346e+00	7.039505e-01
1.244632175477787e+00	7.039776e-01
1.244632175484667e+00	7.040321e-01
1.244632175498428e+00	7.041411e-01
1.244632175525950e+00	7.043589e-01
1.244632175580995e+00	7.047949e-01
1.244632175691083e+00	7.056677e-01
1.244632175911260e+00	7.074149e-01
1.244632176351614e+00	7.109020e-01
1.244632177232322e+00	7.177926e-01
1.244632178993737e+00	7.311791e-01
1.244632182516568e+00	7.565101e-01
1.244632189562230e+00	8.038402e-01
1.244632203653554e+00	8.941617e-01
1.244632231836202e+00	1.072683e+00
1.244632288201499e+00	1.430072e+00
1.244632400932091e+00	2.144958e+00
1.244632429114739e+00	2.323753e+00
1.244632485480035e+00	2.681343e+00
1.244632499571360e+00	2.770746e+00
1.244632527754008e+00	2.949560e+00
1.244632534799670e+00	2.994266e+00
1.244632548890994e+00	3.083678e+00
1.244632577073642e+00	3.262508e+00
1.244632577954349e+00	3.268097e+00
1.244632579715765e+00	3.279274e+00
1.244632580156119e+00	3.282068e+00
1.244632581036827e+00	3.287657e+00
1.244632582798242e+00	3.297035e+00
1.244632586321073e+00	3.297427e+00
1.244632593366735e+00	3.297189e+00
1.244632607458059e+00	3.297705e+00
1.244632635640707e+00	3.297757e+00
1.244632692006004e+00	3.298829e+00
1.244632804736596e+00	3.298133e+00
1.244633030197781e+00	3.298481e+00
1.244633481120151e+00	3.298209e+00
1.244634382964891e+00	3.298528e+00
1.244635638605854e+00	3.298239e+00
1.244638149887780e+00	3.298576e+00
1.244638777708262e+00	3.298432e+00
1.244640033349225e+00	3.298448e+00
1.244640347259466e+00	3.298452e+00
1.244640975079947e+00	3.298456e+00
1.244641890733415e+00	3.298456e+00
1.244642733289167e+00	3.298456e+00
1.244644208475281e+00	3.298456e+00
1.244647158847509e+00	3.298456e+00
1.244653059591966e+00	3.298456e+00
1.244664861080879e+00	3.298456e+00
1.244688464058706e+00	3.298456e+00
1.244735670014359e+00	3.298456e+00
1.244830081925665e+00	3.298456e+00
1.245018905748277e+00	3.298456e+00
1.245396553393501e+00	3.298457e+00
1.246151848683948e+00	3.298459e+00
1.247662439264844e+00	3.298462e+00
1.250592126764844e+00	3.298468e+00
1.253521814264844e+00	3.298475e+00
1.256451501764844e+00	3.298481e+00
1.259381189264844e+00	3.298487e+00
1.262310876764844e+00	3.298493e+00
1.265240564264844e+00	3.298499e+00
1.268170251764844e+00	3.298505e+00
1.271099939264844e+00	3.298511e+00
1.274029626764844e+00	3.298517e+00
1.276959314264844e+00	3.298522e+00
1.279889001764844e+00	3.298528e+00
1.282818689264844e+00	3.298534e+00
1.285748376764844e+00	3.298540e+00
1.288678064264844e+00	3.298546e+00
1.291607751764844e+00	3.298552e+00
1.294537439264844e+00	3.298557e+00
1.297467126764844e+00	3.298563e+00
1.300396814264844e+00	3.298568e+00
1.303326501764844e+00	3.298574e+00
1.306256189264844e+00	3.298579e+00
1.309185876764844e+00	3.298585e+00
1.312115564264844e+00	3.298590e+00
1.315045251764844e+00	3.298596e+00
1.317974939264844e+00	3.298601e+00
1.320904626764844e+00	3.298607e+00
1.323834314264844e+00	3.298612e+00
1.326764001764844e+00	3.298618e+00
1.329693689264844e+00	3.298623e+00
1.332623376764844e+00	3.298628e+00
1.335553064264844e+00	3.298633e+00
1.338482751764844e+00	3.298639e+00
1.341412439264844e+00	3.298644e+00
1.344342126764844e+00	3.298649e+00
1.347271814264844e+00	3.298654e+00
1.350201501764844e+00	3.298659e+00
1.353131189264844e+00	3.298664e+00
1.356060876764844e+00	3.298669e+00
1.358990564264844e+00	3.298674e+00
1.361920251764844e+00	3.298679e+00
1.364849939264844e+00	3.298684e+00
1.367779626764844e+00	3.298689e+00
1.370709314264844e+00	3.298694e+00
1.373639001764844e+00	3.298699e+00
1.376568689264844e+00	3.298703e+00
1.379498376764844e+00	3.298708e+00
1.382428064264844e+00	3.298713e+00
1.385357751764844e+00	3.298718e+00
1.388287439264844e+00	3.298723e+00
1.391217126764844e+00	3.298727e+00
1.394146814264844e+00	3.298732e+00
1.397076501764844e+00	3.298736e+00
1.400006189264844e+00	3.298741e+00
1.402935876764844e+00	3.298746e+00
1.405865564264844e+00	3.298750e+00
1.408795251764844e+00	3.298755e+00
1.411724939264844e+00	3.298759e+00
1.414654626764844e+00	3.298764e+00
1.417584314264844e+00	3.298768e+00
1.420514001764844e+00	3.298773e+00
1.423443689264844e+00	3.298777e+00
1.426373376764844e+00	3.298781e+00
1.429303064264844e+00	3.298785e+00
1.432232751764844e+00	3.298790e+00
1.435162439264844e+00	3.298794e+00
1.438092126764844e+00	3.298799e+00
1.441021814264844e+00	3.298803e+00
1.443951501764844e+00	3.298807e+00
1.446881189264844e+00	3.298811e+00
1.449810876764844e+00	3.298815e+00
1.452740564264844e+00	3.298819e+00
1.455670251764844e+00	3.298824e+00
1.458599939264844e+00	3.298828e+00
1.461529626764844e+00	3.298832e+00
1.464459314264844e+00	3.298836e+00
1.467389001764844e+00	3.298840e+00
1.470318689264844e+00	3.298844e+00
1.473248376764844e+00	3.298848e+00
1.476178064264844e+00	3.298852e+00
1.479107751764844e+00	3.298856e+00
1.482037439264844e+00	3.298860e+00
1.484967126764844e+00	3.298863e+00
1.487896814264844e+00	3.298867e+00
1.490826501764844e+00	3.298871e+00
1.493756189264844e+00	3.298875e+00
1.496685876764844e+00	3.298879e+00
1.499615564264844e+00	3.298882e+00
1.502545251764844e+00	3.298886e+00
1.505474939264844e+00	3.298890e+00
1.508404626764844e+00	3.298894e+00
1.511334314264844e+00	3.298897e+00
1.514264001764844e+00	3.298901e+00
1.517193689264844e+00	3.298905e+00
1.520123376764844e+00	3.298908e+00
1.523053064264844e+00	3.298912e+00
1.525982751764844e+00	3.298915e+00
1.528912439264844e+00	3.298919e+00
1.531842126764844e+00	3.298923e+00
1.534771814264844e+00	3.298926e+00
1.537701501764844e+00	3.298929e+00
1.540631189264844e+00	3.298933e+00
1.543560876764844e+00	3.298936e+00
1.546490564264844e+00	3.298940e+00
1.549420251764844e+00	3.298943e+00
1.552349939264844e+00	3.298947e+00
1.555279626764844e+00	3.298950e+00
1.558209314264844e+00	3.298953e+00
1.561139001764844e+00	3.298957e+00
1.564068689264844e+00	3.298960e+00
1.566998376764844e+00	3.298963e+00
1.569928064264844e+00	3.298967e+00
1.572857751764844e+00	3.298970e+00
1.575787439264844e+00	3.298973e+00
1.578717126764844e+00	3.298976e+00
1.581646814264844e+00	3.298980e+00
1.584576501764844e+00	3.298983e+00
1.587506189264844e+00	3.298986e+00
1.590435876764844e+00	3.298989e+00
1.593365564264844e+00	3.298992e+00
1.596295251764844e+00	3.298995e+00
1.599224939264844e+00	3.298998e+00
1.602154626764844e+00	3.299001e+00
1.605084314264844e+00	3.299005e+00
1.608014001764844e+00	3.299008e+00
1.610943689264844e+00	3.299011e+00
1.613873376764844e+00	3.299014e+00
1.616803064264844e+00	3.299016e+00
1.619732751764844e+00	3.299020e+00
1.622662439264844e+00	3.299022e+00
1.625592126764844e+00	3.299025e+00
1.628521814264844e+00	3.299028e+00
1.631451501764844e+00	3.299031e+00
1.634381189264844e+00	3.299034e+00
1.637310876764844e+00	3.299037e+00
1.640240564264844e+00	3.299040e+00
1.643170251764844e+00	3.299043e+00
1.646099939264844e+00	3.299045e+00
1.649029626764844e+00	3.299048e+00
1.651959314264844e+00	3.299051e+00
1.654889001764844e+00	3.299054e+00
1.657818689264844e+00	3.299057e+00
1.660748376764844e+00	3.299059e+00
1.663678064264844e+00	3.299062e+00
1.666607751764844e+00	3.299065e+00
1.669537439264844e+00	3.299067e+00
1.672467126764844e+00	3.299070e+00
1.675396814264844e+00	3.299073e+00
1.678326501764844e+00	3.299075e+00
1.681256189264844e+00	3.299078e+00
1.684185876764844e+00	3.299081e+00
1.687115564264844e+00	3.299083e+00
1.690045251764844e+00	3.299086e+00
1.692974939264844e+00	3.299088e+00
1.695904626764844e+00	3.299091e+00
1.698834314264844e+00	3.299093e+00
1.701764001764844e+00	3.299096e+00
1.704693689264844e+00	3.299098e+00
1.707623376764844e+00	3.299101e+00
1.710553064264844e+00	3.299103e+00
1.713482751764844e+00	3.299106e+00
1.716412439264844e+00	3.299108e+00
1.719342126764844e+00	3.299111e+00
1.722271814264844e+00	3.299113e+00
1.725201501764844e+00	3.299115e+00
1.728131189264844e+00	3.299118e+00
1.731060876764844e+00	3.299120e+00
1.733990564264844e+00	3.299123e+00
1.736920251764844e+00	3.299125e+00
1.739849939264844e+00	3.299127e+00
1.742779626764844e+00	3.299130e+00
1.745709314264844e+00	3.299132e+00
1.748639001764844e+00	3.299134e+00
1.751568689264844e+00	3.299136e+00
1.754498376764844e+00	3.299139e+00
1.757428064264844e+00	3.299141e+00
1.760357751764844e+00	3.299143e+00
1.763287439264844e+00	3.299145e+00
1.766217126764844e+00	3.299147e+00
1.769146814264844e+00	3.299149e+00
1.772076501764844e+00	3.299152e+00
1.775006189264844e+00	3.299154e+00
1.777935876764844e+00	3.299156e+00
1.780865564264844e+00	3.299158e+00
1.783795251764844e+00	3.299160e+00
1.786724939264844e+00	3.299162e+00
1.789654626764844e+00	3.299164e+00
1.792584314264844e+00	3.299166e+00
1.792950525202344e+00	3.299166e+00
1.793682947077344e+00	3.299167e+00
1.793866052546094e+00	3.299167e+00
1.794232263483594e+00	3.299161e+00
1.794964685358594e+00	3.299071e+00
1.794976930826103e+00	3.299069e+00
1.794979992192981e+00	3.299068e+00
1.794986114926735e+00	3.299067e+00
1.794987645610174e+00	3.299022e+00
1.794990706977051e+00	3.298260e+00
1.794990802644766e+00	3.298233e+00
1.794990993980196e+00	3.298180e+00
1.794991376651056e+00	3.298070e+00
1.794991388609520e+00	3.297799e+00
1.794991412526449e+00	3.294420e+00
1.794991460360306e+00	3.284942e+00
1.794991556028021e+00	3.240114e+00
1.794991579944950e+00	3.216868e+00
1.794991627778807e+00	3.153563e+00
1.794991723446522e+00	2.805624e+00
1.794991725812350e+00	2.792030e+00
1.794991730544005e+00	2.764109e+00
1.794991740007315e+00	2.703568e+00
1.794991758933936e+00	2.560862e+00
1.794991759525393e+00	2.555896e+00
1.794991760708306e+00	2.545897e+00
1.794991761004035e+00	2.543373e+00
1.794991761595492e+00	2.538307e+00
1.794991761613975e+00	2.538148e+00
1.794991761650941e+00	2.537831e+00
1.794991761724873e+00	2.537195e+00
1.794991761727183e+00	2.537175e+00
1.794991761731804e+00	2.537135e+00
1.794991761741046e+00	2.537055e+00
1.794991761759529e+00	2.536896e+00
1.794991761796495e+00	2.536578e+00
1.794991761870427e+00	2.535941e+00
1.794991762018291e+00	2.534666e+00
1.794991762314019e+00	2.532114e+00
1.794991762905476e+00	2.527037e+00
1.794991764088390e+00	2.517066e+00
1.794991766454218e+00	2.497899e+00
1.794991771185873e+00	2.461956e+00
1.794991780649183e+00	2.394469e+00
1.794991799575804e+00	2.263632e+00
1.794991837429045e+00	2.002750e+00
1.794991913135527e+00	1.480584e+00
1.794992064548491e+00	4.359990e-01
1.794992102401732e+00	1.747455e-01
1.794992111865042e+00	1.094336e-01
1.794992114230870e+00	9.310570e-02
1.794992118962525e+00	6.044994e-02
1.794992120145439e+00	5.228600e-02
1.794992122511266e+00	3.595812e-02
1.794992127242921e+00	5.140088e-03
1.794992134200884e+00	4.543316e-03
1.794992140687004e+00	4.931515e-03
1.794992147657233e+00	4.359430e-03
1.794992161597691e+00	4.618682e-03
1.794992189478608e+00	3.756758e-03
1.794992245240441e+00	3.408048e-03
1.794992356764108e+00	3.591898e-03
1.794992579811440e+00	3.982230e-03
1.794993025906106e+00	3.514631e-03
1.794993625634648e+00	3.937448e-03
1.794994448692360e+00	3.491838e-03
1.794995851026594e+00	3.906339e-03
1.794998655695064e+00	3.432940e-03
1.794999094641878e+00	3.643899e-03
1.794999972535506e+00	3.642336e-03
1.795001348584721e+00	3.643396e-03
1.795002609725451e+00	3.642604e-03
1.795004534560865e+00	3.643205e-03
1.795007757390392e+00	3.642685e-03
1.795013418599880e+00	3.643139e-03
1.795024741018856e+00	3.642673e-03
1.795047385856807e+00	3.643055e-03
1.795092675532709e+00	3.642535e-03
1.795183254884515e+00	3.642763e-03
1.795364413588125e+00	3.641958e-03
1.795726730995345e+00	3.641608e-03
1.796451365809786e+00	3.639652e-03
1.797900635438668e+00	3.637002e-03
1.800799174696431e+00	3.630474e-03
1.803728862196431e+00	3.624753e-03
1.806658549696431e+00	3.618230e-03
1.809588237196431e+00	3.612581e-03
1.812517924696431e+00	3.606130e-03
1.815447612196431e+00	3.600551e-03
1.818377299696431e+00	3.594170e-03
1.821306987196431e+00	3.588661e-03
1.824236674696431e+00	3.582350e-03
1.827166362196431e+00	3.576909e-03
1.830096049696431e+00	3.570667e-03
1.833025737196431e+00	3.565294e-03
1.835955424696431e+00	3.559120e-03
1.838885112196431e+00	3.553815e-03
1.841814799696431e+00	3.547708e-03
1.844744487196431e+00	3.542470e-03
1.847674174696431e+00	3.536429e-03
1.850603862196431e+00	3.531256e-03
1.853533549696431e+00	3.525281e-03
1.856463237196431e+00	3.520173e-03
1.859392924696431e+00	3.514263e-03
1.862322612196431e+00	3.509219e-03
1.865252299696431e+00	3.503373e-03
1.868181987196431e+00	3.498393e-03
1.871111674696431e+00	3.492610e-03
1.874041362196431e+00	3.487693e-03
1.876971049696431e+00	3.481972e-03
1.879900737196431e+00	3.477118e-03
1.882830424696431e+00	3.471459e-03
1.885760112196431e+00	3.466665e-03
1.888689799696431e+00	3.461068e-03
1.891619487196431e+00	3.456335e-03
1.894549174696431e+00	3.450798e-03
1.897478862196431e+00	3.446124e-03
1.900408549696431e+00	3.440647e-03
1.903338237196431e+00	3.436033e-03
1.906267924696431e+00	3.430615e-03
1.909197612196431e+00	3.426059e-03
1.912127299696431e+00	3.420700e-03
1.915056987196431e+00	3.416202e-03
1.917986674696431e+00	3.410900e-03
1.920916362196431e+00	3.406459e-03
1.923846049696431e+00	3.401214e-03
1.926775737196431e+00	3.396830e-03
1.929705424696431e+00	3.391641e-03
1.932635112196431e+00	3.387312e-03
1.935564799696431e+00	3.382179e-03
1.938494487196431e+00	3.377906e-03
1.941424174696431e+00	3.372828e-03
1.944353862196431e+00	3.368610e-03
1.947283549696431e+00	3.363586e-03
1.950213237196431e+00	3.359421e-03
1.953142924696431e+00	3.354451e-03
1.956072612196431e+00	3.350340e-03
1.959002299696431e+00	3.345423e-03
1.961931987196431e+00	3.341364e-03
1.964861674696431e+00	3.336500e-03
1.967791362196431e+00	3.332493e-03
1.970721049696431e+00	3.327681e-03
1.973650737196431e+00	3.323725e-03
1.976580424696431e+00	3.318964e-03
1.979510112196431e+00	3.315059e-03
1.982439799696431e+00	3.310349e-03
1.985369487196431e+00	3.306495e-03
1.988299174696431e+00	3.301835e-03
1.991228862196431e+00	3.298030e-03
1.994158549696431e+00	3.293419e-03
1.997088237196431e+00	3.289663e-03
2.000017924696431e+00	3.285102e-03
2.002947612196431e+00	3.281394e-03
2.005877299696431e+00	3.276882e-03
2.008806987196431e+00	3.273222e-03
2.011736674696431e+00	3.268757e-03
2.014666362196431e+00	3.265145e-03
2.017596049696431e+00	3.260727e-03
2.020525737196431e+00	3.257161e-03
2.023455424696431e+00	3.252790e-03
2.026385112196431e+00	3.249271e-03
2.029314799696431e+00	3.244946e-03
2.032244487196431e+00	3.241472e-03
2.035174174696431e+00	3.237193e-03
2.038103862196431e+00	3.233765e-03
2.041033549696431e+00	3.229531e-03
2.043963237196431e+00	3.226147e-03
2.046892924696431e+00	3.221957e-03
2.049822612196431e+00	3.218618e-03
2.052752299696431e+00	3.214473e-03
2.055681987196431e+00	3.211176e-03
2.058611674696431e+00	3.207075e-03
2.061541362196431e+00	3.203822e-03
2.064471049696431e+00	3.199763e-03
2.067400737196431e+00	3.196553e-03
2.070330424696431e+00	3.192537e-03
2.073260112196431e+00	3.189368e-03
2.076189799696431e+00	3.185394e-03
2.079119487196431e+00	3.182268e-03
2.082049174696431e+00	3.178335e-03
2.084978862196431e+00	3.175250e-03
2.087908549696431e+00	3.171358e-03
2.090838237196431e+00	3.168314e-03
2.093767924696431e+00	3.164463e-03
2.096697612196431e+00	3.161458e-03
2.099627299696431e+00	3.157647e-03
2.102556987196431e+00	3.154682e-03
2.105486674696431e+00	3.150911e-03
2.108416362196431e+00	3.147986e-03
2.111346049696431e+00	3.144254e-03
2.114275737196431e+00	3.141367e-03
2.117205424696431e+00	3.137674e-03
2.120135112196431e+00	3.134825e-03
2.123064799696431e+00	3.131171e-03
2.125994487196431e+00	3.128360e-03
2.128924174696431e+00	3.124743e-03
2.131853862196431e+00	3.121970e-03
2.134783549696431e+00	3.118390e-03
2.137713237196431e+00	3.115654e-03
2.140642924696431e+00	3.112112e-03
2.143572612196431e+00	3.109412e-03
2.146502299696431e+00	3.105906e-03
2.149431987196431e+00	3.103243e-03
2.152361674696431e+00	3.099773e-03
2.155291362196431e+00	3.097145e-03
2.158221049696431e+00	3.093711e-03
2.161150737196431e+00	3.091119e-03
2.164080424696431e+00	3.087720e-03
2.167010112196431e+00	3.085162e-03
2.169939799696431e+00	3.081799e-03
2.172869487196431e+00	3.079275e-03
2.175799174696431e+00	3.075946e-03
2.178728862196431e+00	3.073457e-03
2.181658549696431e+00	3.070162e-03
2.184588237196431e+00	3.067706e-03
2.187517924696431e+00	3.064445e-03
2.190447612196431e+00	3.062023e-03
2.193377299696431e+00	3.058795e-03
2.196306987196431e+00	3.056405e-03
2.199236674696431e+00	3.053210e-03
2.202166362196431e+00	3.050853e-03
2.205096049696431e+00	3.047691e-03
2.208025737196431e+00	3.045366e-03
2.210955424696431e+00	3.042236e-03
2.213885112196431e+00	3.039943e-03
2.216814799696431e+00	3.036844e-03
2.219744487196431e+00	3.034582e-03
2.222674174696431e+00	3.031515e-03
2.225603862196431e+00	3.029285e-03
2.228533549696431e+00	3.026248e-03
2.231463237196431e+00	3.024048e-03
2.234392924696431e+00	3.021043e-03
2.237322612196431e+00	3.018873e-03
2.240252299696431e+00	3.015898e-03
2.243181987196431e+00	3.013758e-03
2.246111674696431e+00	3.010813e-03
2.249041362196431e+00	3.008703e-03
2.251971049696431e+00	3.005787e-03
2.254900737196431e+00	3.003707e-03
2.257830424696431e+00	3.000821e-03
2.260760112196431e+00	2.998769e-03
2.263689799696431e+00	2.995911e-03
2.266619487196431e+00	2.993888e-03
2.269549174696431e+00	2.991059e-03
2.272478862196431e+00	2.989064e-03
2.275408549696431e+00	2.986264e-03
2.278338237196431e+00	2.984297e-03
2.281267924696431e+00	2.981524e-03
2.284197612196431e+00	2.979584e-03
2.287127299696431e+00	2.976839e-03
2.290056987196431e+00	2.974927e-03
2.292986674696431e+00	2.972241e-03
2.295916362196431e+00	2.970412e-03
2.298846049696431e+00	2.967778e-03
2.301775737196431e+00	2.965975e-03
2.304705424696431e+00	2.963366e-03
2.307635112196431e+00	2.961589e-03
2.310564799696431e+00	2.959006e-03
2.313494487196431e+00	2.957254e-03
2.316424174696431e+00	2.954697e-03
2.319353862196431e+00	2.952971e-03
2.322283549696431e+00	2.950439e-03
2.325213237196431e+00	2.948737e-03
2.328142924696431e+00	2.946230e-03
2.331072612196431e+00	2.944552e-03
2.334002299696431e+00	2.942070e-03
2.334368510633931e+00	2.942016e-03
2.335100932508931e+00	2.941500e-03
2.336565776258931e+00	2.940469e-03
2.339495463758931e+00	2.938418e-03
2.342425151258931e+00	2.936379e-03
2.342791362196431e+00	2.936125e-03
2.343523784071431e+00	2.935617e-03
2.344747523512174e+00	2.973215e-03
2.344958100447431e+00	2.997408e-03
2.345010744681245e+00	3.004150e-03
2.345116033148874e+00	3.019024e-03
2.345142355265781e+00	3.023263e-03
2.345148935795008e+00	3.024333e-03
2.345162096853462e+00	3.026496e-03
2.345188418970369e+00	3.030953e-03
2.345189241536522e+00	3.127902e-03
2.345190886668829e+00	3.439119e-03
2.345191297951906e+00	3.524104e-03
2.345192120518059e+00	3.699669e-03
2.345192326159597e+00	3.745667e-03
2.345192737442674e+00	3.839103e-03
2.345192840263443e+00	3.863007e-03
2.345193045904982e+00	3.911187e-03
2.345193457188058e+00	4.009819e-03
2.345193470040654e+00	4.012952e-03
2.345193495745847e+00	4.019224e-03
2.345193547156232e+00	4.776767e-03
2.345193649977000e+00	2.731003e-02
2.345193781996247e+00	1.880545e-01
2.345193809593316e+00	2.726043e-01
2.345193864787456e+00	5.180826e-01
2.345193878585991e+00	6.132736e-01
2.345193882035625e+00	6.380289e-01
2.345193888934892e+00	6.895317e-01
2.345193890659709e+00	7.031692e-01
2.345193890713610e+00	7.035956e-01
2.345193890727085e+00	7.037022e-01
2.345193890730453e+00	7.037289e-01
2.345193890737191e+00	7.037822e-01
2.345193890738876e+00	7.037955e-01
2.345193890742244e+00	7.038222e-01
2.345193890743086e+00	7.038288e-01
2.345193890744771e+00	7.038422e-01
2.345193890748140e+00	7.038688e-01
2.345193890754877e+00	7.039222e-01
2.345193890768352e+00	7.040288e-01
2.345193890795302e+00	7.042422e-01
2.345193890849203e+00	7.046692e-01
2.345193890957004e+00	7.055237e-01
2.345193891172606e+00	7.072347e-01
2.345193891603810e+00	7.106498e-01
2.345193892466219e+00	7.174007e-01
2.345193894191036e+00	7.305248e-01
2.345193897640669e+00	7.553785e-01
2.345193904539937e+00	8.018133e-01
2.345193918338472e+00	8.903340e-01
2.345193945935542e+00	1.065151e+00
2.345194001129681e+00	1.415108e+00
2.345194111517961e+00	2.115134e+00
2.345194139115031e+00	2.290210e+00
2.345194194309170e+00	2.640365e+00
2.345194208107705e+00	2.727910e+00
2.345194235704775e+00	2.903006e+00
2.345194290898915e+00	3.253226e+00
2.345194292623732e+00	3.264171e+00
2.345194296073366e+00	3.286060e+00
2.345194296935774e+00	3.291533e+00
2.345194297151376e+00	3.292901e+00
2.345194297582580e+00	3.295637e+00
2.345194297690381e+00	3.296321e+00
2.345194297905983e+00	3.297150e+00
2.345194298337188e+00	3.297254e+00
2.345194299199596e+00	3.297194e+00
2.345194300924413e+00	3.297278e+00
2.345194304374047e+00	3.297268e+00
2.345194311273314e+00	3.297415e+00
2.345194325071849e+00	3.297547e+00
2.345194352668919e+00	3.297968e+00
2.345194407863059e+00	3.298649e+00
2.345194518251338e+00	3.298311e+00
2.345194739027897e+00	3.298302e+00
2.345195180581015e+00	3.298386e+00
2.345196063687250e+00	3.298350e+00
2.345197310256439e+00	3.298417e+00
2.345199803394819e+00	3.298398e+00
2.345200426679414e+00	3.298431e+00
2.345201673248603e+00	3.298447e+00
2.345201984890901e+00	3.298451e+00
2.345202608175496e+00	3.298455e+00
2.345203562974124e+00	3.298456e+00
2.345204453606273e+00	3.298455e+00
2.345206234870571e+00	3.298456e+00
2.345209293108407e+00	3.298456e+00
2.345215409584080e+00	3.298456e+00
2.345227642535425e+00	3.298456e+00
2.345252108438116e+00	3.298456e+00
2.345301040243497e+00	3.298456e+00
2.345398903854260e+00	3.298456e+00
2.345594631075786e+00	3.298456e+00
2.345986085518836e+00	3.298457e+00
2.346768994404939e+00	3.298459e+00
2.348334812177143e+00	3.298462e+00
2.351264499677143e+00	3.298468e+00
2.354194187177143e+00	3.298475e+00
2.357123874677143e+00	3.298481e+00
2.360053562177143e+00	3.298487e+00
2.362983249677143e+00	3.298493e+00
2.365912937177143e+00	3.298499e+00
2.368842624677143e+00	3.298505e+00
2.371772312177143e+00	3.298511e+00
2.374701999677143e+00	3.298517e+00
2.377631687177143e+00	3.298523e+00
2.380561374677143e+00	3.298528e+00
2.383491062177143e+00	3.298534e+00
2.386420749677143e+00	3.298540e+00
2.389350437177143e+00	3.298546e+00
2.392280124677143e+00	3.298552e+00
2.395209812177143e+00	3.298557e+00
2.398139499677143e+00	3.298563e+00
2.401069187177143e+00	3.298568e+00
2.403998874677143e+00	3.298574e+00
2.406928562177143e+00	3.298580e+00
2.409858249677143e+00	3.298585e+00
2.412787937177143e+00	3.298591e+00
2.415717624677143e+00	3.298596e+00
2.418647312177143e+00	3.298602e+00
2.421576999677143e+00	3.298607e+00
2.424506687177143e+00	3.298612e+00
2.427436374677143e+00	3.298618e+00
2.430366062177143e+00	3.298623e+00
2.433295749677143e+00	3.298628e+00
2.436225437177143e+00	3.298634e+00
2.439155124677143e+00	3.298639e+00
2.442084812177143e+00	3.298644e+00
2.445014499677143e+00	3.298649e+00
2.447944187177143e+00	3.298654e+00
2.450873874677143e+00	3.298659e+00
2.453803562177143e+00	3.298664e+00
2.456733249677143e+00	3.298669e+00
2.459662937177143e+00	3.298674e+00
2.462592624677143e+00	3.298679e+00
2.465522312177143e+00	3.298684e+00
2.468451999677143e+00	3.298689e+00
2.471381687177143e+00	3.298694e+00
2.474311374677143e+00	3.298699e+00
2.477241062177143e+00	3.298704e+00
2.480170749677143e+00	3.298708e+00
2.483100437177143e+00	3.298713e+00
2.486030124677143e+00	3.298718e+00
2.488959812177143e+00	3.298723e+00
2.491889499677143e+00	3.298727e+00
2.494819187177143e+00	3.298732e+00
2.497748874677143e+00	3.298737e+00
2.500678562177143e+00	3.298741e+00
2.503608249677143e+00	3.298746e+00
2.506537937177143e+00	3.298750e+00
2.509467624677143e+00	3.298755e+00
2.512397312177143e+00	3.298759e+00
2.515326999677143e+00	3.298764e+00
2.518256687177143e+00	3.298768e+00
2.521186374677143e+00	3.298773e+00
2.524116062177143e+00	3.298777e+00
2.527045749677143e+00	3.298781e+00
2.529975437177143e+00	3.298786e+00
2.532905124677143e+00	3.298790e+00
2.535834812177143e+00	3.298794e+00
2.538764499677143e+00	3.298799e+00
2.541694187177143e+00	3.298803e+00
2.544623874677143e+00	3.298807e+00
2.547553562177143e+00	3.298811e+00
2.550483249677143e+00	3.298815e+00
2.553412937177143e+00	3.298820e+00
2.556342624677143e+00	3.298824e+00
2.559272312177143e+00	3.298828e+00
2.562201999677143e+00	3.298832e+00
2.565131687177143e+00	3.298836e+00
2.568061374677143e+00	3.298840e+00
2.570991062177143e+00	3.298844e+00
2.573920749677143e+00	3.298848e+00
2.576850437177143e+00	3.298852e+00
2.579780124677143e+00	3.298856e+00
2.582709812177143e+00	3.298860e+00
2.585639499677143e+00	3.298863e+00
2.588569187177143e+00	3.298867e+00
2.591498874677143e+00	3.298871e+00
2.594428562177143e+00	3.298875e+00
2.597358249677143e+00	3.298879e+00
2.600287937177143e+00	3.298883e+00
2.603217624677143e+00	3.298886e+00
2.606147312177143e+00	3.298890e+00
2.609076999677143e+00	3.298894e+00
2.612006687177143e+00	3.298898e+00
2.614936374677143e+00	3.298901e+00
2.617866062177143e+00	3.298905e+00
2.620795749677143e+00	3.298908e+00
2.623725437177143e+00	3.298912e+00
2.626655124677143e+00	3.298916e+00
2.629584812177143e+00	3.298919e+00
2.632514499677143e+00	3.298923e+00
2.635444187177143e+00	3.298926e+00
2.638373874677143e+00	3.298930e+00
2.641303562177143e+00	3.298933e+00
2.644233249677143e+00	3.298937e+00
2.647162937177143e+00	3.298940e+00
2.650092624677143e+00	3.298943e+00
2.653022312177143e+00	3.298947e+00
2.655951999677143e+00	3.298950e+00
2.658881687177143e+00	3.298954e+00
2.661811374677143e+00	3.298957e+00
2.664741062177143e+00	3.298960e+00
2.667670749677143e+00	3.298964e+00
2.670600437177143e+00	3.298967e+00
2.673530124677143e+00	3.298970e+00
2.676459812177143e+00	3.298973e+00
2.679389499677143e+00	3.298976e+00
2.682319187177143e+00	3.298980e+00
2.685248874677143e+00	3.298983e+00
2.688178562177143e+00	3.298986e+00
2.691108249677143e+00	3.298989e+00
2.694037937177143e+00	3.298992e+00
2.696967624677143e+00	3.298995e+00
2.699897312177143e+00	3.298999e+00
2.702826999677143e+00	3.299001e+00
2.705756687177143e+00	3.299005e+00
2.708686374677143e+00	3.299008e+00
2.711616062177143e+00	3.299011e+00
2.714545749677143e+00	3.299014e+00
2.717475437177143e+00	3.299017e+00
2.720405124677143e+00	3.299020e+00
2.723334812177143e+00	3.299023e+00
2.726264499677143e+00	3.299026e+00
2.729194187177143e+00	3.299028e+00
2.732123874677143e+00	3.299031e+00
2.735053562177143e+00	3.299034e+00
2.737983249677143e+00	3.299037e+00
2.740912937177143e+00	3.299040e+00
2.743842624677143e+00	3.299043e+00
2.746772312177143e+00	3.299046e+00
2.749701999677143e+00	3.299048e+00
2.752631687177143e+00	3.299051e+00
2.755561374677143e+00	3.299054e+00
2.758491062177143e+00	3.299057e+00
2.761420749677143e+00	3.299059e+00
2.764350437177143e+00	3.299062e+00
2.767280124677143e+00	3.299065e+00
2.770209812177143e+00	3.299067e+00
2.773139499677143e+00	3.299070e+00
2.776069187177143e+00	3.299073e+00
2.778998874677143e+00	3.299075e+00
2.781928562177143e+00	3.299078e+00
2.784858249677143e+00	3.299081e+00
2.787787937177143e+00	3.299083e+00
2.790717624677143e+00	3.299086e+00
2.793647312177143e+00	3.299088e+00
2.796576999677143e+00	3.299091e+00
2.799506687177143e+00	3.299093e+00
2.802436374677143e+00	3.299096e+00
2.805366062177143e+00	3.299098e+00
2.808295749677143e+00	3.299101e+00
2.811225437177143e+00	3.299103e+00
2.814155124677143e+00	3.299106e+00
2.817084812177143e+00	3.299108e+00
2.820014499677143e+00	3.299111e+00
2.822944187177143e+00	3.299113e+00
2.825873874677143e+00	3.299115e+00
2.828803562177143e+00	3.299118e+00
2.831733249677143e+00	3.299120e+00
2.834662937177143e+00	3.299123e+00
2.837592624677143e+00	3.299125e+00
2.840522312177143e+00	3.299127e+00
2.843451999677143e+00	3.299130e+00
2.846381687177143e+00	3.299132e+00
2.849311374677143e+00	3.299134e+00
2.852241062177143e+00	3.299136e+00
2.855170749677143e+00	3.299139e+00
2.858100437177143e+00	3.299141e+00
2.861030124677143e+00	3.299143e+00
2.863959812177143e+00	3.299145e+00
2.866889499677143e+00	3.299147e+00
2.869819187177143e+00	3.299150e+00
2.872748874677143e+00	3.299152e+00
2.875678562177143e+00	3.299154e+00
2.878608249677143e+00	3.299156e+00
2.881537937177143e+00	3.299158e+00
2.884467624677143e+00	3.299160e+00
2.887397312177143e+00	3.299162e+00
2.890326999677143e+00	3.299164e+00
2.893256687177143e+00	3.299166e+00
2.893622898114643e+00	3.299166e+00
2.894355319989643e+00	3.299167e+00
2.894538425458393e+00	3.299167e+00
2.894904636395893e+00	3.299157e+00
2.894996189130268e+00	3.299150e+00
2.895179294599018e+00	3.299131e+00
2.895545505536518e+00	3.299069e+00
2.895556949628315e+00	3.298683e+00
2.895557307256184e+00	3.298593e+00
2.895558022511921e+00	3.298409e+00
2.895558201325855e+00	3.298361e+00
2.895558558953724e+00	3.298264e+00
2.895558648360691e+00	3.298239e+00
2.895558827174626e+00	3.298189e+00
2.895559184802494e+00	3.298087e+00
2.895559195978365e+00	3.298084e+00
2.895559218330107e+00	3.298077e+00
2.895559263033590e+00	3.296730e+00
2.895559352440558e+00	3.275949e+00
2.895559374792299e+00	3.266443e+00
2.895559419495783e+00	3.241481e+00
2.895559508902750e+00	3.117070e+00
2.895559528953901e+00	3.062988e+00
2.895559569056204e+00	2.923303e+00
2.895559579081779e+00	2.875060e+00
2.895559599132931e+00	2.766315e+00
2.895559604145718e+00	2.734260e+00
2.895559614171294e+00	2.666324e+00
2.895559616677688e+00	2.647866e+00
2.895559621690476e+00	2.609880e+00
2.895559622943673e+00	2.599977e+00
2.895559625450066e+00	2.579890e+00
2.895559630462854e+00	2.537973e+00
2.895559630482436e+00	2.537805e+00
2.895559630521598e+00	2.537468e+00
2.895559630531388e+00	2.537384e+00
2.895559630550970e+00	2.537215e+00
2.895559630555865e+00	2.537173e+00
2.895559630565656e+00	2.537089e+00
2.895559630568104e+00	2.537068e+00
2.895559630568715e+00	2.537063e+00
2.895559630569939e+00	2.537052e+00
2.895559630572387e+00	2.537031e+00
2.895559630577282e+00	2.536989e+00
2.895559630587073e+00	2.536905e+00
2.895559630606654e+00	2.536736e+00
2.895559630645816e+00	2.536399e+00
2.895559630724141e+00	2.535724e+00
2.895559630880791e+00	2.534372e+00
2.895559631194090e+00	2.531669e+00
2.895559631820688e+00	2.526298e+00
2.895559633073885e+00	2.515762e+00
2.895559635580279e+00	2.495558e+00
2.895559640593067e+00	2.457708e+00
2.895559650618643e+00	2.386509e+00
2.895559670669794e+00	2.248030e+00
2.895559710772096e+00	1.971614e+00
2.895559790976701e+00	1.418423e+00
2.895559951385911e+00	3.117206e-01
2.895559991488214e+00	3.493886e-02
2.895559992741410e+00	2.628944e-02
2.895559995247805e+00	8.990721e-03
2.895559995874403e+00	5.143740e-03
2.895559997127600e+00	4.654955e-03
2.895559998377822e+00	5.046873e-03
2.895559999587376e+00	4.672468e-03
2.895560002006481e+00	4.957291e-03
2.895560005631257e+00	4.602790e-03
2.895560012307395e+00	4.796277e-03
2.895560025659671e+00	4.316794e-03
2.895560052364224e+00	4.211803e-03
2.895560105773328e+00	3.159671e-03
2.895560212591538e+00	3.945483e-03
2.895560426227958e+00	3.635794e-03
2.895560853500798e+00	3.865615e-03
2.895561449398871e+00	3.588705e-03
2.895562239596141e+00	3.842193e-03
2.895563583683024e+00	3.559017e-03
2.895566271856790e+00	3.785677e-03
2.895566943900231e+00	3.644132e-03
2.895567001242517e+00	3.643641e-03
2.895567115927088e+00	3.643114e-03
2.895567345296230e+00	3.642929e-03
2.895567580420584e+00	3.642936e-03
2.895567815918719e+00	3.642942e-03
2.895568286914988e+00	3.642933e-03
2.895569228907526e+00	3.642939e-03
2.895571112892602e+00	3.642928e-03
2.895574880862754e+00	3.642926e-03
2.895582416803058e+00	3.642904e-03
2.895597488683667e+00	3.642878e-03
2.895627632444885e+00	3.642807e-03
2.895687919967320e+00	3.642686e-03
2.895808495012191e+00	3.642423e-03
2.896049645101931e+00	3.641917e-03
2.896531945281412e+00	3.640887e-03
2.897496545640374e+00	3.638848e-03
2.899425746358298e+00	3.634763e-03
2.902355433858298e+00	3.628606e-03
2.905285121358298e+00	3.622472e-03
2.908214808858298e+00	3.616387e-03
2.911144496358298e+00	3.610324e-03
2.914074183858298e+00	3.604311e-03
2.917003871358298e+00	3.598318e-03
2.919933558858298e+00	3.592374e-03
2.922863246358298e+00	3.586452e-03
2.925792933858298e+00	3.580577e-03
2.928722621358298e+00	3.574723e-03
2.931652308858298e+00	3.568918e-03
2.934581996358298e+00	3.563132e-03
2.937511683858298e+00	3.557394e-03
2.940441371358298e+00	3.551675e-03
2.943371058858298e+00	3.546004e-03
2.946300746358298e+00	3.540352e-03
2.949230433858298e+00	3.534747e-03
2.952160121358298e+00	3.529161e-03
2.955089808858298e+00	3.523621e-03
2.958019496358298e+00	3.518100e-03
2.960949183858298e+00	3.512625e-03
2.963878871358298e+00	3.507168e-03
2.966808558858298e+00	3.501757e-03
2.969738246358298e+00	3.496363e-03
2.972667933858298e+00	3.491015e-03
2.975597621358298e+00	3.485684e-03
2.978527308858298e+00	3.480398e-03
2.981456996358298e+00	3.475130e-03
2.984386683858298e+00	3.469906e-03
2.987316371358298e+00	3.464698e-03
2.990246058858298e+00	3.459535e-03
2.993175746358298e+00	3.454388e-03
2.996105433858298e+00	3.449285e-03
2.999035121358298e+00	3.444198e-03
3.001964808858298e+00	3.439154e-03
Step Information: Run=6  (Step: 7/9)
0.000000000000000e+00	1.558742e-06
1.867297155739665e-15	2.515584e-06
4.944373095832172e-15	4.042873e-06
8.188566491083603e-15	5.554077e-06
1.467695328158647e-14	8.323211e-06
2.765372686259220e-14	1.297649e-05
5.360727402460365e-14	1.961284e-05
1.055143683486266e-13	2.664590e-05
2.093285569966724e-13	3.127232e-05
4.169569342927641e-13	3.414734e-05
8.322136888849473e-13	3.980637e-05
1.662727198069314e-12	5.098217e-05
3.323754216438047e-12	7.266088e-05
6.645808253175514e-12	1.135497e-04
1.328991632665045e-11	1.862916e-04
2.525344626352040e-11	2.918735e-04
4.918050613726030e-11	4.331443e-04
9.703462588474011e-11	5.648230e-04
9.721394110251470e-11	5.650086e-04
9.757257153806390e-11	5.654342e-04
9.828983240916229e-11	5.663169e-04
9.972435415135907e-11	5.680163e-04
1.025933976357526e-10	5.712893e-04
1.083314846045397e-10	5.772701e-04
1.198076585421140e-10	5.874044e-04
1.427600064172625e-10	6.022762e-04
1.886647021675595e-10	6.201412e-04
2.804740936681536e-10	6.395940e-04
4.584992185456786e-10	6.686561e-04
7.579092059346208e-10	7.181466e-04
1.356729180712505e-09	8.168142e-04
1.907331658492906e-09	9.076589e-04
3.008536614053709e-09	1.089200e-03
5.210946525175314e-09	1.452400e-03
9.459285427271667e-09	1.829551e-03
1.783553046536004e-08	2.517002e-03
2.805983249035287e-08	3.363653e-03
2.837934192863389e-08	3.388580e-03
2.901836080519595e-08	3.441116e-03
2.917811552433646e-08	3.454374e-03
2.949762496261748e-08	3.480756e-03
2.957750232218774e-08	3.487340e-03
2.973725704132825e-08	3.500834e-03
3.005676647960928e-08	3.530147e-03
3.069578535617133e-08	3.595770e-03
3.197382310929543e-08	3.741114e-03
3.452989861554364e-08	4.054623e-03
3.964204962804005e-08	4.713187e-03
4.986635165303288e-08	6.139482e-03
7.031495570301853e-08	9.501329e-03
7.542710671551494e-08	1.048547e-02
8.565140874050776e-08	1.256826e-02
1.061000127904934e-07	1.609442e-02
1.469972208904647e-07	2.284873e-02
2.287916370904073e-07	3.639929e-02
3.007019131113046e-07	4.835309e-02
3.793985160974185e-07	6.150484e-02
4.592436648826763e-07	7.492102e-02
5.523102555413152e-07	9.067398e-02
7.384434368585929e-07	1.213691e-01
7.784982727382135e-07	1.279763e-01
8.586079444974546e-07	1.411885e-01
8.786353624372648e-07	1.444916e-01
9.186901983168853e-07	1.510978e-01
9.287039072867905e-07	1.527493e-01
9.312073345292667e-07	1.531622e-01
9.318331913398859e-07	1.532654e-01
9.319896555425406e-07	1.532913e-01
9.323025839478501e-07	1.533429e-01
9.323808160491775e-07	1.533558e-01
9.325372802518323e-07	1.533816e-01
9.328502086571418e-07	1.534332e-01
9.334760654677609e-07	1.535364e-01
9.347277790889990e-07	1.537428e-01
9.372312063314753e-07	1.541557e-01
9.422380608164279e-07	1.549815e-01
9.522517697863330e-07	1.566331e-01
9.722791877261433e-07	1.599362e-01
1.012334023605764e-06	1.665424e-01
1.092443695365005e-06	1.797548e-01
1.252663038883487e-06	2.061798e-01
1.573101725920451e-06	2.590298e-01
2.213979099994380e-06	3.647301e-01
3.213979099994380e-06	5.296610e-01
4.213979099994380e-06	6.945919e-01
6.213979099994380e-06	1.024454e+00
7.213979099994380e-06	1.189385e+00
1.021397909999438e-05	1.684172e+00
1.121397909999438e-05	1.849093e+00
1.621397909999438e-05	2.673692e+00
1.721397909999438e-05	2.838612e+00
1.999999999699662e-05	3.298082e+00
2.040455638083830e-05	3.298094e+00
2.121366914852166e-05	3.298099e+00
2.283189468388837e-05	3.298099e+00
2.474973955453534e-05	3.298099e+00
2.858542929582929e-05	3.298099e+00
3.625680877841718e-05	3.298099e+00
5.159956774359295e-05	3.298099e+00
8.228508567394450e-05	3.298099e+00
1.436561215346476e-04	3.298099e+00
2.663981932560538e-04	3.298100e+00
5.118823366988663e-04	3.298100e+00
1.002850623584491e-03	3.298102e+00
1.984787197355741e-03	3.298104e+00
3.948660344898240e-03	3.298110e+00
6.878347844898240e-03	3.298118e+00
9.808035344898242e-03	3.298126e+00
1.273772284489824e-02	3.298135e+00
1.566741034489824e-02	3.298143e+00
1.859709784489824e-02	3.298151e+00
2.152678534489824e-02	3.298159e+00
2.445647284489824e-02	3.298167e+00
2.738616034489824e-02	3.298175e+00
3.031584784489824e-02	3.298182e+00
3.324553534489824e-02	3.298190e+00
3.617522284489824e-02	3.298198e+00
3.910491034489824e-02	3.298206e+00
4.203459784489824e-02	3.298214e+00
4.496428534489824e-02	3.298221e+00
4.789397284489824e-02	3.298229e+00
5.082366034489824e-02	3.298237e+00
5.375334784489824e-02	3.298244e+00
5.668303534489824e-02	3.298251e+00
5.961272284489824e-02	3.298259e+00
6.254241034489824e-02	3.298266e+00
6.547209784489824e-02	3.298274e+00
6.840178534489824e-02	3.298281e+00
7.133147284489824e-02	3.298288e+00
7.426116034489824e-02	3.298295e+00
7.719084784489824e-02	3.298303e+00
8.012053534489824e-02	3.298310e+00
8.305022284489824e-02	3.298317e+00
8.597991034489824e-02	3.298324e+00
8.890959784489824e-02	3.298331e+00
9.183928534489824e-02	3.298338e+00
9.476897284489824e-02	3.298345e+00
9.769866034489824e-02	3.298352e+00
1.006283478448982e-01	3.298358e+00
1.035580353448982e-01	3.298365e+00
1.064877228448982e-01	3.298372e+00
1.094174103448982e-01	3.298379e+00
1.123470978448982e-01	3.298386e+00
1.152767853448982e-01	3.298392e+00
1.182064728448982e-01	3.298399e+00
1.211361603448982e-01	3.298405e+00
1.240658478448982e-01	3.298412e+00
1.269955353448982e-01	3.298419e+00
1.299252228448982e-01	3.298425e+00
1.328549103448982e-01	3.298431e+00
1.357845978448982e-01	3.298438e+00
1.387142853448982e-01	3.298444e+00
1.416439728448982e-01	3.298450e+00
1.445736603448982e-01	3.298457e+00
1.475033478448982e-01	3.298463e+00
1.504330353448982e-01	3.298469e+00
1.533627228448982e-01	3.298475e+00
1.562924103448982e-01	3.298481e+00
1.592220978448982e-01	3.298487e+00
1.621517853448982e-01	3.298493e+00
1.650814728448982e-01	3.298500e+00
1.680111603448982e-01	3.298506e+00
1.709408478448982e-01	3.298512e+00
1.738705353448982e-01	3.298517e+00
1.768002228448982e-01	3.298523e+00
1.797299103448982e-01	3.298529e+00
1.826595978448982e-01	3.298535e+00
1.855892853448982e-01	3.298541e+00
1.885189728448982e-01	3.298546e+00
1.914486603448982e-01	3.298552e+00
1.943783478448982e-01	3.298558e+00
1.973080353448982e-01	3.298563e+00
2.002377228448982e-01	3.298569e+00
2.031674103448982e-01	3.298575e+00
2.060970978448982e-01	3.298580e+00
2.090267853448982e-01	3.298586e+00
2.119564728448982e-01	3.298591e+00
2.148861603448982e-01	3.298597e+00
2.178158478448982e-01	3.298602e+00
2.207455353448982e-01	3.298607e+00
2.236752228448982e-01	3.298613e+00
2.266049103448982e-01	3.298618e+00
2.295345978448982e-01	3.298623e+00
2.324642853448982e-01	3.298629e+00
2.353939728448982e-01	3.298634e+00
2.383236603448982e-01	3.298639e+00
2.412533478448982e-01	3.298644e+00
2.441830353448982e-01	3.298650e+00
2.471127228448982e-01	3.298655e+00
2.500424103448983e-01	3.298660e+00
2.529720978448983e-01	3.298665e+00
2.559017853448983e-01	3.298670e+00
2.588314728448983e-01	3.298675e+00
2.617611603448983e-01	3.298680e+00
2.646908478448983e-01	3.298685e+00
2.676205353448983e-01	3.298690e+00
2.705502228448983e-01	3.298694e+00
2.734799103448983e-01	3.298699e+00
2.764095978448983e-01	3.298704e+00
2.793392853448983e-01	3.298709e+00
2.822689728448983e-01	3.298713e+00
2.851986603448983e-01	3.298718e+00
2.881283478448983e-01	3.298723e+00
2.910580353448983e-01	3.298728e+00
2.939877228448983e-01	3.298732e+00
2.969174103448983e-01	3.298737e+00
2.998470978448983e-01	3.298742e+00
3.027767853448983e-01	3.298746e+00
3.057064728448983e-01	3.298751e+00
3.086361603448983e-01	3.298755e+00
3.115658478448983e-01	3.298760e+00
3.144955353448983e-01	3.298764e+00
3.174252228448983e-01	3.298769e+00
3.203549103448983e-01	3.298773e+00
3.232845978448983e-01	3.298777e+00
3.262142853448983e-01	3.298782e+00
3.291439728448983e-01	3.298786e+00
3.320736603448983e-01	3.298790e+00
3.350033478448983e-01	3.298795e+00
3.379330353448983e-01	3.298799e+00
3.408627228448983e-01	3.298803e+00
3.437924103448983e-01	3.298807e+00
3.467220978448983e-01	3.298812e+00
3.496517853448983e-01	3.298816e+00
3.525814728448983e-01	3.298820e+00
3.555111603448983e-01	3.298824e+00
3.584408478448983e-01	3.298828e+00
3.613705353448983e-01	3.298832e+00
3.643002228448983e-01	3.298836e+00
3.672299103448983e-01	3.298840e+00
3.701595978448983e-01	3.298844e+00
3.730892853448983e-01	3.298848e+00
3.760189728448983e-01	3.298852e+00
3.789486603448983e-01	3.298856e+00
3.818783478448983e-01	3.298860e+00
3.848080353448983e-01	3.298864e+00
3.877377228448983e-01	3.298868e+00
3.906674103448983e-01	3.298872e+00
3.935970978448983e-01	3.298875e+00
3.965267853448983e-01	3.298879e+00
3.994564728448983e-01	3.298883e+00
4.023861603448983e-01	3.298887e+00
4.053158478448983e-01	3.298890e+00
4.082455353448983e-01	3.298894e+00
4.111752228448983e-01	3.298898e+00
4.141049103448983e-01	3.298902e+00
4.170345978448983e-01	3.298905e+00
4.199642853448983e-01	3.298909e+00
4.228939728448983e-01	3.298912e+00
4.258236603448983e-01	3.298916e+00
4.287533478448983e-01	3.298919e+00
4.316830353448983e-01	3.298923e+00
4.346127228448983e-01	3.298926e+00
4.375424103448983e-01	3.298930e+00
4.404720978448983e-01	3.298934e+00
4.434017853448983e-01	3.298937e+00
4.463314728448983e-01	3.298940e+00
4.492611603448983e-01	3.298944e+00
4.521908478448983e-01	3.298947e+00
4.551205353448983e-01	3.298950e+00
4.580502228448983e-01	3.298954e+00
4.609799103448983e-01	3.298957e+00
4.639095978448983e-01	3.298960e+00
4.668392853448983e-01	3.298964e+00
4.697689728448983e-01	3.298967e+00
4.726986603448983e-01	3.298970e+00
4.756283478448983e-01	3.298974e+00
4.785580353448983e-01	3.298977e+00
4.814877228448983e-01	3.298980e+00
4.844174103448983e-01	3.298983e+00
4.873470978448983e-01	3.298986e+00
4.902767853448983e-01	3.298990e+00
4.932064728448983e-01	3.298993e+00
4.961361603448983e-01	3.298996e+00
4.990658478448983e-01	3.298999e+00
5.019955353448983e-01	3.299002e+00
5.049252228448983e-01	3.299005e+00
5.078549103448983e-01	3.299008e+00
5.107845978448983e-01	3.299011e+00
5.137142853448983e-01	3.299014e+00
5.166439728448983e-01	3.299017e+00
5.195736603448983e-01	3.299020e+00
5.225033478448983e-01	3.299023e+00
5.254330353448983e-01	3.299026e+00
5.283627228448983e-01	3.299029e+00
5.312924103448983e-01	3.299031e+00
5.342220978448983e-01	3.299034e+00
5.371517853448983e-01	3.299037e+00
5.400814728448983e-01	3.299040e+00
5.430111603448983e-01	3.299043e+00
5.459408478448983e-01	3.299046e+00
5.488705353448983e-01	3.299049e+00
5.518002228448983e-01	3.299051e+00
5.547299103448983e-01	3.299054e+00
5.576595978448983e-01	3.299057e+00
5.605892853448983e-01	3.299060e+00
5.635189728448983e-01	3.299062e+00
5.664486603448983e-01	3.299065e+00
5.693783478448983e-01	3.299068e+00
5.723080353448983e-01	3.299070e+00
5.752377228448983e-01	3.299073e+00
5.781674103448983e-01	3.299076e+00
5.810970978448983e-01	3.299078e+00
5.840267853448983e-01	3.299081e+00
5.869564728448983e-01	3.299083e+00
5.898861603448983e-01	3.299086e+00
5.928158478448983e-01	3.299088e+00
5.957455353448983e-01	3.299091e+00
5.986752228448983e-01	3.299094e+00
6.016049103448983e-01	3.299096e+00
6.045345978448983e-01	3.299099e+00
6.074642853448983e-01	3.299101e+00
6.103939728448983e-01	3.299103e+00
6.133236603448983e-01	3.299106e+00
6.162533478448983e-01	3.299109e+00
6.191830353448983e-01	3.299111e+00
6.221127228448983e-01	3.299113e+00
6.250424103448983e-01	3.299116e+00
6.279720978448983e-01	3.299118e+00
6.309017853448983e-01	3.299120e+00
6.338314728448983e-01	3.299123e+00
6.367611603448983e-01	3.299125e+00
6.396908478448983e-01	3.299128e+00
6.426205353448983e-01	3.299130e+00
6.455502228448983e-01	3.299132e+00
6.484799103448983e-01	3.299134e+00
6.514095978448983e-01	3.299137e+00
6.543392853448983e-01	3.299139e+00
6.572689728448983e-01	3.299141e+00
6.601986603448983e-01	3.299143e+00
6.631283478448983e-01	3.299145e+00
6.660580353448983e-01	3.299148e+00
6.689877228448983e-01	3.299150e+00
6.719174103448983e-01	3.299152e+00
6.748470978448983e-01	3.299154e+00
6.777767853448983e-01	3.299156e+00
6.807064728448983e-01	3.299158e+00
6.836361603448983e-01	3.299160e+00
6.865658478448983e-01	3.299162e+00
6.894955353448983e-01	3.299164e+00
6.924252228448983e-01	3.299166e+00
6.927914337823983e-01	3.299167e+00
6.935238556573983e-01	3.299167e+00
6.937069611261483e-01	3.299162e+00
6.940731720636483e-01	3.299134e+00
6.941647247980233e-01	3.299121e+00
6.943478302667733e-01	3.299091e+00
6.943936066339608e-01	3.299082e+00
6.944050507257576e-01	3.299079e+00
6.944279389093514e-01	3.299075e+00
6.944336609552498e-01	3.299073e+00
6.944451050470467e-01	3.299071e+00
6.944479660699959e-01	3.299070e+00
6.944536881158944e-01	3.299069e+00
6.944651322076912e-01	3.299067e+00
6.944679932306405e-01	3.298683e+00
6.944687084863778e-01	3.298499e+00
6.944701389978524e-01	3.298109e+00
6.944701837013360e-01	3.298096e+00
6.944702731083031e-01	3.298070e+00
6.944702954600449e-01	3.296161e+00
6.944703401635285e-01	3.288363e+00
6.944704295704957e-01	3.254655e+00
6.944704519222374e-01	3.238417e+00
6.944704966257210e-01	3.195020e+00
6.944705860326882e-01	2.976863e+00
6.944706048744274e-01	2.889192e+00
6.944706095848622e-01	2.866049e+00
6.944706190057318e-01	2.817173e+00
6.944706213609493e-01	2.803957e+00
6.944706260713840e-01	2.776806e+00
6.944706354922536e-01	2.717951e+00
6.944706543339929e-01	2.579359e+00
6.944706590444277e-01	2.538913e+00
6.944706591916288e-01	2.537647e+00
6.944706592284291e-01	2.537330e+00
6.944706592376292e-01	2.537251e+00
6.944706592560292e-01	2.537093e+00
6.944706592606293e-01	2.537053e+00
6.944706592698294e-01	2.536974e+00
6.944706592882295e-01	2.536816e+00
6.944706593250298e-01	2.536499e+00
6.944706593986303e-01	2.535864e+00
6.944706595458314e-01	2.534595e+00
6.944706598402336e-01	2.532054e+00
6.944706604290379e-01	2.527001e+00
6.944706616066466e-01	2.517074e+00
6.944706639618641e-01	2.497992e+00
6.944706686722989e-01	2.462198e+00
6.944706780931684e-01	2.394996e+00
6.944706969349077e-01	2.264735e+00
6.944707346183862e-01	2.005025e+00
6.944708099853432e-01	1.485201e+00
6.944709607192571e-01	4.453048e-01
6.944709984027355e-01	1.852236e-01
6.944710078236052e-01	1.202048e-01
6.944710101788225e-01	1.039501e-01
6.944710148892573e-01	7.144089e-02
6.944710243101270e-01	6.422253e-03
6.944710246045291e-01	5.078888e-03
6.944710251933335e-01	4.743519e-03
6.944710259105668e-01	4.982426e-03
6.944710267466689e-01	4.771074e-03
6.944710284188733e-01	4.916680e-03
6.944710305437292e-01	4.730639e-03
6.944710343407781e-01	4.820765e-03
6.944710417529489e-01	4.572176e-03
6.944710565772907e-01	4.494697e-03
6.944710862259742e-01	3.927777e-03
6.944711455233411e-01	3.208939e-03
6.944712641180749e-01	3.740983e-03
6.944715013075426e-01	3.827304e-03
6.944719756864780e-01	3.664458e-03
6.944725729967761e-01	3.785171e-03
6.944734367135544e-01	3.642157e-03
6.944749033357698e-01	3.752589e-03
6.944778365802006e-01	3.580539e-03
6.944781392033298e-01	3.643539e-03
6.944787444495885e-01	3.642632e-03
6.944799549421058e-01	3.643159e-03
6.944811177582944e-01	3.642775e-03
6.944826035826633e-01	3.643053e-03
6.944854698052747e-01	3.642818e-03
6.944903919068393e-01	3.643013e-03
6.945002361099684e-01	3.642799e-03
6.945199245162265e-01	3.642944e-03
6.945593013287427e-01	3.642676e-03
6.946380549537752e-01	3.642692e-03
6.947955622038402e-01	3.642175e-03
6.951105767039701e-01	3.641687e-03
6.957406057042301e-01	3.640169e-03
6.970006637047500e-01	3.637681e-03
6.995207797057899e-01	3.632181e-03
7.024504672057899e-01	3.626214e-03
7.053801547057899e-01	3.619920e-03
7.083098422057899e-01	3.614024e-03
7.112395297057899e-01	3.607800e-03
7.141692172057899e-01	3.601976e-03
7.170989047057899e-01	3.595822e-03
7.200285922057899e-01	3.590067e-03
7.229582797057899e-01	3.583984e-03
7.258879672057899e-01	3.578298e-03
7.288176547057899e-01	3.572284e-03
7.317473422057899e-01	3.566666e-03
7.346770297057899e-01	3.560720e-03
7.376067172057899e-01	3.555169e-03
7.405364047057899e-01	3.549290e-03
7.434660922057899e-01	3.543806e-03
7.463957797057899e-01	3.537994e-03
7.493254672057899e-01	3.532576e-03
7.522551547057899e-01	3.526829e-03
7.551848422057899e-01	3.521477e-03
7.581145297057899e-01	3.515794e-03
7.610442172057899e-01	3.510506e-03
7.639739047057899e-01	3.504888e-03
7.669035922057899e-01	3.499664e-03
7.698332797057899e-01	3.494109e-03
7.727629672057899e-01	3.488947e-03
7.756926547057899e-01	3.483455e-03
7.786223422057899e-01	3.478356e-03
7.815520297057899e-01	3.472926e-03
7.844817172057899e-01	3.467888e-03
7.874114047057899e-01	3.462519e-03
7.903410922057899e-01	3.457542e-03
7.932707797057899e-01	3.452233e-03
7.962004672057899e-01	3.447316e-03
7.991301547057899e-01	3.442067e-03
8.020598422057899e-01	3.437210e-03
8.049895297057899e-01	3.432020e-03
8.079192172057899e-01	3.427221e-03
8.108489047057899e-01	3.422089e-03
8.137785922057899e-01	3.417348e-03
8.167082797057899e-01	3.412275e-03
8.196379672057899e-01	3.407591e-03
8.225676547057899e-01	3.402574e-03
8.254973422057899e-01	3.397947e-03
8.284270297057899e-01	3.392987e-03
8.313567172057899e-01	3.388416e-03
8.342864047057899e-01	3.383511e-03
8.372160922057899e-01	3.378995e-03
8.401457797057899e-01	3.374146e-03
8.430754672057899e-01	3.369684e-03
8.460051547057899e-01	3.364889e-03
8.489348422057899e-01	3.360482e-03
8.518645297057899e-01	3.355741e-03
8.547942172057899e-01	3.351387e-03
8.577239047057899e-01	3.346699e-03
8.606535922057899e-01	3.342398e-03
8.635832797057899e-01	3.337762e-03
8.665129672057899e-01	3.333513e-03
8.694426547057899e-01	3.328930e-03
8.723723422057899e-01	3.324732e-03
8.753020297057899e-01	3.320200e-03
8.782317172057899e-01	3.316054e-03
8.811614047057899e-01	3.311572e-03
8.840910922057899e-01	3.307476e-03
8.870207797057899e-01	3.303044e-03
8.899504672057899e-01	3.298998e-03
8.928801547057899e-01	3.294616e-03
8.958098422057899e-01	3.290619e-03
8.987395297057899e-01	3.286286e-03
9.016692172057899e-01	3.282338e-03
9.045989047057899e-01	3.278053e-03
9.075285922057899e-01	3.274153e-03
9.104582797057899e-01	3.269916e-03
9.133879672057899e-01	3.266063e-03
9.163176547057899e-01	3.261874e-03
9.192473422057899e-01	3.258068e-03
9.221770297057899e-01	3.253926e-03
9.251067172057899e-01	3.250166e-03
9.280364047057899e-01	3.246069e-03
9.309660922057899e-01	3.242356e-03
9.338957797057899e-01	3.238305e-03
9.368254672057899e-01	3.234636e-03
9.397551547057899e-01	3.230631e-03
9.426848422057899e-01	3.227007e-03
9.456145297057899e-01	3.223046e-03
9.485442172057899e-01	3.219467e-03
9.514739047057899e-01	3.215550e-03
9.544035922057899e-01	3.212014e-03
9.573332797057899e-01	3.208141e-03
9.602629672057899e-01	3.204648e-03
9.631926547057899e-01	3.200818e-03
9.661223422057899e-01	3.197368e-03
9.690520297057899e-01	3.193581e-03
9.719817172057899e-01	3.190173e-03
9.749114047057899e-01	3.186428e-03
9.778410922057899e-01	3.183061e-03
9.807707797057899e-01	3.179358e-03
9.837004672057899e-01	3.176033e-03
9.866301547057899e-01	3.172370e-03
9.895598422057899e-01	3.169086e-03
9.924895297057899e-01	3.165464e-03
9.954192172057899e-01	3.162221e-03
9.983489047057899e-01	3.158638e-03
1.001278592205790e+00	3.155435e-03
1.004208279705790e+00	3.151892e-03
1.007137967205790e+00	3.148728e-03
1.010067654705790e+00	3.145225e-03
1.012997342205790e+00	3.142099e-03
1.015927029705790e+00	3.138635e-03
1.018856717205790e+00	3.135548e-03
1.021786404705790e+00	3.132122e-03
1.024716092205790e+00	3.129072e-03
1.027645779705790e+00	3.125684e-03
1.030575467205790e+00	3.122673e-03
1.033505154705790e+00	3.119322e-03
1.036434842205790e+00	3.116348e-03
1.039364529705790e+00	3.113034e-03
1.042294217205790e+00	3.110096e-03
1.045223904705790e+00	3.106819e-03
1.048153592205790e+00	3.103917e-03
1.051083279705790e+00	3.100676e-03
1.054012967205790e+00	3.097811e-03
1.056942654705790e+00	3.094605e-03
1.059872342205790e+00	3.091775e-03
1.062802029705790e+00	3.088605e-03
1.065731717205790e+00	3.085810e-03
1.068661404705790e+00	3.082675e-03
1.071591092205790e+00	3.079914e-03
1.074520779705790e+00	3.076813e-03
1.077450467205790e+00	3.074087e-03
1.080380154705790e+00	3.071020e-03
1.083309842205790e+00	3.068328e-03
1.086239529705790e+00	3.065295e-03
1.089169217205790e+00	3.062635e-03
1.092098904705790e+00	3.059636e-03
1.095028592205790e+00	3.057010e-03
1.097958279705790e+00	3.054043e-03
1.100887967205790e+00	3.051449e-03
1.103817654705790e+00	3.048515e-03
1.106747342205790e+00	3.045954e-03
1.109677029705790e+00	3.043052e-03
1.112606717205790e+00	3.040522e-03
1.115536404705790e+00	3.037652e-03
1.118466092205790e+00	3.035154e-03
1.121395779705790e+00	3.032315e-03
1.124325467205790e+00	3.029848e-03
1.127255154705790e+00	3.027040e-03
1.130184842205790e+00	3.024604e-03
1.133114529705790e+00	3.021827e-03
1.136044217205790e+00	3.019421e-03
1.138973904705790e+00	3.016674e-03
1.141903592205790e+00	3.014298e-03
1.144833279705790e+00	3.011581e-03
1.147762967205790e+00	3.009235e-03
1.150692654705790e+00	3.006548e-03
1.153622342205790e+00	3.004231e-03
1.156552029705790e+00	3.001574e-03
1.159481717205790e+00	2.999286e-03
1.162411404705790e+00	2.996657e-03
1.165341092205790e+00	2.994398e-03
1.168270779705790e+00	2.991798e-03
1.171200467205790e+00	2.989567e-03
1.174130154705790e+00	2.986995e-03
1.177059842205790e+00	2.984792e-03
1.179989529705790e+00	2.982248e-03
1.182919217205790e+00	2.980073e-03
1.185848904705790e+00	2.977556e-03
1.188778592205790e+00	2.975409e-03
1.191708279705790e+00	2.972936e-03
1.194637967205790e+00	2.970872e-03
1.197567654705790e+00	2.968466e-03
1.200497342205790e+00	2.966428e-03
1.203427029705790e+00	2.964048e-03
1.206356717205790e+00	2.962036e-03
1.209286404705790e+00	2.959681e-03
1.212216092205790e+00	2.957695e-03
1.215145779705790e+00	2.955366e-03
1.218075467205790e+00	2.953405e-03
1.221005154705790e+00	2.951101e-03
1.223934842205790e+00	2.949164e-03
1.226864529705790e+00	2.946885e-03
1.229794217205790e+00	2.944973e-03
1.232723904705790e+00	2.942719e-03
1.235653592205790e+00	2.940831e-03
1.238583279705790e+00	2.938601e-03
1.238949490643290e+00	2.938434e-03
1.239681912518290e+00	2.937923e-03
1.241146756268290e+00	2.936904e-03
1.244076443768290e+00	2.973156e-03
1.244289307096284e+00	2.989847e-03
1.244342522928283e+00	2.994729e-03
1.244448954592280e+00	3.005910e-03
1.244475562508280e+00	3.009238e-03
1.244528778340279e+00	3.016247e-03
1.244542082298278e+00	3.018133e-03
1.244568690214277e+00	3.021993e-03
1.244621906046276e+00	3.030244e-03
1.244623569041026e+00	3.030513e-03
1.244626895030526e+00	3.031054e-03
1.244627726527901e+00	3.198890e-03
1.244629389522651e+00	3.505813e-03
1.244629805271338e+00	3.589940e-03
1.244630636768713e+00	3.763675e-03
1.244630844643057e+00	3.809190e-03
1.244631260391745e+00	3.901666e-03
1.244631364328916e+00	3.925332e-03
1.244631572203260e+00	3.973037e-03
1.244631624171846e+00	3.985104e-03
1.244631728109018e+00	4.009333e-03
1.244631754093311e+00	4.015425e-03
1.244631806061897e+00	4.027634e-03
1.244631909999069e+00	2.229495e-02
1.244632034737419e+00	1.305424e-01
1.244632062920068e+00	1.909517e-01
1.244632119285364e+00	3.681215e-01
1.244632133376688e+00	4.374623e-01
1.244632136899519e+00	4.555120e-01
1.244632143945181e+00	4.931000e-01
1.244632145706596e+00	5.030665e-01
1.244632149229427e+00	5.234023e-01
1.244632156275089e+00	5.665886e-01
1.244632170366413e+00	6.640937e-01
1.244632173889245e+00	6.914806e-01
1.244632174769952e+00	6.983957e-01
1.244632174990129e+00	7.001287e-01
1.244632175430483e+00	7.036034e-01
1.244632175444244e+00	7.037122e-01
1.244632175471766e+00	7.039300e-01
1.244632175472626e+00	7.039368e-01
1.244632175474346e+00	7.039505e-01
1.244632175477787e+00	7.039776e-01
1.244632175484667e+00	7.040321e-01
1.244632175498428e+00	7.041411e-01
1.244632175525950e+00	7.043589e-01
1.244632175580995e+00	7.047949e-01
1.244632175691083e+00	7.056677e-01
1.244632175911260e+00	7.074149e-01
1.244632176351614e+00	7.109020e-01
1.244632177232322e+00	7.177926e-01
1.244632178993737e+00	7.311791e-01
1.244632182516568e+00	7.565101e-01
1.244632189562230e+00	8.038402e-01
1.244632203653554e+00	8.941617e-01
1.244632231836202e+00	1.072683e+00
1.244632288201499e+00	1.430072e+00
1.244632400932091e+00	2.144958e+00
1.244632429114739e+00	2.323753e+00
1.244632485480035e+00	2.681343e+00
1.244632499571360e+00	2.770746e+00
1.244632527754008e+00	2.949560e+00
1.244632534799670e+00	2.994266e+00
1.244632548890994e+00	3.083678e+00
1.244632577073642e+00	3.262508e+00
1.244632577954349e+00	3.268097e+00
1.244632579715765e+00	3.279274e+00
1.244632580156119e+00	3.282068e+00
1.244632581036827e+00	3.287657e+00
1.244632582798242e+00	3.297035e+00
1.244632586321073e+00	3.297427e+00
1.244632593366735e+00	3.297189e+00
1.244632607458059e+00	3.297705e+00
1.244632635640707e+00	3.297757e+00
1.244632692006004e+00	3.298829e+00
1.244632804736596e+00	3.298133e+00
1.244633030197781e+00	3.298481e+00
1.244633481120151e+00	3.298209e+00
1.244634382964891e+00	3.298528e+00
1.244635638605854e+00	3.298239e+00
1.244638149887780e+00	3.298576e+00
1.244638777708262e+00	3.298432e+00
1.244640033349225e+00	3.298448e+00
1.244640347259466e+00	3.298452e+00
1.244640975079947e+00	3.298456e+00
1.244641890733415e+00	3.298456e+00
1.244642733289167e+00	3.298456e+00
1.244644208475281e+00	3.298456e+00
1.244647158847509e+00	3.298456e+00
1.244653059591966e+00	3.298456e+00
1.244664861080879e+00	3.298456e+00
1.244688464058706e+00	3.298456e+00
1.244735670014359e+00	3.298456e+00
1.244830081925665e+00	3.298456e+00
1.245018905748277e+00	3.298456e+00
1.245396553393501e+00	3.298457e+00
1.246151848683948e+00	3.298459e+00
1.247662439264844e+00	3.298462e+00
1.250592126764844e+00	3.298468e+00
1.253521814264844e+00	3.298475e+00
1.256451501764844e+00	3.298481e+00
1.259381189264844e+00	3.298487e+00
1.262310876764844e+00	3.298493e+00
1.265240564264844e+00	3.298499e+00
1.268170251764844e+00	3.298505e+00
1.271099939264844e+00	3.298511e+00
1.274029626764844e+00	3.298517e+00
1.276959314264844e+00	3.298522e+00
1.279889001764844e+00	3.298528e+00
1.282818689264844e+00	3.298534e+00
1.285748376764844e+00	3.298540e+00
1.288678064264844e+00	3.298546e+00
1.291607751764844e+00	3.298552e+00
1.294537439264844e+00	3.298557e+00
1.297467126764844e+00	3.298563e+00
1.300396814264844e+00	3.298568e+00
1.303326501764844e+00	3.298574e+00
1.306256189264844e+00	3.298579e+00
1.309185876764844e+00	3.298585e+00
1.312115564264844e+00	3.298590e+00
1.315045251764844e+00	3.298596e+00
1.317974939264844e+00	3.298601e+00
1.320904626764844e+00	3.298607e+00
1.323834314264844e+00	3.298612e+00
1.326764001764844e+00	3.298618e+00
1.329693689264844e+00	3.298623e+00
1.332623376764844e+00	3.298628e+00
1.335553064264844e+00	3.298633e+00
1.338482751764844e+00	3.298639e+00
1.341412439264844e+00	3.298644e+00
1.344342126764844e+00	3.298649e+00
1.347271814264844e+00	3.298654e+00
1.350201501764844e+00	3.298659e+00
1.353131189264844e+00	3.298664e+00
1.356060876764844e+00	3.298669e+00
1.358990564264844e+00	3.298674e+00
1.361920251764844e+00	3.298679e+00
1.364849939264844e+00	3.298684e+00
1.367779626764844e+00	3.298689e+00
1.370709314264844e+00	3.298694e+00
1.373639001764844e+00	3.298699e+00
1.376568689264844e+00	3.298703e+00
1.379498376764844e+00	3.298708e+00
1.382428064264844e+00	3.298713e+00
1.385357751764844e+00	3.298718e+00
1.388287439264844e+00	3.298723e+00
1.391217126764844e+00	3.298727e+00
1.394146814264844e+00	3.298732e+00
1.397076501764844e+00	3.298736e+00
1.400006189264844e+00	3.298741e+00
1.402935876764844e+00	3.298746e+00
1.405865564264844e+00	3.298750e+00
1.408795251764844e+00	3.298755e+00
1.411724939264844e+00	3.298759e+00
1.414654626764844e+00	3.298764e+00
1.417584314264844e+00	3.298768e+00
1.420514001764844e+00	3.298773e+00
1.423443689264844e+00	3.298777e+00
1.426373376764844e+00	3.298781e+00
1.429303064264844e+00	3.298785e+00
1.432232751764844e+00	3.298790e+00
1.435162439264844e+00	3.298794e+00
1.438092126764844e+00	3.298799e+00
1.441021814264844e+00	3.298803e+00
1.443951501764844e+00	3.298807e+00
1.446881189264844e+00	3.298811e+00
1.449810876764844e+00	3.298815e+00
1.452740564264844e+00	3.298819e+00
1.455670251764844e+00	3.298824e+00
1.458599939264844e+00	3.298828e+00
1.461529626764844e+00	3.298832e+00
1.464459314264844e+00	3.298836e+00
1.467389001764844e+00	3.298840e+00
1.470318689264844e+00	3.298844e+00
1.473248376764844e+00	3.298848e+00
1.476178064264844e+00	3.298852e+00
1.479107751764844e+00	3.298856e+00
1.482037439264844e+00	3.298860e+00
1.484967126764844e+00	3.298863e+00
1.487896814264844e+00	3.298867e+00
1.490826501764844e+00	3.298871e+00
1.493756189264844e+00	3.298875e+00
1.496685876764844e+00	3.298879e+00
1.499615564264844e+00	3.298882e+00
1.502545251764844e+00	3.298886e+00
1.505474939264844e+00	3.298890e+00
1.508404626764844e+00	3.298894e+00
1.511334314264844e+00	3.298897e+00
1.514264001764844e+00	3.298901e+00
1.517193689264844e+00	3.298905e+00
1.520123376764844e+00	3.298908e+00
1.523053064264844e+00	3.298912e+00
1.525982751764844e+00	3.298915e+00
1.528912439264844e+00	3.298919e+00
1.531842126764844e+00	3.298923e+00
1.534771814264844e+00	3.298926e+00
1.537701501764844e+00	3.298929e+00
1.540631189264844e+00	3.298933e+00
1.543560876764844e+00	3.298936e+00
1.546490564264844e+00	3.298940e+00
1.549420251764844e+00	3.298943e+00
1.552349939264844e+00	3.298947e+00
1.555279626764844e+00	3.298950e+00
1.558209314264844e+00	3.298953e+00
1.561139001764844e+00	3.298957e+00
1.564068689264844e+00	3.298960e+00
1.566998376764844e+00	3.298963e+00
1.569928064264844e+00	3.298967e+00
1.572857751764844e+00	3.298970e+00
1.575787439264844e+00	3.298973e+00
1.578717126764844e+00	3.298976e+00
1.581646814264844e+00	3.298980e+00
1.584576501764844e+00	3.298983e+00
1.587506189264844e+00	3.298986e+00
1.590435876764844e+00	3.298989e+00
1.593365564264844e+00	3.298992e+00
1.596295251764844e+00	3.298995e+00
1.599224939264844e+00	3.298998e+00
1.602154626764844e+00	3.299001e+00
1.605084314264844e+00	3.299005e+00
1.608014001764844e+00	3.299008e+00
1.610943689264844e+00	3.299011e+00
1.613873376764844e+00	3.299014e+00
1.616803064264844e+00	3.299016e+00
1.619732751764844e+00	3.299020e+00
1.622662439264844e+00	3.299022e+00
1.625592126764844e+00	3.299025e+00
1.628521814264844e+00	3.299028e+00
1.631451501764844e+00	3.299031e+00
1.634381189264844e+00	3.299034e+00
1.637310876764844e+00	3.299037e+00
1.640240564264844e+00	3.299040e+00
1.643170251764844e+00	3.299043e+00
1.646099939264844e+00	3.299045e+00
1.649029626764844e+00	3.299048e+00
1.651959314264844e+00	3.299051e+00
1.654889001764844e+00	3.299054e+00
1.657818689264844e+00	3.299057e+00
1.660748376764844e+00	3.299059e+00
1.663678064264844e+00	3.299062e+00
1.666607751764844e+00	3.299065e+00
1.669537439264844e+00	3.299067e+00
1.672467126764844e+00	3.299070e+00
1.675396814264844e+00	3.299073e+00
1.678326501764844e+00	3.299075e+00
1.681256189264844e+00	3.299078e+00
1.684185876764844e+00	3.299081e+00
1.687115564264844e+00	3.299083e+00
1.690045251764844e+00	3.299086e+00
1.692974939264844e+00	3.299088e+00
1.695904626764844e+00	3.299091e+00
1.698834314264844e+00	3.299093e+00
1.701764001764844e+00	3.299096e+00
1.704693689264844e+00	3.299098e+00
1.707623376764844e+00	3.299101e+00
1.710553064264844e+00	3.299103e+00
1.713482751764844e+00	3.299106e+00
1.716412439264844e+00	3.299108e+00
1.719342126764844e+00	3.299111e+00
1.722271814264844e+00	3.299113e+00
1.725201501764844e+00	3.299115e+00
1.728131189264844e+00	3.299118e+00
1.731060876764844e+00	3.299120e+00
1.733990564264844e+00	3.299123e+00
1.736920251764844e+00	3.299125e+00
1.739849939264844e+00	3.299127e+00
1.742779626764844e+00	3.299130e+00
1.745709314264844e+00	3.299132e+00
1.748639001764844e+00	3.299134e+00
1.751568689264844e+00	3.299136e+00
1.754498376764844e+00	3.299139e+00
1.757428064264844e+00	3.299141e+00
1.760357751764844e+00	3.299143e+00
1.763287439264844e+00	3.299145e+00
1.766217126764844e+00	3.299147e+00
1.769146814264844e+00	3.299149e+00
1.772076501764844e+00	3.299152e+00
1.775006189264844e+00	3.299154e+00
1.777935876764844e+00	3.299156e+00
1.780865564264844e+00	3.299158e+00
1.783795251764844e+00	3.299160e+00
1.786724939264844e+00	3.299162e+00
1.789654626764844e+00	3.299164e+00
1.792584314264844e+00	3.299166e+00
1.792950525202344e+00	3.299166e+00
1.793682947077344e+00	3.299167e+00
1.793866052546094e+00	3.299167e+00
1.794232263483594e+00	3.299161e+00
1.794964685358594e+00	3.299071e+00
1.794976930826103e+00	3.299069e+00
1.794979992192981e+00	3.299068e+00
1.794986114926735e+00	3.299067e+00
1.794987645610174e+00	3.299022e+00
1.794990706977051e+00	3.298260e+00
1.794990802644766e+00	3.298233e+00
1.794990993980196e+00	3.298180e+00
1.794991376651056e+00	3.298070e+00
1.794991388609520e+00	3.297799e+00
1.794991412526449e+00	3.294420e+00
1.794991460360306e+00	3.284942e+00
1.794991556028021e+00	3.240114e+00
1.794991579944950e+00	3.216868e+00
1.794991627778807e+00	3.153563e+00
1.794991723446522e+00	2.805624e+00
1.794991725812350e+00	2.792030e+00
1.794991730544005e+00	2.764109e+00
1.794991740007315e+00	2.703568e+00
1.794991758933936e+00	2.560862e+00
1.794991759525393e+00	2.555896e+00
1.794991760708306e+00	2.545897e+00
1.794991761004035e+00	2.543373e+00
1.794991761595492e+00	2.538307e+00
1.794991761613975e+00	2.538148e+00
1.794991761650941e+00	2.537831e+00
1.794991761724873e+00	2.537195e+00
1.794991761727183e+00	2.537175e+00
1.794991761731804e+00	2.537135e+00
1.794991761741046e+00	2.537055e+00
1.794991761759529e+00	2.536896e+00
1.794991761796495e+00	2.536578e+00
1.794991761870427e+00	2.535941e+00
1.794991762018291e+00	2.534666e+00
1.794991762314019e+00	2.532114e+00
1.794991762905476e+00	2.527037e+00
1.794991764088390e+00	2.517066e+00
1.794991766454218e+00	2.497899e+00
1.794991771185873e+00	2.461956e+00
1.794991780649183e+00	2.394469e+00
1.794991799575804e+00	2.263632e+00
1.794991837429045e+00	2.002750e+00
1.794991913135527e+00	1.480584e+00
1.794992064548491e+00	4.359990e-01
1.794992102401732e+00	1.747455e-01
1.794992111865042e+00	1.094336e-01
1.794992114230870e+00	9.310570e-02
1.794992118962525e+00	6.044994e-02
1.794992120145439e+00	5.228600e-02
1.794992122511266e+00	3.595812e-02
1.794992127242921e+00	5.140088e-03
1.794992134200884e+00	4.543316e-03
1.794992140687004e+00	4.931515e-03
1.794992147657233e+00	4.359430e-03
1.794992161597691e+00	4.618682e-03
1.794992189478608e+00	3.756758e-03
1.794992245240441e+00	3.408048e-03
1.794992356764108e+00	3.591898e-03
1.794992579811440e+00	3.982230e-03
1.794993025906106e+00	3.514631e-03
1.794993625634648e+00	3.937448e-03
1.794994448692360e+00	3.491838e-03
1.794995851026594e+00	3.906339e-03
1.794998655695064e+00	3.432940e-03
1.794999094641878e+00	3.643899e-03
1.794999972535506e+00	3.642336e-03
1.795001348584721e+00	3.643396e-03
1.795002609725451e+00	3.642604e-03
1.795004534560865e+00	3.643205e-03
1.795007757390392e+00	3.642685e-03
1.795013418599880e+00	3.643139e-03
1.795024741018856e+00	3.642673e-03
1.795047385856807e+00	3.643055e-03
1.795092675532709e+00	3.642535e-03
1.795183254884515e+00	3.642763e-03
1.795364413588125e+00	3.641958e-03
1.795726730995345e+00	3.641608e-03
1.796451365809786e+00	3.639652e-03
1.797900635438668e+00	3.637002e-03
1.800799174696431e+00	3.630474e-03
1.803728862196431e+00	3.624753e-03
1.806658549696431e+00	3.618230e-03
1.809588237196431e+00	3.612581e-03
1.812517924696431e+00	3.606130e-03
1.815447612196431e+00	3.600551e-03
1.818377299696431e+00	3.594170e-03
1.821306987196431e+00	3.588661e-03
1.824236674696431e+00	3.582350e-03
1.827166362196431e+00	3.576909e-03
1.830096049696431e+00	3.570667e-03
1.833025737196431e+00	3.565294e-03
1.835955424696431e+00	3.559120e-03
1.838885112196431e+00	3.553815e-03
1.841814799696431e+00	3.547708e-03
1.844744487196431e+00	3.542470e-03
1.847674174696431e+00	3.536429e-03
1.850603862196431e+00	3.531256e-03
1.853533549696431e+00	3.525281e-03
1.856463237196431e+00	3.520173e-03
1.859392924696431e+00	3.514263e-03
1.862322612196431e+00	3.509219e-03
1.865252299696431e+00	3.503373e-03
1.868181987196431e+00	3.498393e-03
1.871111674696431e+00	3.492610e-03
1.874041362196431e+00	3.487693e-03
1.876971049696431e+00	3.481972e-03
1.879900737196431e+00	3.477118e-03
1.882830424696431e+00	3.471459e-03
1.885760112196431e+00	3.466665e-03
1.888689799696431e+00	3.461068e-03
1.891619487196431e+00	3.456335e-03
1.894549174696431e+00	3.450798e-03
1.897478862196431e+00	3.446124e-03
1.900408549696431e+00	3.440647e-03
1.903338237196431e+00	3.436033e-03
1.906267924696431e+00	3.430615e-03
1.909197612196431e+00	3.426059e-03
1.912127299696431e+00	3.420700e-03
1.915056987196431e+00	3.416202e-03
1.917986674696431e+00	3.410900e-03
1.920916362196431e+00	3.406459e-03
1.923846049696431e+00	3.401214e-03
1.926775737196431e+00	3.396830e-03
1.929705424696431e+00	3.391641e-03
1.932635112196431e+00	3.387312e-03
1.935564799696431e+00	3.382179e-03
1.938494487196431e+00	3.377906e-03
1.941424174696431e+00	3.372828e-03
1.944353862196431e+00	3.368610e-03
1.947283549696431e+00	3.363586e-03
1.950213237196431e+00	3.359421e-03
1.953142924696431e+00	3.354451e-03
1.956072612196431e+00	3.350340e-03
1.959002299696431e+00	3.345423e-03
1.961931987196431e+00	3.341364e-03
1.964861674696431e+00	3.336500e-03
1.967791362196431e+00	3.332493e-03
1.970721049696431e+00	3.327681e-03
1.973650737196431e+00	3.323725e-03
1.976580424696431e+00	3.318964e-03
1.979510112196431e+00	3.315059e-03
1.982439799696431e+00	3.310349e-03
1.985369487196431e+00	3.306495e-03
1.988299174696431e+00	3.301835e-03
1.991228862196431e+00	3.298030e-03
1.994158549696431e+00	3.293419e-03
1.997088237196431e+00	3.289663e-03
2.000017924696431e+00	3.285102e-03
2.002947612196431e+00	3.281394e-03
2.005877299696431e+00	3.276882e-03
2.008806987196431e+00	3.273222e-03
2.011736674696431e+00	3.268757e-03
2.014666362196431e+00	3.265145e-03
2.017596049696431e+00	3.260727e-03
2.020525737196431e+00	3.257161e-03
2.023455424696431e+00	3.252790e-03
2.026385112196431e+00	3.249271e-03
2.029314799696431e+00	3.244946e-03
2.032244487196431e+00	3.241472e-03
2.035174174696431e+00	3.237193e-03
2.038103862196431e+00	3.233765e-03
2.041033549696431e+00	3.229531e-03
2.043963237196431e+00	3.226147e-03
2.046892924696431e+00	3.221957e-03
2.049822612196431e+00	3.218618e-03
2.052752299696431e+00	3.214473e-03
2.055681987196431e+00	3.211176e-03
2.058611674696431e+00	3.207075e-03
2.061541362196431e+00	3.203822e-03
2.064471049696431e+00	3.199763e-03
2.067400737196431e+00	3.196553e-03
2.070330424696431e+00	3.192537e-03
2.073260112196431e+00	3.189368e-03
2.076189799696431e+00	3.185394e-03
2.079119487196431e+00	3.182268e-03
2.082049174696431e+00	3.178335e-03
2.084978862196431e+00	3.175250e-03
2.087908549696431e+00	3.171358e-03
2.090838237196431e+00	3.168314e-03
2.093767924696431e+00	3.164463e-03
2.096697612196431e+00	3.161458e-03
2.099627299696431e+00	3.157647e-03
2.102556987196431e+00	3.154682e-03
2.105486674696431e+00	3.150911e-03
2.108416362196431e+00	3.147986e-03
2.111346049696431e+00	3.144254e-03
2.114275737196431e+00	3.141367e-03
2.117205424696431e+00	3.137674e-03
2.120135112196431e+00	3.134825e-03
2.123064799696431e+00	3.131171e-03
2.125994487196431e+00	3.128360e-03
2.128924174696431e+00	3.124743e-03
2.131853862196431e+00	3.121970e-03
2.134783549696431e+00	3.118390e-03
2.137713237196431e+00	3.115654e-03
2.140642924696431e+00	3.112112e-03
2.143572612196431e+00	3.109412e-03
2.146502299696431e+00	3.105906e-03
2.149431987196431e+00	3.103243e-03
2.152361674696431e+00	3.099773e-03
2.155291362196431e+00	3.097145e-03
2.158221049696431e+00	3.093711e-03
2.161150737196431e+00	3.091119e-03
2.164080424696431e+00	3.087720e-03
2.167010112196431e+00	3.085162e-03
2.169939799696431e+00	3.081799e-03
2.172869487196431e+00	3.079275e-03
2.175799174696431e+00	3.075946e-03
2.178728862196431e+00	3.073457e-03
2.181658549696431e+00	3.070162e-03
2.184588237196431e+00	3.067706e-03
2.187517924696431e+00	3.064445e-03
2.190447612196431e+00	3.062023e-03
2.193377299696431e+00	3.058795e-03
2.196306987196431e+00	3.056405e-03
2.199236674696431e+00	3.053210e-03
2.202166362196431e+00	3.050853e-03
2.205096049696431e+00	3.047691e-03
2.208025737196431e+00	3.045366e-03
2.210955424696431e+00	3.042236e-03
2.213885112196431e+00	3.039943e-03
2.216814799696431e+00	3.036844e-03
2.219744487196431e+00	3.034582e-03
2.222674174696431e+00	3.031515e-03
2.225603862196431e+00	3.029285e-03
2.228533549696431e+00	3.026248e-03
2.231463237196431e+00	3.024048e-03
2.234392924696431e+00	3.021043e-03
2.237322612196431e+00	3.018873e-03
2.240252299696431e+00	3.015898e-03
2.243181987196431e+00	3.013758e-03
2.246111674696431e+00	3.010813e-03
2.249041362196431e+00	3.008703e-03
2.251971049696431e+00	3.005787e-03
2.254900737196431e+00	3.003707e-03
2.257830424696431e+00	3.000821e-03
2.260760112196431e+00	2.998769e-03
2.263689799696431e+00	2.995911e-03
2.266619487196431e+00	2.993888e-03
2.269549174696431e+00	2.991059e-03
2.272478862196431e+00	2.989064e-03
2.275408549696431e+00	2.986264e-03
2.278338237196431e+00	2.984297e-03
2.281267924696431e+00	2.981524e-03
2.284197612196431e+00	2.979584e-03
2.287127299696431e+00	2.976839e-03
2.290056987196431e+00	2.974927e-03
2.292986674696431e+00	2.972241e-03
2.295916362196431e+00	2.970412e-03
2.298846049696431e+00	2.967778e-03
2.301775737196431e+00	2.965975e-03
2.304705424696431e+00	2.963366e-03
2.307635112196431e+00	2.961589e-03
2.310564799696431e+00	2.959006e-03
2.313494487196431e+00	2.957254e-03
2.316424174696431e+00	2.954697e-03
2.319353862196431e+00	2.952971e-03
2.322283549696431e+00	2.950439e-03
2.325213237196431e+00	2.948737e-03
2.328142924696431e+00	2.946230e-03
2.331072612196431e+00	2.944552e-03
2.334002299696431e+00	2.942070e-03
2.334368510633931e+00	2.942016e-03
2.335100932508931e+00	2.941500e-03
2.336565776258931e+00	2.940469e-03
2.339495463758931e+00	2.938418e-03
2.342425151258931e+00	2.936379e-03
2.342791362196431e+00	2.936125e-03
2.343523784071431e+00	2.935617e-03
2.344747523512174e+00	2.973215e-03
2.344958100447431e+00	2.997408e-03
2.345010744681245e+00	3.004150e-03
2.345116033148874e+00	3.019024e-03
2.345142355265781e+00	3.023263e-03
2.345148935795008e+00	3.024333e-03
2.345162096853462e+00	3.026496e-03
2.345188418970369e+00	3.030953e-03
2.345189241536522e+00	3.127902e-03
2.345190886668829e+00	3.439119e-03
2.345191297951906e+00	3.524104e-03
2.345192120518059e+00	3.699669e-03
2.345192326159597e+00	3.745667e-03
2.345192737442674e+00	3.839103e-03
2.345192840263443e+00	3.863007e-03
2.345193045904982e+00	3.911187e-03
2.345193457188058e+00	4.009819e-03
2.345193470040654e+00	4.012952e-03
2.345193495745847e+00	4.019224e-03
2.345193547156232e+00	4.776767e-03
2.345193649977000e+00	2.731003e-02
2.345193781996247e+00	1.880545e-01
2.345193809593316e+00	2.726043e-01
2.345193864787456e+00	5.180826e-01
2.345193878585991e+00	6.132736e-01
2.345193882035625e+00	6.380289e-01
2.345193888934892e+00	6.895317e-01
2.345193890659709e+00	7.031692e-01
2.345193890713610e+00	7.035956e-01
2.345193890727085e+00	7.037022e-01
2.345193890730453e+00	7.037289e-01
2.345193890737191e+00	7.037822e-01
2.345193890738876e+00	7.037955e-01
2.345193890742244e+00	7.038222e-01
2.345193890743086e+00	7.038288e-01
2.345193890744771e+00	7.038422e-01
2.345193890748140e+00	7.038688e-01
2.345193890754877e+00	7.039222e-01
2.345193890768352e+00	7.040288e-01
2.345193890795302e+00	7.042422e-01
2.345193890849203e+00	7.046692e-01
2.345193890957004e+00	7.055237e-01
2.345193891172606e+00	7.072347e-01
2.345193891603810e+00	7.106498e-01
2.345193892466219e+00	7.174007e-01
2.345193894191036e+00	7.305248e-01
2.345193897640669e+00	7.553785e-01
2.345193904539937e+00	8.018133e-01
2.345193918338472e+00	8.903340e-01
2.345193945935542e+00	1.065151e+00
2.345194001129681e+00	1.415108e+00
2.345194111517961e+00	2.115134e+00
2.345194139115031e+00	2.290210e+00
2.345194194309170e+00	2.640365e+00
2.345194208107705e+00	2.727910e+00
2.345194235704775e+00	2.903006e+00
2.345194290898915e+00	3.253226e+00
2.345194292623732e+00	3.264171e+00
2.345194296073366e+00	3.286060e+00
2.345194296935774e+00	3.291533e+00
2.345194297151376e+00	3.292901e+00
2.345194297582580e+00	3.295637e+00
2.345194297690381e+00	3.296321e+00
2.345194297905983e+00	3.297150e+00
2.345194298337188e+00	3.297254e+00
2.345194299199596e+00	3.297194e+00
2.345194300924413e+00	3.297278e+00
2.345194304374047e+00	3.297268e+00
2.345194311273314e+00	3.297415e+00
2.345194325071849e+00	3.297547e+00
2.345194352668919e+00	3.297968e+00
2.345194407863059e+00	3.298649e+00
2.345194518251338e+00	3.298311e+00
2.345194739027897e+00	3.298302e+00
2.345195180581015e+00	3.298386e+00
2.345196063687250e+00	3.298350e+00
2.345197310256439e+00	3.298417e+00
2.345199803394819e+00	3.298398e+00
2.345200426679414e+00	3.298431e+00
2.345201673248603e+00	3.298447e+00
2.345201984890901e+00	3.298451e+00
2.345202608175496e+00	3.298455e+00
2.345203562974124e+00	3.298456e+00
2.345204453606273e+00	3.298455e+00
2.345206234870571e+00	3.298456e+00
2.345209293108407e+00	3.298456e+00
2.345215409584080e+00	3.298456e+00
2.345227642535425e+00	3.298456e+00
2.345252108438116e+00	3.298456e+00
2.345301040243497e+00	3.298456e+00
2.345398903854260e+00	3.298456e+00
2.345594631075786e+00	3.298456e+00
2.345986085518836e+00	3.298457e+00
2.346768994404939e+00	3.298459e+00
2.348334812177143e+00	3.298462e+00
2.351264499677143e+00	3.298468e+00
2.354194187177143e+00	3.298475e+00
2.357123874677143e+00	3.298481e+00
2.360053562177143e+00	3.298487e+00
2.362983249677143e+00	3.298493e+00
2.365912937177143e+00	3.298499e+00
2.368842624677143e+00	3.298505e+00
2.371772312177143e+00	3.298511e+00
2.374701999677143e+00	3.298517e+00
2.377631687177143e+00	3.298523e+00
2.380561374677143e+00	3.298528e+00
2.383491062177143e+00	3.298534e+00
2.386420749677143e+00	3.298540e+00
2.389350437177143e+00	3.298546e+00
2.392280124677143e+00	3.298552e+00
2.395209812177143e+00	3.298557e+00
2.398139499677143e+00	3.298563e+00
2.401069187177143e+00	3.298568e+00
2.403998874677143e+00	3.298574e+00
2.406928562177143e+00	3.298580e+00
2.409858249677143e+00	3.298585e+00
2.412787937177143e+00	3.298591e+00
2.415717624677143e+00	3.298596e+00
2.418647312177143e+00	3.298602e+00
2.421576999677143e+00	3.298607e+00
2.424506687177143e+00	3.298612e+00
2.427436374677143e+00	3.298618e+00
2.430366062177143e+00	3.298623e+00
2.433295749677143e+00	3.298628e+00
2.436225437177143e+00	3.298634e+00
2.439155124677143e+00	3.298639e+00
2.442084812177143e+00	3.298644e+00
2.445014499677143e+00	3.298649e+00
2.447944187177143e+00	3.298654e+00
2.450873874677143e+00	3.298659e+00
2.453803562177143e+00	3.298664e+00
2.456733249677143e+00	3.298669e+00
2.459662937177143e+00	3.298674e+00
2.462592624677143e+00	3.298679e+00
2.465522312177143e+00	3.298684e+00
2.468451999677143e+00	3.298689e+00
2.471381687177143e+00	3.298694e+00
2.474311374677143e+00	3.298699e+00
2.477241062177143e+00	3.298704e+00
2.480170749677143e+00	3.298708e+00
2.483100437177143e+00	3.298713e+00
2.486030124677143e+00	3.298718e+00
2.488959812177143e+00	3.298723e+00
2.491889499677143e+00	3.298727e+00
2.494819187177143e+00	3.298732e+00
2.497748874677143e+00	3.298737e+00
2.500678562177143e+00	3.298741e+00
2.503608249677143e+00	3.298746e+00
2.506537937177143e+00	3.298750e+00
2.509467624677143e+00	3.298755e+00
2.512397312177143e+00	3.298759e+00
2.515326999677143e+00	3.298764e+00
2.518256687177143e+00	3.298768e+00
2.521186374677143e+00	3.298773e+00
2.524116062177143e+00	3.298777e+00
2.527045749677143e+00	3.298781e+00
2.529975437177143e+00	3.298786e+00
2.532905124677143e+00	3.298790e+00
2.535834812177143e+00	3.298794e+00
2.538764499677143e+00	3.298799e+00
2.541694187177143e+00	3.298803e+00
2.544623874677143e+00	3.298807e+00
2.547553562177143e+00	3.298811e+00
2.550483249677143e+00	3.298815e+00
2.553412937177143e+00	3.298820e+00
2.556342624677143e+00	3.298824e+00
2.559272312177143e+00	3.298828e+00
2.562201999677143e+00	3.298832e+00
2.565131687177143e+00	3.298836e+00
2.568061374677143e+00	3.298840e+00
2.570991062177143e+00	3.298844e+00
2.573920749677143e+00	3.298848e+00
2.576850437177143e+00	3.298852e+00
2.579780124677143e+00	3.298856e+00
2.582709812177143e+00	3.298860e+00
2.585639499677143e+00	3.298863e+00
2.588569187177143e+00	3.298867e+00
2.591498874677143e+00	3.298871e+00
2.594428562177143e+00	3.298875e+00
2.597358249677143e+00	3.298879e+00
2.600287937177143e+00	3.298883e+00
2.603217624677143e+00	3.298886e+00
2.606147312177143e+00	3.298890e+00
2.609076999677143e+00	3.298894e+00
2.612006687177143e+00	3.298898e+00
2.614936374677143e+00	3.298901e+00
2.617866062177143e+00	3.298905e+00
2.620795749677143e+00	3.298908e+00
2.623725437177143e+00	3.298912e+00
2.626655124677143e+00	3.298916e+00
2.629584812177143e+00	3.298919e+00
2.632514499677143e+00	3.298923e+00
2.635444187177143e+00	3.298926e+00
2.638373874677143e+00	3.298930e+00
2.641303562177143e+00	3.298933e+00
2.644233249677143e+00	3.298937e+00
2.647162937177143e+00	3.298940e+00
2.650092624677143e+00	3.298943e+00
2.653022312177143e+00	3.298947e+00
2.655951999677143e+00	3.298950e+00
2.658881687177143e+00	3.298954e+00
2.661811374677143e+00	3.298957e+00
2.664741062177143e+00	3.298960e+00
2.667670749677143e+00	3.298964e+00
2.670600437177143e+00	3.298967e+00
2.673530124677143e+00	3.298970e+00
2.676459812177143e+00	3.298973e+00
2.679389499677143e+00	3.298976e+00
2.682319187177143e+00	3.298980e+00
2.685248874677143e+00	3.298983e+00
2.688178562177143e+00	3.298986e+00
2.691108249677143e+00	3.298989e+00
2.694037937177143e+00	3.298992e+00
2.696967624677143e+00	3.298995e+00
2.699897312177143e+00	3.298999e+00
2.702826999677143e+00	3.299001e+00
2.705756687177143e+00	3.299005e+00
2.708686374677143e+00	3.299008e+00
2.711616062177143e+00	3.299011e+00
2.714545749677143e+00	3.299014e+00
2.717475437177143e+00	3.299017e+00
2.720405124677143e+00	3.299020e+00
2.723334812177143e+00	3.299023e+00
2.726264499677143e+00	3.299026e+00
2.729194187177143e+00	3.299028e+00
2.732123874677143e+00	3.299031e+00
2.735053562177143e+00	3.299034e+00
2.737983249677143e+00	3.299037e+00
2.740912937177143e+00	3.299040e+00
2.743842624677143e+00	3.299043e+00
2.746772312177143e+00	3.299046e+00
2.749701999677143e+00	3.299048e+00
2.752631687177143e+00	3.299051e+00
2.755561374677143e+00	3.299054e+00
2.758491062177143e+00	3.299057e+00
2.761420749677143e+00	3.299059e+00
2.764350437177143e+00	3.299062e+00
2.767280124677143e+00	3.299065e+00
2.770209812177143e+00	3.299067e+00
2.773139499677143e+00	3.299070e+00
2.776069187177143e+00	3.299073e+00
2.778998874677143e+00	3.299075e+00
2.781928562177143e+00	3.299078e+00
2.784858249677143e+00	3.299081e+00
2.787787937177143e+00	3.299083e+00
2.790717624677143e+00	3.299086e+00
2.793647312177143e+00	3.299088e+00
2.796576999677143e+00	3.299091e+00
2.799506687177143e+00	3.299093e+00
2.802436374677143e+00	3.299096e+00
2.805366062177143e+00	3.299098e+00
2.808295749677143e+00	3.299101e+00
2.811225437177143e+00	3.299103e+00
2.814155124677143e+00	3.299106e+00
2.817084812177143e+00	3.299108e+00
2.820014499677143e+00	3.299111e+00
2.822944187177143e+00	3.299113e+00
2.825873874677143e+00	3.299115e+00
2.828803562177143e+00	3.299118e+00
2.831733249677143e+00	3.299120e+00
2.834662937177143e+00	3.299123e+00
2.837592624677143e+00	3.299125e+00
2.840522312177143e+00	3.299127e+00
2.843451999677143e+00	3.299130e+00
2.846381687177143e+00	3.299132e+00
2.849311374677143e+00	3.299134e+00
2.852241062177143e+00	3.299136e+00
2.855170749677143e+00	3.299139e+00
2.858100437177143e+00	3.299141e+00
2.861030124677143e+00	3.299143e+00
2.863959812177143e+00	3.299145e+00
2.866889499677143e+00	3.299147e+00
2.869819187177143e+00	3.299150e+00
2.872748874677143e+00	3.299152e+00
2.875678562177143e+00	3.299154e+00
2.878608249677143e+00	3.299156e+00
2.881537937177143e+00	3.299158e+00
2.884467624677143e+00	3.299160e+00
2.887397312177143e+00	3.299162e+00
2.890326999677143e+00	3.299164e+00
2.893256687177143e+00	3.299166e+00
2.893622898114643e+00	3.299166e+00
2.894355319989643e+00	3.299167e+00
2.894538425458393e+00	3.299167e+00
2.894904636395893e+00	3.299157e+00
2.894996189130268e+00	3.299150e+00
2.895179294599018e+00	3.299131e+00
2.895545505536518e+00	3.299069e+00
2.895556949628315e+00	3.298683e+00
2.895557307256184e+00	3.298593e+00
2.895558022511921e+00	3.298409e+00
2.895558201325855e+00	3.298361e+00
2.895558558953724e+00	3.298264e+00
2.895558648360691e+00	3.298239e+00
2.895558827174626e+00	3.298189e+00
2.895559184802494e+00	3.298087e+00
2.895559195978365e+00	3.298084e+00
2.895559218330107e+00	3.298077e+00
2.895559263033590e+00	3.296730e+00
2.895559352440558e+00	3.275949e+00
2.895559374792299e+00	3.266443e+00
2.895559419495783e+00	3.241481e+00
2.895559508902750e+00	3.117070e+00
2.895559528953901e+00	3.062988e+00
2.895559569056204e+00	2.923303e+00
2.895559579081779e+00	2.875060e+00
2.895559599132931e+00	2.766315e+00
2.895559604145718e+00	2.734260e+00
2.895559614171294e+00	2.666324e+00
2.895559616677688e+00	2.647866e+00
2.895559621690476e+00	2.609880e+00
2.895559622943673e+00	2.599977e+00
2.895559625450066e+00	2.579890e+00
2.895559630462854e+00	2.537973e+00
2.895559630482436e+00	2.537805e+00
2.895559630521598e+00	2.537468e+00
2.895559630531388e+00	2.537384e+00
2.895559630550970e+00	2.537215e+00
2.895559630555865e+00	2.537173e+00
2.895559630565656e+00	2.537089e+00
2.895559630568104e+00	2.537068e+00
2.895559630568715e+00	2.537063e+00
2.895559630569939e+00	2.537052e+00
2.895559630572387e+00	2.537031e+00
2.895559630577282e+00	2.536989e+00
2.895559630587073e+00	2.536905e+00
2.895559630606654e+00	2.536736e+00
2.895559630645816e+00	2.536399e+00
2.895559630724141e+00	2.535724e+00
2.895559630880791e+00	2.534372e+00
2.895559631194090e+00	2.531669e+00
2.895559631820688e+00	2.526298e+00
2.895559633073885e+00	2.515762e+00
2.895559635580279e+00	2.495558e+00
2.895559640593067e+00	2.457708e+00
2.895559650618643e+00	2.386509e+00
2.895559670669794e+00	2.248030e+00
2.895559710772096e+00	1.971614e+00
2.895559790976701e+00	1.418423e+00
2.895559951385911e+00	3.117206e-01
2.895559991488214e+00	3.493886e-02
2.895559992741410e+00	2.628944e-02
2.895559995247805e+00	8.990721e-03
2.895559995874403e+00	5.143740e-03
2.895559997127600e+00	4.654955e-03
2.895559998377822e+00	5.046873e-03
2.895559999587376e+00	4.672468e-03
2.895560002006481e+00	4.957291e-03
2.895560005631257e+00	4.602790e-03
2.895560012307395e+00	4.796277e-03
2.895560025659671e+00	4.316794e-03
2.895560052364224e+00	4.211803e-03
2.895560105773328e+00	3.159671e-03
2.895560212591538e+00	3.945483e-03
2.895560426227958e+00	3.635794e-03
2.895560853500798e+00	3.865615e-03
2.895561449398871e+00	3.588705e-03
2.895562239596141e+00	3.842193e-03
2.895563583683024e+00	3.559017e-03
2.895566271856790e+00	3.785677e-03
2.895566943900231e+00	3.644132e-03
2.895567001242517e+00	3.643641e-03
2.895567115927088e+00	3.643114e-03
2.895567345296230e+00	3.642929e-03
2.895567580420584e+00	3.642936e-03
2.895567815918719e+00	3.642942e-03
2.895568286914988e+00	3.642933e-03
2.895569228907526e+00	3.642939e-03
2.895571112892602e+00	3.642928e-03
2.895574880862754e+00	3.642926e-03
2.895582416803058e+00	3.642904e-03
2.895597488683667e+00	3.642878e-03
2.895627632444885e+00	3.642807e-03
2.895687919967320e+00	3.642686e-03
2.895808495012191e+00	3.642423e-03
2.896049645101931e+00	3.641917e-03
2.896531945281412e+00	3.640887e-03
2.897496545640374e+00	3.638848e-03
2.899425746358298e+00	3.634763e-03
2.902355433858298e+00	3.628606e-03
2.905285121358298e+00	3.622472e-03
2.908214808858298e+00	3.616387e-03
2.911144496358298e+00	3.610324e-03
2.914074183858298e+00	3.604311e-03
2.917003871358298e+00	3.598318e-03
2.919933558858298e+00	3.592374e-03
2.922863246358298e+00	3.586452e-03
2.925792933858298e+00	3.580577e-03
2.928722621358298e+00	3.574723e-03
2.931652308858298e+00	3.568918e-03
2.934581996358298e+00	3.563132e-03
2.937511683858298e+00	3.557394e-03
2.940441371358298e+00	3.551675e-03
2.943371058858298e+00	3.546004e-03
2.946300746358298e+00	3.540352e-03
2.949230433858298e+00	3.534747e-03
2.952160121358298e+00	3.529161e-03
2.955089808858298e+00	3.523621e-03
2.958019496358298e+00	3.518100e-03
2.960949183858298e+00	3.512625e-03
2.963878871358298e+00	3.507168e-03
2.966808558858298e+00	3.501757e-03
2.969738246358298e+00	3.496363e-03
2.972667933858298e+00	3.491015e-03
2.975597621358298e+00	3.485684e-03
2.978527308858298e+00	3.480398e-03
2.981456996358298e+00	3.475130e-03
2.984386683858298e+00	3.469906e-03
2.987316371358298e+00	3.464698e-03
2.990246058858298e+00	3.459535e-03
2.993175746358298e+00	3.454388e-03
2.996105433858298e+00	3.449285e-03
2.999035121358298e+00	3.444198e-03
3.001964808858298e+00	3.439154e-03
Step Information: Run=7  (Step: 8/9)
0.000000000000000e+00	1.558742e-06
1.867297155739665e-15	2.515584e-06
4.944373095832172e-15	4.042873e-06
8.188566491083603e-15	5.554077e-06
1.467695328158647e-14	8.323211e-06
2.765372686259220e-14	1.297649e-05
5.360727402460365e-14	1.961284e-05
1.055143683486266e-13	2.664590e-05
2.093285569966724e-13	3.127232e-05
4.169569342927641e-13	3.414734e-05
8.322136888849473e-13	3.980638e-05
1.662727198069314e-12	5.098218e-05
3.323754216438047e-12	7.266090e-05
6.645808253175514e-12	1.135497e-04
1.328991632665045e-11	1.862917e-04
2.525344626351013e-11	2.918738e-04
4.918050613722948e-11	4.331452e-04
9.703462588466819e-11	5.648260e-04
9.721394110244274e-11	5.650113e-04
9.757257153799183e-11	5.654369e-04
9.828983240909001e-11	5.663196e-04
9.972435415128638e-11	5.680190e-04
1.025933976356791e-10	5.712921e-04
1.083314846044646e-10	5.772728e-04
1.198076585420355e-10	5.874070e-04
1.427600064171773e-10	6.022789e-04
1.886647021674608e-10	6.201438e-04
2.804740936680280e-10	6.395967e-04
4.584992185454727e-10	6.686589e-04
7.579092059340853e-10	7.181496e-04
1.356729180711311e-09	8.168177e-04
1.907331658490939e-09	9.076628e-04
3.008536614050196e-09	1.089204e-03
5.210946525168711e-09	1.452406e-03
9.459285427246915e-09	1.829555e-03
1.783553046518728e-08	2.517008e-03
2.805983249004200e-08	3.363661e-03
2.837934192831871e-08	3.388588e-03
2.901836080487213e-08	3.441124e-03
2.917811552401048e-08	3.454382e-03
2.949762496228719e-08	3.480764e-03
2.957750232185637e-08	3.487348e-03
2.973725704099473e-08	3.500870e-03
3.005676647927144e-08	3.530279e-03
3.069578535582486e-08	3.596027e-03
3.197382310893169e-08	3.741482e-03
3.452989861514538e-08	4.055054e-03
3.964204962757273e-08	4.713688e-03
4.986635165242745e-08	6.140161e-03
7.031495570213688e-08	9.502460e-03
7.542710671456425e-08	1.048675e-02
8.565140873941896e-08	1.256985e-02
1.061000127891284e-07	1.609450e-02
1.469972208885473e-07	2.284882e-02
2.287916370873850e-07	3.639946e-02
3.007019143089930e-07	4.835331e-02
3.793985209339040e-07	6.150514e-02
4.592436730080799e-07	7.492135e-02
5.523102689396154e-07	9.067439e-02
7.384434608026865e-07	1.213696e-01
7.784983013772171e-07	1.279769e-01
8.586079825262785e-07	1.411891e-01
8.786354028135438e-07	1.444922e-01
9.186902433880746e-07	1.510984e-01
9.287039535317072e-07	1.527500e-01
9.312073810676153e-07	1.531629e-01
9.318332379515924e-07	1.532661e-01
9.319897021725866e-07	1.532919e-01
9.323026306145752e-07	1.533435e-01
9.323808627250723e-07	1.533564e-01
9.325373269460666e-07	1.533822e-01
9.328502553880551e-07	1.534338e-01
9.334761122720321e-07	1.535371e-01
9.347278260399863e-07	1.537435e-01
9.372312535758944e-07	1.541564e-01
9.422381086477108e-07	1.549822e-01
9.522518187913434e-07	1.566337e-01
9.722792390786086e-07	1.599369e-01
1.012334079653139e-06	1.665431e-01
1.092443760802201e-06	1.797556e-01
1.252663123100323e-06	2.061807e-01
1.573101847696569e-06	2.590309e-01
2.213979296889060e-06	3.647317e-01
3.213979296889059e-06	5.296633e-01
4.213979296889059e-06	6.945950e-01
6.213979296889060e-06	1.024459e+00
7.213979296889059e-06	1.189390e+00
1.021397929688906e-05	1.684179e+00
1.121397929688906e-05	1.849101e+00
1.621397929688906e-05	2.673703e+00
1.721397929688906e-05	2.838625e+00
1.999999999699662e-05	3.298097e+00
2.040510754260806e-05	3.298108e+00
2.121532263383096e-05	3.298113e+00
2.283575281627674e-05	3.298113e+00
2.475674678512614e-05	3.298113e+00
2.859873472282494e-05	3.298113e+00
3.628271059822255e-05	3.298113e+00
5.165066234901776e-05	3.298113e+00
8.238656585060818e-05	3.298113e+00
1.438583728537890e-04	3.298113e+00
2.668019868601507e-04	3.298114e+00
5.126892148728741e-04	3.298114e+00
1.004463670898321e-03	3.298116e+00
1.988012582949214e-03	3.298119e+00
3.955110407051001e-03	3.298124e+00
6.884797907051001e-03	3.298132e+00
9.814485407051002e-03	3.298140e+00
1.274417290705100e-02	3.298148e+00
1.567386040705100e-02	3.298156e+00
1.860354790705100e-02	3.298164e+00
2.153323540705100e-02	3.298172e+00
2.446292290705100e-02	3.298180e+00
2.739261040705100e-02	3.298187e+00
3.032229790705100e-02	3.298195e+00
3.325198540705100e-02	3.298203e+00
3.618167290705100e-02	3.298211e+00
3.911136040705100e-02	3.298218e+00
4.204104790705100e-02	3.298226e+00
4.497073540705100e-02	3.298233e+00
4.790042290705100e-02	3.298241e+00
5.083011040705100e-02	3.298248e+00
5.375979790705100e-02	3.298255e+00
5.668948540705100e-02	3.298263e+00
5.961917290705100e-02	3.298270e+00
6.254886040705100e-02	3.298277e+00
6.547854790705100e-02	3.298285e+00
6.840823540705100e-02	3.298292e+00
7.133792290705100e-02	3.298299e+00
7.426761040705100e-02	3.298306e+00
7.719729790705100e-02	3.298313e+00
8.012698540705100e-02	3.298320e+00
8.305667290705100e-02	3.298327e+00
8.598636040705100e-02	3.298334e+00
8.891604790705100e-02	3.298341e+00
9.184573540705100e-02	3.298348e+00
9.477542290705100e-02	3.298354e+00
9.770511040705100e-02	3.298361e+00
1.006347979070510e-01	3.298368e+00
1.035644854070510e-01	3.298375e+00
1.064941729070510e-01	3.298381e+00
1.094238604070510e-01	3.298388e+00
1.123535479070510e-01	3.298394e+00
1.152832354070510e-01	3.298401e+00
1.182129229070510e-01	3.298407e+00
1.211426104070510e-01	3.298414e+00
1.240722979070510e-01	3.298420e+00
1.270019854070510e-01	3.298427e+00
1.299316729070510e-01	3.298433e+00
1.328613604070510e-01	3.298439e+00
1.357910479070510e-01	3.298446e+00
1.387207354070510e-01	3.298452e+00
1.416504229070510e-01	3.298458e+00
1.445801104070510e-01	3.298464e+00
1.475097979070510e-01	3.298470e+00
1.504394854070510e-01	3.298476e+00
1.533691729070510e-01	3.298482e+00
1.562988604070510e-01	3.298489e+00
1.592285479070510e-01	3.298495e+00
1.621582354070510e-01	3.298501e+00
1.650879229070510e-01	3.298506e+00
1.680176104070510e-01	3.298512e+00
1.709472979070510e-01	3.298518e+00
1.738769854070510e-01	3.298524e+00
1.768066729070510e-01	3.298530e+00
1.797363604070510e-01	3.298536e+00
1.826660479070510e-01	3.298541e+00
1.855957354070510e-01	3.298547e+00
1.885254229070510e-01	3.298553e+00
1.914551104070510e-01	3.298558e+00
1.943847979070510e-01	3.298564e+00
1.973144854070510e-01	3.298569e+00
2.002441729070510e-01	3.298575e+00
2.031738604070510e-01	3.298580e+00
2.061035479070510e-01	3.298586e+00
2.090332354070510e-01	3.298591e+00
2.119629229070510e-01	3.298597e+00
2.148926104070510e-01	3.298602e+00
2.178222979070510e-01	3.298607e+00
2.207519854070510e-01	3.298613e+00
2.236816729070510e-01	3.298618e+00
2.266113604070510e-01	3.298623e+00
2.295410479070510e-01	3.298628e+00
2.324707354070510e-01	3.298634e+00
2.354004229070510e-01	3.298639e+00
2.383301104070510e-01	3.298644e+00
2.412597979070510e-01	3.298649e+00
2.441894854070510e-01	3.298654e+00
2.471191729070510e-01	3.298659e+00
2.500488604070510e-01	3.298664e+00
2.529785479070510e-01	3.298669e+00
2.559082354070510e-01	3.298674e+00
2.588379229070510e-01	3.298679e+00
2.617676104070510e-01	3.298684e+00
2.646972979070510e-01	3.298689e+00
2.676269854070510e-01	3.298693e+00
2.705566729070510e-01	3.298698e+00
2.734863604070510e-01	3.298703e+00
2.764160479070510e-01	3.298708e+00
2.793457354070510e-01	3.298712e+00
2.822754229070510e-01	3.298717e+00
2.852051104070510e-01	3.298722e+00
2.881347979070510e-01	3.298727e+00
2.910644854070510e-01	3.298731e+00
2.939941729070510e-01	3.298736e+00
2.969238604070510e-01	3.298740e+00
2.998535479070510e-01	3.298745e+00
3.027832354070510e-01	3.298749e+00
3.057129229070510e-01	3.298754e+00
3.086426104070510e-01	3.298758e+00
3.115722979070510e-01	3.298763e+00
3.145019854070510e-01	3.298767e+00
3.174316729070510e-01	3.298771e+00
3.203613604070510e-01	3.298776e+00
3.232910479070510e-01	3.298780e+00
3.262207354070510e-01	3.298784e+00
3.291504229070510e-01	3.298789e+00
3.320801104070510e-01	3.298793e+00
3.350097979070510e-01	3.298797e+00
3.379394854070510e-01	3.298801e+00
3.408691729070510e-01	3.298805e+00
3.437988604070510e-01	3.298810e+00
3.467285479070510e-01	3.298814e+00
3.496582354070510e-01	3.298818e+00
3.525879229070510e-01	3.298822e+00
3.555176104070510e-01	3.298826e+00
3.584472979070510e-01	3.298830e+00
3.613769854070510e-01	3.298834e+00
3.643066729070510e-01	3.298838e+00
3.672363604070510e-01	3.298842e+00
3.701660479070510e-01	3.298846e+00
3.730957354070510e-01	3.298850e+00
3.760254229070510e-01	3.298854e+00
3.789551104070510e-01	3.298858e+00
3.818847979070510e-01	3.298862e+00
3.848144854070510e-01	3.298865e+00
3.877441729070510e-01	3.298869e+00
3.906738604070510e-01	3.298873e+00
3.936035479070510e-01	3.298877e+00
3.965332354070510e-01	3.298881e+00
3.994629229070510e-01	3.298884e+00
4.023926104070510e-01	3.298888e+00
4.053222979070510e-01	3.298892e+00
4.082519854070510e-01	3.298895e+00
4.111816729070510e-01	3.298899e+00
4.141113604070510e-01	3.298903e+00
4.170410479070510e-01	3.298906e+00
4.199707354070510e-01	3.298910e+00
4.229004229070510e-01	3.298913e+00
4.258301104070510e-01	3.298917e+00
4.287597979070510e-01	3.298920e+00
4.316894854070510e-01	3.298924e+00
4.346191729070510e-01	3.298927e+00
4.375488604070510e-01	3.298931e+00
4.404785479070510e-01	3.298934e+00
4.434082354070510e-01	3.298938e+00
4.463379229070510e-01	3.298941e+00
4.492676104070510e-01	3.298944e+00
4.521972979070510e-01	3.298948e+00
4.551269854070510e-01	3.298951e+00
4.580566729070510e-01	3.298954e+00
4.609863604070510e-01	3.298958e+00
4.639160479070510e-01	3.298961e+00
4.668457354070510e-01	3.298964e+00
4.697754229070510e-01	3.298967e+00
4.727051104070510e-01	3.298971e+00
4.756347979070510e-01	3.298974e+00
4.785644854070510e-01	3.298977e+00
4.814941729070510e-01	3.298980e+00
4.844238604070510e-01	3.298983e+00
4.873535479070510e-01	3.298986e+00
4.902832354070510e-01	3.298990e+00
4.932129229070510e-01	3.298993e+00
4.961426104070510e-01	3.298996e+00
4.990722979070510e-01	3.298999e+00
5.020019854070510e-01	3.299002e+00
5.049316729070510e-01	3.299005e+00
5.078613604070510e-01	3.299008e+00
5.107910479070510e-01	3.299011e+00
5.137207354070510e-01	3.299014e+00
5.166504229070510e-01	3.299017e+00
5.195801104070510e-01	3.299020e+00
5.225097979070510e-01	3.299023e+00
5.254394854070510e-01	3.299026e+00
5.283691729070510e-01	3.299028e+00
5.312988604070510e-01	3.299031e+00
5.342285479070510e-01	3.299034e+00
5.371582354070510e-01	3.299037e+00
5.400879229070510e-01	3.299040e+00
5.430176104070510e-01	3.299042e+00
5.459472979070510e-01	3.299045e+00
5.488769854070510e-01	3.299048e+00
5.518066729070510e-01	3.299051e+00
5.547363604070510e-01	3.299054e+00
5.576660479070510e-01	3.299056e+00
5.605957354070510e-01	3.299059e+00
5.635254229070510e-01	3.299062e+00
5.664551104070510e-01	3.299064e+00
5.693847979070510e-01	3.299067e+00
5.723144854070510e-01	3.299070e+00
5.752441729070510e-01	3.299072e+00
5.781738604070510e-01	3.299075e+00
5.811035479070510e-01	3.299078e+00
5.840332354070510e-01	3.299080e+00
5.869629229070510e-01	3.299083e+00
5.898926104070510e-01	3.299085e+00
5.928222979070510e-01	3.299088e+00
5.957519854070510e-01	3.299090e+00
5.986816729070510e-01	3.299093e+00
6.016113604070510e-01	3.299095e+00
6.045410479070510e-01	3.299098e+00
6.074707354070510e-01	3.299100e+00
6.104004229070510e-01	3.299103e+00
6.133301104070510e-01	3.299105e+00
6.162597979070510e-01	3.299108e+00
6.191894854070510e-01	3.299110e+00
6.221191729070510e-01	3.299112e+00
6.250488604070510e-01	3.299115e+00
6.279785479070510e-01	3.299117e+00
6.309082354070510e-01	3.299119e+00
6.338379229070510e-01	3.299122e+00
6.367676104070510e-01	3.299124e+00
6.396972979070510e-01	3.299126e+00
6.426269854070510e-01	3.299129e+00
6.455566729070510e-01	3.299131e+00
6.484863604070510e-01	3.299133e+00
6.514160479070510e-01	3.299136e+00
6.543457354070510e-01	3.299138e+00
6.572754229070510e-01	3.299140e+00
6.602051104070510e-01	3.299142e+00
6.631347979070510e-01	3.299144e+00
6.660644854070510e-01	3.299146e+00
6.689941729070510e-01	3.299149e+00
6.719238604070510e-01	3.299151e+00
6.748535479070510e-01	3.299153e+00
6.777832354070510e-01	3.299155e+00
6.807129229070510e-01	3.299157e+00
6.836426104070510e-01	3.299159e+00
6.865722979070510e-01	3.299161e+00
6.895019854070510e-01	3.299163e+00
6.924316729070510e-01	3.299165e+00
6.953613604070510e-01	3.299167e+00
6.982910479070510e-01	3.299169e+00
7.012207354070510e-01	3.299171e+00
7.013765635705473e-01	3.299141e+00
7.014155206114214e-01	3.299133e+00
7.014934346931696e-01	3.299117e+00
7.016492628566660e-01	3.299079e+00
7.016541324867752e-01	3.299078e+00
7.016638717469937e-01	3.299075e+00
7.016833502674308e-01	3.298371e+00
7.016839589711944e-01	3.298168e+00
7.016841111471354e-01	3.298117e+00
7.016841491911205e-01	3.298104e+00
7.016842252790910e-01	3.298079e+00
7.016843774550320e-01	3.199167e+00
7.016844051130083e-01	3.151472e+00
7.016844604289612e-01	3.013478e+00
7.016844742579494e-01	2.959967e+00
7.016845019159258e-01	2.833246e+00
7.016845088304199e-01	2.793558e+00
7.016845226594082e-01	2.707501e+00
7.016845261166552e-01	2.683381e+00
7.016845330311493e-01	2.633193e+00
7.016845347597728e-01	2.619902e+00
7.016845382170199e-01	2.592794e+00
7.016845390813317e-01	2.585818e+00
7.016845408099551e-01	2.571730e+00
7.016845442672022e-01	2.542719e+00
7.016845443752412e-01	2.541794e+00
7.016845445913191e-01	2.539941e+00
7.016845446453386e-01	2.539477e+00
7.016845447533776e-01	2.538548e+00
7.016845447803873e-01	2.538316e+00
7.016845447871398e-01	2.538258e+00
7.016845448006447e-01	2.538141e+00
7.016845448040209e-01	2.538112e+00
7.016845448107732e-01	2.538054e+00
7.016845448124615e-01	2.538040e+00
7.016845448158376e-01	2.538011e+00
7.016845448166816e-01	2.538003e+00
7.016845448183697e-01	2.537989e+00
7.016845448217460e-01	2.537960e+00
7.016845448284984e-01	2.537902e+00
7.016845448420033e-01	2.537786e+00
7.016845448690130e-01	2.537553e+00
7.016845449230326e-01	2.537088e+00
7.016845450310715e-01	2.536156e+00
7.016845452471494e-01	2.534291e+00
7.016845456793053e-01	2.530569e+00
7.016845465436171e-01	2.523211e+00
7.016845482722406e-01	2.508907e+00
7.016845517294876e-01	2.481819e+00
7.016845586439818e-01	2.431208e+00
7.016845724729700e-01	2.334712e+00
7.016846001309464e-01	2.144125e+00
7.016846554468993e-01	1.762600e+00
7.016847660788049e-01	9.994258e-01
7.016847937367813e-01	8.085569e-01
7.016848490527342e-01	4.268155e-01
7.016848628817224e-01	3.313733e-01
7.016848905396987e-01	1.404821e-01
7.016848974541929e-01	9.275711e-02
7.016848991828164e-01	8.082584e-02
7.016849026400634e-01	5.696321e-02
7.016849095545575e-01	9.237561e-03
7.016849097706355e-01	7.746126e-03
7.016849102027914e-01	5.100822e-03
7.016849110671032e-01	4.689734e-03
7.016849118918480e-01	5.002834e-03
7.016849127876589e-01	4.723869e-03
7.016849145792804e-01	4.927187e-03
7.016849167247734e-01	4.685801e-03
7.016849206274013e-01	4.826254e-03
7.016849283605487e-01	4.522690e-03
7.016849438268437e-01	4.485510e-03
7.016849747594334e-01	3.850901e-03
7.016850366246129e-01	3.144520e-03
7.016851603549720e-01	3.704250e-03
7.016854078156901e-01	3.837561e-03
7.016859027371263e-01	3.629400e-03
7.016865025076919e-01	3.797399e-03
7.016874007406263e-01	3.607267e-03
7.016889304009525e-01	3.763418e-03
7.016919897216047e-01	3.544578e-03
7.016981083629095e-01	3.720365e-03
7.017038160004536e-01	3.544447e-03
7.017106696882985e-01	3.720433e-03
7.017219704795242e-01	3.544344e-03
7.017382769073053e-01	3.720416e-03
7.017682087975748e-01	3.544223e-03
7.018229793245458e-01	3.720253e-03
7.019138645254102e-01	3.543912e-03
7.020834985720426e-01	3.719714e-03
7.023752367010060e-01	3.542949e-03
7.028967147453707e-01	3.718023e-03
7.038252752202742e-01	3.539934e-03
7.054574210683843e-01	3.712713e-03
7.083742928878396e-01	3.530535e-03
7.113039803878396e-01	3.700687e-03
7.142336678878396e-01	3.518552e-03
7.171633553878396e-01	3.688774e-03
7.171643553878395e-01	3.512404e-03
7.171803553878395e-01	3.688957e-03
7.171813553878396e-01	3.512228e-03
7.171973553878396e-01	3.689060e-03
7.171983553878395e-01	3.512106e-03
7.172143553878395e-01	3.689111e-03
7.172153553878395e-01	3.512019e-03
7.172313553878396e-01	3.689128e-03
7.172603707511225e-01	3.511924e-03
7.172960854841620e-01	3.688999e-03
7.173675149502412e-01	3.511706e-03
7.175103738823996e-01	3.688567e-03
7.177960917467161e-01	3.510840e-03
7.183675274753494e-01	3.686837e-03
7.195103989326159e-01	3.507385e-03
7.217961418471489e-01	3.679947e-03
7.247258293471489e-01	3.496945e-03
7.276555168471489e-01	3.668278e-03
7.305852043471489e-01	3.485344e-03
7.335148918471489e-01	3.656744e-03
7.364445793471489e-01	3.473877e-03
7.393742668471489e-01	3.645344e-03
7.423039543471489e-01	3.462542e-03
7.452336418471489e-01	3.634074e-03
7.481633293471489e-01	3.451338e-03
7.510930168471489e-01	3.622935e-03
7.540227043471489e-01	3.440263e-03
7.569523918471489e-01	3.611924e-03
7.598820793471489e-01	3.429316e-03
7.628117668471489e-01	3.601040e-03
7.657414543471489e-01	3.418495e-03
7.686711418471489e-01	3.590282e-03
7.716008293471489e-01	3.407799e-03
7.745305168471489e-01	3.579648e-03
7.774602043471489e-01	3.397226e-03
7.803898918471489e-01	3.569136e-03
7.833195793471489e-01	3.386775e-03
7.862492668471489e-01	3.558745e-03
7.891789543471489e-01	3.376444e-03
7.921086418471489e-01	3.548475e-03
7.950383293471489e-01	3.366233e-03
7.979680168471489e-01	3.538323e-03
8.008977043471489e-01	3.356140e-03
8.038273918471489e-01	3.528287e-03
8.067570793471489e-01	3.346162e-03
8.096867668471489e-01	3.518368e-03
8.126164543471489e-01	3.336300e-03
8.155461418471489e-01	3.508563e-03
8.184758293471489e-01	3.326552e-03
8.214055168471489e-01	3.498871e-03
8.243352043471489e-01	3.316916e-03
8.272648918471489e-01	3.489291e-03
8.301945793471489e-01	3.307391e-03
8.331242668471489e-01	3.479821e-03
8.360539543471489e-01	3.297976e-03
8.389836418471489e-01	3.470461e-03
8.419133293471489e-01	3.288670e-03
8.448430168471489e-01	3.461208e-03
8.477727043471489e-01	3.279471e-03
8.507023918471489e-01	3.452062e-03
8.536320793471489e-01	3.270378e-03
8.565617668471489e-01	3.443022e-03
8.594914543471489e-01	3.261390e-03
8.624211418471489e-01	3.434086e-03
8.653508293471489e-01	3.252505e-03
8.682805168471489e-01	3.425253e-03
8.712102043471489e-01	3.243723e-03
8.741398918471489e-01	3.416522e-03
8.770695793471489e-01	3.235042e-03
8.799992668471489e-01	3.407891e-03
8.829289543471489e-01	3.226462e-03
8.858586418471489e-01	3.399360e-03
8.887883293471489e-01	3.217980e-03
8.917180168471489e-01	3.390928e-03
8.946477043471489e-01	3.209596e-03
8.975773918471489e-01	3.382592e-03
9.005070793471489e-01	3.201309e-03
9.034367668471489e-01	3.374353e-03
9.063664543471489e-01	3.193117e-03
9.092961418471489e-01	3.366209e-03
9.122258293471489e-01	3.185020e-03
9.151555168471489e-01	3.358159e-03
9.180852043471489e-01	3.177016e-03
9.210148918471489e-01	3.350201e-03
9.239445793471489e-01	3.169105e-03
9.268742668471489e-01	3.342335e-03
9.298039543471489e-01	3.161285e-03
9.327336418471489e-01	3.334560e-03
9.356633293471489e-01	3.153554e-03
9.385930168471489e-01	3.326875e-03
9.415227043471489e-01	3.145914e-03
9.444523918471489e-01	3.319278e-03
9.473820793471489e-01	3.138361e-03
9.503117668471489e-01	3.311769e-03
9.532414543471489e-01	3.130895e-03
9.561711418471489e-01	3.304346e-03
9.591008293471489e-01	3.123515e-03
9.620305168471489e-01	3.297010e-03
9.649602043471489e-01	3.116221e-03
9.678898918471489e-01	3.289757e-03
9.708195793471489e-01	3.109010e-03
9.737492668471489e-01	3.282589e-03
9.766789543471489e-01	3.101883e-03
9.796086418471489e-01	3.275503e-03
9.825383293471489e-01	3.094838e-03
9.854680168471489e-01	3.268498e-03
9.883977043471489e-01	3.087874e-03
9.913273918471489e-01	3.261575e-03
9.942570793471489e-01	3.080991e-03
9.971867668471489e-01	3.254731e-03
1.000116454347149e+00	3.074187e-03
1.003046141847149e+00	3.247967e-03
1.005975829347149e+00	3.067461e-03
1.008905516847149e+00	3.241280e-03
1.011835204347149e+00	3.060813e-03
1.014764891847149e+00	3.234670e-03
1.017694579347149e+00	3.054241e-03
1.020624266847149e+00	3.228137e-03
1.023553954347149e+00	3.047746e-03
1.026483641847149e+00	3.221679e-03
1.029413329347149e+00	3.041325e-03
1.032343016847149e+00	3.215295e-03
1.035272704347149e+00	3.034978e-03
1.038202391847149e+00	3.208985e-03
1.041132079347149e+00	3.028705e-03
1.044061766847149e+00	3.202748e-03
1.046991454347149e+00	3.022504e-03
1.049921141847149e+00	3.196583e-03
1.052850829347149e+00	3.016374e-03
1.055780516847149e+00	3.190488e-03
1.058710204347149e+00	3.010315e-03
1.061639891847149e+00	3.184465e-03
1.064569579347149e+00	3.004326e-03
1.067499266847149e+00	3.178510e-03
1.070428954347149e+00	2.998406e-03
1.073358641847149e+00	3.172624e-03
1.076288329347149e+00	2.992554e-03
1.079218016847149e+00	3.166806e-03
1.082147704347149e+00	2.986770e-03
1.085077391847149e+00	3.161056e-03
1.088007079347149e+00	2.981052e-03
1.090936766847149e+00	3.155371e-03
1.093866454347149e+00	2.975400e-03
1.096796141847149e+00	3.149752e-03
1.099725829347149e+00	2.969814e-03
1.102655516847149e+00	3.144198e-03
1.105585204347149e+00	2.964292e-03
1.108514891847149e+00	3.138708e-03
1.111444579347149e+00	2.958833e-03
1.114374266847149e+00	3.133281e-03
1.117303954347149e+00	2.953438e-03
1.120233641847149e+00	3.127917e-03
1.123163329347149e+00	2.948105e-03
1.126093016847149e+00	3.122615e-03
1.129022704347149e+00	2.942833e-03
1.131952391847149e+00	3.117373e-03
1.134882079347149e+00	2.937622e-03
1.137811766847149e+00	3.112193e-03
1.140741454347149e+00	2.932471e-03
1.143671141847149e+00	3.107072e-03
1.146600829347149e+00	2.927380e-03
1.149530516847149e+00	3.102010e-03
1.152460204347149e+00	2.922347e-03
1.155389891847149e+00	3.097006e-03
1.158319579347149e+00	2.917373e-03
1.161249266847149e+00	3.092060e-03
1.164178954347149e+00	2.912455e-03
1.167108641847149e+00	3.087172e-03
1.170038329347149e+00	2.907595e-03
1.172968016847149e+00	3.082339e-03
1.175897704347149e+00	2.902790e-03
1.178827391847149e+00	3.077562e-03
1.181757079347149e+00	2.898041e-03
1.184686766847149e+00	3.072841e-03
1.187616454347149e+00	2.893347e-03
1.190546141847149e+00	3.068174e-03
1.193475829347149e+00	2.888706e-03
1.196405516847149e+00	3.063560e-03
1.199335204347149e+00	2.884120e-03
1.202264891847149e+00	3.059000e-03
1.205194579347149e+00	2.879625e-03
1.208124266847149e+00	3.054588e-03
1.211053954347149e+00	2.875255e-03
1.213983641847149e+00	3.050243e-03
1.216913329347149e+00	2.870935e-03
1.219843016847149e+00	3.045948e-03
1.222772704347149e+00	2.866665e-03
1.225702391847149e+00	3.041703e-03
1.228632079347149e+00	2.862445e-03
1.231561766847149e+00	3.037508e-03
1.234491454347149e+00	2.858273e-03
1.237421141847149e+00	3.033360e-03
1.240350829347149e+00	2.854150e-03
1.243280516847149e+00	3.029261e-03
1.246210204347149e+00	2.850074e-03
1.249139891847149e+00	3.025208e-03
1.249506102784649e+00	2.936379e-03
1.250238524659649e+00	2.935876e-03
1.251703368409649e+00	2.934873e-03
1.254633055909649e+00	2.932874e-03
1.254999266847149e+00	2.932625e-03
1.255731688722149e+00	2.932128e-03
1.257196532472149e+00	3.002452e-03
1.257316091219385e+00	3.017558e-03
1.257345980906194e+00	3.021556e-03
1.257353453327896e+00	3.022569e-03
1.257368398171301e+00	3.024624e-03
1.257372134382152e+00	3.025148e-03
1.257379606803854e+00	3.026203e-03
1.257381474909280e+00	3.026469e-03
1.257385211120131e+00	3.027003e-03
1.257392683541833e+00	3.761714e-03
1.257392917055012e+00	3.808671e-03
1.257393384081368e+00	3.904246e-03
1.257393500837957e+00	3.928771e-03
1.257393734351135e+00	3.978255e-03
1.257393792729430e+00	3.990789e-03
1.257393909486019e+00	4.015970e-03
1.257393938675166e+00	4.022307e-03
1.257393997053461e+00	8.613565e-03
1.257394103532530e+00	3.926899e-02
1.257394130152297e+00	5.593125e-02
1.257394183391832e+00	1.034515e-01
1.257394289870901e+00	4.115033e-01
1.257394308732443e+00	5.222355e-01
1.257394313447829e+00	5.514681e-01
1.257394322878600e+00	6.132047e-01
1.257394325236292e+00	6.298986e-01
1.257394329951678e+00	6.641940e-01
1.257394331130524e+00	6.731128e-01
1.257394333488217e+00	6.911893e-01
1.257394334077640e+00	6.957987e-01
1.257394334224996e+00	6.969529e-01
1.257394334519707e+00	6.992652e-01
1.257394335109131e+00	7.039129e-01
1.257394335127550e+00	7.040586e-01
1.257394335132155e+00	7.040951e-01
1.257394335141365e+00	7.041680e-01
1.257394335143667e+00	7.041861e-01
1.257394335148272e+00	7.042226e-01
1.257394335149423e+00	7.042317e-01
1.257394335151726e+00	7.042499e-01
1.257394335152301e+00	7.042545e-01
1.257394335153452e+00	7.042636e-01
1.257394335155755e+00	7.042819e-01
1.257394335160360e+00	7.043183e-01
1.257394335169570e+00	7.043912e-01
1.257394335187989e+00	7.045370e-01
1.257394335224828e+00	7.048288e-01
1.257394335298506e+00	7.054126e-01
1.257394335445862e+00	7.065815e-01
1.257394335740573e+00	7.089202e-01
1.257394336329996e+00	7.135717e-01
1.257394337508843e+00	7.227082e-01
1.257394339866535e+00	7.402713e-01
1.257394344581921e+00	7.732130e-01
1.257394354012692e+00	8.350641e-01
1.257394372874234e+00	9.549602e-01
1.257394410597317e+00	1.194010e+00
1.257394420028088e+00	1.253824e+00
1.257394438889630e+00	1.373434e+00
1.257394476612714e+00	1.612649e+00
1.257394552058881e+00	2.091195e+00
1.257394702951216e+00	3.048575e+00
1.257394740674300e+00	3.287977e+00
1.257394741853146e+00	3.295458e+00
1.257394742147858e+00	3.297003e+00
1.257394742737281e+00	3.297387e+00
1.257394743916127e+00	3.297104e+00
1.257394746273820e+00	3.297403e+00
1.257394750989206e+00	3.297213e+00
1.257394760419976e+00	3.297586e+00
1.257394779281518e+00	3.297596e+00
1.257394817004602e+00	3.298340e+00
1.257394892450769e+00	3.299098e+00
1.257395043343104e+00	3.298431e+00
1.257395345127774e+00	3.298241e+00
1.257395948697113e+00	3.298495e+00
1.257396995003425e+00	3.298277e+00
1.257398620133505e+00	3.298528e+00
1.257401870393665e+00	3.298340e+00
1.257402682958705e+00	3.298465e+00
1.257402747870797e+00	3.298466e+00
1.257402877694980e+00	3.298466e+00
1.257403137343346e+00	3.298466e+00
1.257403401851110e+00	3.298466e+00
1.257403672719634e+00	3.298466e+00
1.257404214456680e+00	3.298466e+00
1.257405297930774e+00	3.298466e+00
1.257407464878960e+00	3.298466e+00
1.257411798775333e+00	3.298466e+00
1.257420466568080e+00	3.298466e+00
1.257437802153573e+00	3.298466e+00
1.257472473324558e+00	3.298466e+00
1.257541815666530e+00	3.298467e+00
1.257680500350472e+00	3.298467e+00
1.257957869718357e+00	3.298468e+00
1.258512608454128e+00	3.298469e+00
1.259622085925668e+00	3.298471e+00
1.261841040868749e+00	3.298476e+00
1.264770728368749e+00	3.298482e+00
1.267700415868749e+00	3.298488e+00
1.270630103368749e+00	3.298494e+00
1.273559790868749e+00	3.298500e+00
1.276489478368749e+00	3.298506e+00
1.279419165868749e+00	3.298512e+00
1.282348853368749e+00	3.298517e+00
1.285278540868749e+00	3.298523e+00
1.288208228368749e+00	3.298529e+00
1.291137915868749e+00	3.298535e+00
1.294067603368749e+00	3.298540e+00
1.296997290868749e+00	3.298546e+00
1.299926978368749e+00	3.298552e+00
1.302856665868749e+00	3.298558e+00
1.305786353368749e+00	3.298563e+00
1.308716040868749e+00	3.298568e+00
1.311645728368749e+00	3.298574e+00
1.314575415868749e+00	3.298580e+00
1.317505103368749e+00	3.298585e+00
1.320434790868749e+00	3.298590e+00
1.323364478368749e+00	3.298596e+00
1.326294165868749e+00	3.298601e+00
1.329223853368749e+00	3.298607e+00
1.332153540868749e+00	3.298612e+00
1.335083228368749e+00	3.298617e+00
1.338012915868749e+00	3.298622e+00
1.340942603368749e+00	3.298628e+00
1.343872290868749e+00	3.298633e+00
1.346801978368749e+00	3.298638e+00
1.349731665868749e+00	3.298643e+00
1.352661353368749e+00	3.298648e+00
1.355591040868749e+00	3.298653e+00
1.358520728368749e+00	3.298658e+00
1.361450415868749e+00	3.298663e+00
1.364380103368749e+00	3.298668e+00
1.367309790868749e+00	3.298673e+00
1.370239478368749e+00	3.298678e+00
1.373169165868749e+00	3.298683e+00
1.376098853368749e+00	3.298688e+00
1.379028540868749e+00	3.298693e+00
1.381958228368749e+00	3.298697e+00
1.384887915868749e+00	3.298702e+00
1.387817603368749e+00	3.298707e+00
1.390747290868749e+00	3.298712e+00
1.393676978368749e+00	3.298717e+00
1.396606665868749e+00	3.298721e+00
1.399536353368749e+00	3.298726e+00
1.402466040868749e+00	3.298730e+00
1.405395728368749e+00	3.298735e+00
1.408325415868749e+00	3.298740e+00
1.411255103368749e+00	3.298744e+00
1.414184790868749e+00	3.298749e+00
1.417114478368749e+00	3.298753e+00
1.420044165868749e+00	3.298758e+00
1.422973853368749e+00	3.298762e+00
1.425903540868749e+00	3.298766e+00
1.428833228368749e+00	3.298771e+00
1.431762915868749e+00	3.298775e+00
1.434692603368749e+00	3.298779e+00
1.437622290868749e+00	3.298784e+00
1.437623290868749e+00	3.298784e+00
1.437639290868749e+00	3.298784e+00
1.437671290868749e+00	3.298784e+00
1.437735290868749e+00	3.298784e+00
1.437863290868749e+00	3.298784e+00
1.438119290868749e+00	3.298784e+00
1.438631290868749e+00	3.298785e+00
1.439655290868749e+00	3.298787e+00
1.441703290868749e+00	3.298790e+00
1.444632978368749e+00	3.298794e+00
1.447562665868749e+00	3.298798e+00
1.450492353368749e+00	3.298802e+00
1.453422040868749e+00	3.298807e+00
1.456351728368749e+00	3.298811e+00
1.459281415868749e+00	3.298815e+00
1.462211103368749e+00	3.298819e+00
1.465140790868749e+00	3.298823e+00
1.465141790868749e+00	3.298823e+00
1.465157790868749e+00	3.298823e+00
1.465189790868749e+00	3.298823e+00
1.465253790868749e+00	3.298823e+00
1.465381790868749e+00	3.298823e+00
1.465637790868749e+00	3.298824e+00
1.466149790868749e+00	3.298825e+00
1.467173790868749e+00	3.298826e+00
1.469221790868749e+00	3.298829e+00
1.472151478368749e+00	3.298833e+00
1.475081165868749e+00	3.298837e+00
1.478010853368749e+00	3.298841e+00
1.480940540868749e+00	3.298845e+00
1.483870228368749e+00	3.298849e+00
1.486799915868749e+00	3.298852e+00
1.489729603368749e+00	3.298856e+00
1.492659290868749e+00	3.298860e+00
1.492660290868749e+00	3.298860e+00
1.492676290868749e+00	3.298860e+00
1.492708290868749e+00	3.298860e+00
1.492772290868749e+00	3.298860e+00
1.492900290868749e+00	3.298861e+00
1.493156290868749e+00	3.298861e+00
1.493668290868749e+00	3.298862e+00
1.494692290868749e+00	3.298863e+00
1.496740290868749e+00	3.298866e+00
1.499669978368749e+00	3.298869e+00
1.502599665868749e+00	3.298873e+00
1.505529353368749e+00	3.298877e+00
1.508459040868749e+00	3.298881e+00
1.511388728368749e+00	3.298884e+00
1.514318415868749e+00	3.298888e+00
1.517248103368749e+00	3.298892e+00
1.517249103368749e+00	3.298892e+00
1.517265103368749e+00	3.298892e+00
1.517297103368749e+00	3.298892e+00
1.517361103368749e+00	3.298892e+00
1.517489103368749e+00	3.298892e+00
1.517745103368749e+00	3.298892e+00
1.518257103368749e+00	3.298893e+00
1.519281103368749e+00	3.298894e+00
1.521329103368749e+00	3.298897e+00
1.524258790868749e+00	3.298901e+00
1.527188478368749e+00	3.298904e+00
1.530118165868749e+00	3.298908e+00
1.533047853368749e+00	3.298911e+00
1.535977540868749e+00	3.298915e+00
1.538907228368749e+00	3.298918e+00
1.541836915868749e+00	3.298922e+00
1.541837915868749e+00	3.298922e+00
1.541853915868749e+00	3.298922e+00
1.541885915868749e+00	3.298922e+00
1.541949915868749e+00	3.298922e+00
1.542077915868749e+00	3.298922e+00
1.542333915868749e+00	3.298923e+00
1.542845915868749e+00	3.298923e+00
1.543869915868749e+00	3.298924e+00
1.545917915868749e+00	3.298927e+00
1.548847603368749e+00	3.298930e+00
1.551777290868749e+00	3.298934e+00
1.554706978368749e+00	3.298937e+00
1.557636665868749e+00	3.298940e+00
1.560566353368749e+00	3.298944e+00
1.563496040868749e+00	3.298947e+00
1.566425728368749e+00	3.298950e+00
1.566426728368749e+00	3.298950e+00
1.566442728368749e+00	3.298950e+00
1.566474728368749e+00	3.298950e+00
1.566538728368749e+00	3.298951e+00
1.566666728368749e+00	3.298951e+00
1.566922728368749e+00	3.298951e+00
1.567434728368749e+00	3.298952e+00
1.568458728368749e+00	3.298953e+00
1.570506728368749e+00	3.298955e+00
1.573436415868749e+00	3.298958e+00
1.576366103368749e+00	3.298962e+00
1.579295790868749e+00	3.298965e+00
1.582225478368749e+00	3.298968e+00
1.585155165868749e+00	3.298971e+00
1.588084853368749e+00	3.298975e+00
1.591014540868749e+00	3.298978e+00
1.591015540868749e+00	3.298978e+00
1.591031540868749e+00	3.298978e+00
1.591063540868749e+00	3.298978e+00
1.591127540868749e+00	3.298978e+00
1.591255540868749e+00	3.298978e+00
1.591511540868749e+00	3.298978e+00
1.592023540868749e+00	3.298979e+00
1.593047540868749e+00	3.298980e+00
1.595095540868749e+00	3.298982e+00
1.598025228368749e+00	3.298985e+00
1.600954915868749e+00	3.298988e+00
1.603884603368749e+00	3.298991e+00
1.606814290868749e+00	3.298995e+00
1.609743978368749e+00	3.298998e+00
1.612673665868749e+00	3.299001e+00
1.615603353368749e+00	3.299004e+00
1.615604353368749e+00	3.299004e+00
1.615620353368749e+00	3.299004e+00
1.615652353368749e+00	3.299004e+00
1.615716353368749e+00	3.299004e+00
1.615844353368749e+00	3.299004e+00
1.616100353368749e+00	3.299004e+00
1.616612353368749e+00	3.299005e+00
1.617636353368749e+00	3.299006e+00
1.619684353368749e+00	3.299008e+00
1.622614040868749e+00	3.299011e+00
1.625543728368749e+00	3.299014e+00
1.628473415868749e+00	3.299017e+00
1.631403103368749e+00	3.299020e+00
1.634332790868749e+00	3.299023e+00
1.637262478368749e+00	3.299026e+00
1.640192165868749e+00	3.299028e+00
1.640193165868749e+00	3.299028e+00
1.640209165868749e+00	3.299028e+00
1.640241165868749e+00	3.299028e+00
1.640305165868749e+00	3.299029e+00
1.640433165868749e+00	3.299029e+00
1.640689165868749e+00	3.299029e+00
1.641201165868749e+00	3.299029e+00
1.642225165868749e+00	3.299030e+00
1.644273165868749e+00	3.299032e+00
1.647202853368749e+00	3.299035e+00
1.650132540868749e+00	3.299038e+00
1.653062228368749e+00	3.299041e+00
1.655991915868749e+00	3.299044e+00
1.658921603368749e+00	3.299047e+00
1.661851290868749e+00	3.299049e+00
1.664780978368749e+00	3.299052e+00
1.664781978368749e+00	3.299052e+00
1.664797978368749e+00	3.299052e+00
1.664829978368749e+00	3.299052e+00
1.664893978368749e+00	3.299052e+00
1.665021978368749e+00	3.299052e+00
1.665277978368749e+00	3.299052e+00
1.665789978368749e+00	3.299053e+00
1.666813978368749e+00	3.299054e+00
1.668861978368749e+00	3.299056e+00
1.671791665868749e+00	3.299058e+00
1.674721353368749e+00	3.299061e+00
1.677651040868749e+00	3.299064e+00
1.680580728368749e+00	3.299067e+00
1.683510415868749e+00	3.299069e+00
1.686440103368749e+00	3.299072e+00
1.689369790868749e+00	3.299074e+00
1.689370790868749e+00	3.299074e+00
1.689386790868749e+00	3.299074e+00
1.689418790868749e+00	3.299074e+00
1.689482790868749e+00	3.299074e+00
1.689610790868749e+00	3.299075e+00
1.689866790868749e+00	3.299075e+00
1.690378790868749e+00	3.299075e+00
1.691402790868749e+00	3.299076e+00
1.693450790868749e+00	3.299078e+00
1.696380478368749e+00	3.299081e+00
1.699310165868749e+00	3.299083e+00
1.702239853368749e+00	3.299086e+00
1.705169540868749e+00	3.299088e+00
1.708099228368749e+00	3.299091e+00
1.711028915868749e+00	3.299093e+00
1.713958603368749e+00	3.299096e+00
1.716888290868749e+00	3.299098e+00
1.716889290868749e+00	3.299098e+00
1.716905290868749e+00	3.299098e+00
1.716937290868749e+00	3.299098e+00
1.717001290868749e+00	3.299098e+00
1.717129290868749e+00	3.299098e+00
1.717385290868749e+00	3.299099e+00
1.717897290868749e+00	3.299099e+00
1.718921290868749e+00	3.299100e+00
1.720969290868749e+00	3.299102e+00
1.723898978368749e+00	3.299104e+00
1.726828665868749e+00	3.299107e+00
1.729758353368749e+00	3.299109e+00
1.732688040868749e+00	3.299111e+00
1.735617728368749e+00	3.299114e+00
1.738547415868749e+00	3.299116e+00
1.741477103368749e+00	3.299119e+00
1.741478103368749e+00	3.299119e+00
1.741494103368749e+00	3.299119e+00
1.741526103368749e+00	3.299119e+00
1.741590103368749e+00	3.299119e+00
1.741718103368749e+00	3.299119e+00
1.741974103368749e+00	3.299119e+00
1.742486103368749e+00	3.299119e+00
1.743510103368749e+00	3.299120e+00
1.745558103368749e+00	3.299122e+00
1.748487790868749e+00	3.299124e+00
1.751417478368749e+00	3.299126e+00
1.754347165868749e+00	3.299129e+00
1.757276853368749e+00	3.299131e+00
1.760206540868749e+00	3.299133e+00
1.763136228368749e+00	3.299135e+00
1.766065915868749e+00	3.299138e+00
1.766066915868749e+00	3.299138e+00
1.766082915868749e+00	3.299138e+00
1.766114915868749e+00	3.299138e+00
1.766178915868749e+00	3.299138e+00
1.766306915868749e+00	3.299138e+00
1.766562915868749e+00	3.299138e+00
1.767074915868749e+00	3.299139e+00
1.768098915868749e+00	3.299139e+00
1.770146915868749e+00	3.299141e+00
1.773076603368749e+00	3.299143e+00
1.776006290868749e+00	3.299145e+00
1.778935978368749e+00	3.299147e+00
1.781865665868749e+00	3.299149e+00
1.784795353368749e+00	3.299151e+00
1.787725040868749e+00	3.299154e+00
1.790654728368749e+00	3.299156e+00
1.790655728368749e+00	3.299156e+00
1.790671728368749e+00	3.299156e+00
1.790703728368749e+00	3.299156e+00
1.790767728368749e+00	3.299156e+00
1.790895728368749e+00	3.299156e+00
1.791151728368749e+00	3.299156e+00
1.791663728368749e+00	3.299156e+00
1.792687728368749e+00	3.299157e+00
1.794735728368749e+00	3.299159e+00
1.797665415868749e+00	3.299160e+00
1.800595103368749e+00	3.299163e+00
1.803524790868749e+00	3.299165e+00
1.806454478368749e+00	3.299167e+00
1.809384165868749e+00	3.299169e+00
1.812313853368749e+00	3.299171e+00
1.812680064306249e+00	3.299145e+00
1.812771617040624e+00	3.299136e+00
1.812954722509374e+00	3.299115e+00
1.813000498876562e+00	3.299108e+00
1.813092051610937e+00	3.299093e+00
1.813114939794530e+00	3.299089e+00
1.813160716161718e+00	3.299081e+00
1.813172160253515e+00	3.299078e+00
1.813195048437108e+00	3.299074e+00
1.813200770483007e+00	3.299073e+00
1.813212214574804e+00	3.299070e+00
1.813215075597753e+00	3.299070e+00
1.813215790853490e+00	3.298915e+00
1.813217221364965e+00	3.298595e+00
1.813217578992834e+00	3.298508e+00
1.813218294248571e+00	3.298330e+00
1.813218473062505e+00	3.298284e+00
1.813218830690374e+00	3.298190e+00
1.813218920097341e+00	3.298166e+00
1.813219098911275e+00	3.298117e+00
1.813219143614759e+00	3.298105e+00
1.813219233021726e+00	3.298081e+00
1.813219255373468e+00	3.298074e+00
1.813219300076951e+00	3.293736e+00
1.813219389483919e+00	3.269481e+00
1.813219411835660e+00	3.258161e+00
1.813219456539144e+00	3.228010e+00
1.813219545946111e+00	3.076971e+00
1.813219565504763e+00	3.013332e+00
1.813219604622067e+00	2.850127e+00
1.813219614401393e+00	2.794194e+00
1.813219633960045e+00	2.668524e+00
1.813219638849708e+00	2.631630e+00
1.813219648629034e+00	2.553563e+00
1.813219648934637e+00	2.550981e+00
1.813219649545845e+00	2.545799e+00
1.813219649698647e+00	2.544497e+00
1.813219650004251e+00	2.541888e+00
1.813219650080652e+00	2.541234e+00
1.813219650233454e+00	2.539925e+00
1.813219650539058e+00	2.537301e+00
1.813219650548608e+00	2.537219e+00
1.813219650567709e+00	2.537054e+00
1.813219650572484e+00	2.537013e+00
1.813219650582034e+00	2.536931e+00
1.813219650584421e+00	2.536910e+00
1.813219650589196e+00	2.536869e+00
1.813219650590390e+00	2.536859e+00
1.813219650592778e+00	2.536838e+00
1.813219650593375e+00	2.536833e+00
1.813219650594568e+00	2.536823e+00
1.813219650594867e+00	2.536820e+00
1.813219650595464e+00	2.536815e+00
1.813219650596657e+00	2.536805e+00
1.813219650599045e+00	2.536784e+00
1.813219650603820e+00	2.536743e+00
1.813219650613370e+00	2.536661e+00
1.813219650632470e+00	2.536497e+00
1.813219650670671e+00	2.536168e+00
1.813219650747072e+00	2.535509e+00
1.813219650899874e+00	2.534191e+00
1.813219651205478e+00	2.531554e+00
1.813219651816686e+00	2.526311e+00
1.813219653039101e+00	2.516022e+00
1.813219655483933e+00	2.496273e+00
1.813219660373596e+00	2.459257e+00
1.813219670152922e+00	2.389679e+00
1.813219689711574e+00	2.254535e+00
1.813219728828878e+00	1.984893e+00
1.813219807063485e+00	1.445231e+00
1.813219963532700e+00	3.656171e-01
1.813220002650004e+00	9.560677e-02
1.813220012429330e+00	2.810536e-02
1.813220014874162e+00	1.123006e-02
1.813220015485369e+00	7.011235e-03
1.813220015638171e+00	5.956529e-03
1.813220015943775e+00	4.886754e-03
1.813220016554983e+00	4.865936e-03
1.813220017314521e+00	4.864031e-03
1.813220018154021e+00	4.844389e-03
1.813220019833021e+00	4.826192e-03
1.813220023191021e+00	4.771370e-03
1.813220029907023e+00	4.679083e-03
1.813220043339025e+00	4.478075e-03
1.813220070203029e+00	4.093640e-03
1.813220123931039e+00	3.312408e-03
1.813220231387057e+00	3.804542e-03
1.813220408374962e+00	3.761720e-03
1.813220633684943e+00	3.739802e-03
1.813221084304905e+00	3.715508e-03
1.813221800900292e+00	3.707348e-03
1.813222855705772e+00	3.689246e-03
1.813224789397127e+00	3.665662e-03
1.813225272819965e+00	3.657117e-03
1.813226239665642e+00	3.643594e-03
1.813226481377062e+00	3.640208e-03
1.813226964799900e+00	3.633438e-03
1.813227013113134e+00	3.633006e-03
1.813227109739601e+00	3.632508e-03
1.813227302992535e+00	3.632273e-03
1.813227491060561e+00	3.632264e-03
1.813227698041069e+00	3.632271e-03
1.813228112002086e+00	3.632263e-03
1.813228939924120e+00	3.632269e-03
1.813230595768187e+00	3.632258e-03
1.813233907456322e+00	3.632258e-03
1.813240530832592e+00	3.632237e-03
1.813253777585132e+00	3.632217e-03
1.813280271090212e+00	3.632155e-03
1.813333258100371e+00	3.632051e-03
1.813439232120690e+00	3.631823e-03
1.813651180161328e+00	3.631389e-03
1.814075076242603e+00	3.630500e-03
1.814922868405154e+00	3.628745e-03
1.816618452730255e+00	3.625222e-03
1.819548140230255e+00	3.619182e-03
1.822477827730255e+00	3.613163e-03
1.825407515230255e+00	3.607193e-03
1.828337202730255e+00	3.601243e-03
1.831266890230255e+00	3.595342e-03
1.834196577730255e+00	3.589461e-03
1.837126265230255e+00	3.583628e-03
1.840055952730255e+00	3.577815e-03
1.842985640230255e+00	3.572049e-03
1.845915327730255e+00	3.566303e-03
1.848845015230255e+00	3.560604e-03
1.851774702730255e+00	3.554923e-03
1.854704390230255e+00	3.549290e-03
1.857634077730255e+00	3.543675e-03
1.860563765230255e+00	3.538107e-03
1.863493452730255e+00	3.532557e-03
1.866423140230255e+00	3.527053e-03
1.869352827730255e+00	3.521567e-03
1.872282515230255e+00	3.516126e-03
1.875212202730255e+00	3.510703e-03
1.878141890230255e+00	3.505326e-03
1.881071577730255e+00	3.499965e-03
1.884001265230255e+00	3.494650e-03
1.886930952730255e+00	3.489351e-03
1.889860640230255e+00	3.484097e-03
1.892790327730255e+00	3.478859e-03
1.895720015230255e+00	3.473666e-03
1.898649702730255e+00	3.468488e-03
1.901579390230255e+00	3.463355e-03
1.904509077730255e+00	3.458237e-03
1.907438765230255e+00	3.453162e-03
1.910368452730255e+00	3.448104e-03
1.913298140230255e+00	3.443088e-03
1.916227827730255e+00	3.438087e-03
1.919157515230255e+00	3.433130e-03
1.922087202730255e+00	3.428187e-03
1.925016890230255e+00	3.423286e-03
1.927946577730255e+00	3.418400e-03
1.930876265230255e+00	3.413556e-03
1.933805952730255e+00	3.408727e-03
1.936735640230255e+00	3.403939e-03
1.939665327730255e+00	3.399164e-03
1.942595015230255e+00	3.394432e-03
1.945524702730255e+00	3.389712e-03
1.948454390230255e+00	3.385035e-03
1.951384077730255e+00	3.380370e-03
1.954313765230255e+00	3.375746e-03
1.957243452730255e+00	3.371134e-03
1.960173140230255e+00	3.366564e-03
1.963102827730255e+00	3.362006e-03
1.966032515230255e+00	3.357488e-03
1.968962202730255e+00	3.352982e-03
1.971891890230255e+00	3.348517e-03
1.974821577730255e+00	3.344063e-03
1.977751265230255e+00	3.339649e-03
1.980680952730255e+00	3.335247e-03
1.983610640230255e+00	3.330884e-03
1.986540327730255e+00	3.326532e-03
1.989470015230255e+00	3.322219e-03
1.992399702730255e+00	3.317918e-03
1.992400702730255e+00	3.317923e-03
1.992416702730255e+00	3.317893e-03
1.992448702730255e+00	3.317853e-03
1.992512702730255e+00	3.317753e-03
1.992640702730255e+00	3.317572e-03
1.992896702730255e+00	3.317192e-03
1.993408702730255e+00	3.316451e-03
1.994432702730255e+00	3.314952e-03
1.996480702730255e+00	3.311984e-03
1.999410390230255e+00	3.307741e-03
2.002340077730255e+00	3.303537e-03
2.005269765230255e+00	3.299344e-03
2.008199452730255e+00	3.295188e-03
2.011129140230255e+00	3.291043e-03
2.014058827730255e+00	3.286936e-03
2.016988515230255e+00	3.282838e-03
2.019918202730255e+00	3.278778e-03
2.019919202730255e+00	3.278770e-03
2.019935202730255e+00	3.278754e-03
2.019967202730255e+00	3.278703e-03
2.020031202730255e+00	3.278621e-03
2.020159202730255e+00	3.278438e-03
2.020415202730255e+00	3.278090e-03
2.020927202730255e+00	3.277376e-03
2.021951202730255e+00	3.275970e-03
2.023999202730255e+00	3.273145e-03
2.026928890230255e+00	3.269141e-03
2.029858577730255e+00	3.265146e-03
2.032788265230255e+00	3.261189e-03
2.035717952730255e+00	3.257240e-03
2.038647640230255e+00	3.253328e-03
2.041577327730255e+00	3.249425e-03
2.044507015230255e+00	3.245558e-03
2.047436702730255e+00	3.241700e-03
2.047437702730255e+00	3.241705e-03
2.047453702730255e+00	3.241678e-03
2.047485702730255e+00	3.241642e-03
2.047549702730255e+00	3.241552e-03
2.047677702730255e+00	3.241391e-03
2.047933702730255e+00	3.241049e-03
2.048445702730255e+00	3.240385e-03
2.049469702730255e+00	3.239040e-03
2.051517702730255e+00	3.236379e-03
2.054447390230255e+00	3.232574e-03
2.057377077730255e+00	3.228804e-03
2.060306765230255e+00	3.225043e-03
2.063236452730255e+00	3.221317e-03
2.066166140230255e+00	3.217599e-03
2.069095827730255e+00	3.213916e-03
2.072025515230255e+00	3.210241e-03
2.072026515230255e+00	3.210247e-03
2.072042515230255e+00	3.210220e-03
2.072074515230255e+00	3.210186e-03
2.072138515230255e+00	3.210100e-03
2.072266515230255e+00	3.209947e-03
2.072522515230255e+00	3.209621e-03
2.073034515230255e+00	3.208989e-03
2.074058515230255e+00	3.207708e-03
2.076106515230255e+00	3.205173e-03
2.079036202730255e+00	3.201549e-03
2.081965890230255e+00	3.197958e-03
2.084895577730255e+00	3.194376e-03
2.087825265230255e+00	3.190827e-03
2.090754952730255e+00	3.187286e-03
2.093684640230255e+00	3.183778e-03
2.096614327730255e+00	3.180277e-03
2.096615327730255e+00	3.180282e-03
2.096631327730255e+00	3.180257e-03
2.096663327730255e+00	3.180225e-03
2.096727327730255e+00	3.180143e-03
2.096855327730255e+00	3.179997e-03
2.097111327730255e+00	3.179686e-03
2.097623327730255e+00	3.179085e-03
2.098647327730255e+00	3.177864e-03
2.100695327730255e+00	3.175450e-03
2.103625015230255e+00	3.171998e-03
2.106554702730255e+00	3.168578e-03
2.109484390230255e+00	3.165165e-03
2.112414077730255e+00	3.161785e-03
2.115343765230255e+00	3.158412e-03
2.118273452730255e+00	3.155071e-03
2.121203140230255e+00	3.151737e-03
2.121204140230255e+00	3.151742e-03
2.121220140230255e+00	3.151717e-03
2.121252140230255e+00	3.151687e-03
2.121316140230255e+00	3.151609e-03
2.121444140230255e+00	3.151470e-03
2.121700140230255e+00	3.151174e-03
2.122212140230255e+00	3.150601e-03
2.123236140230255e+00	3.149439e-03
2.125284140230255e+00	3.147139e-03
2.128213827730255e+00	3.143850e-03
2.131143515230255e+00	3.140594e-03
2.134073202730255e+00	3.137343e-03
2.137002890230255e+00	3.134124e-03
2.139932577730255e+00	3.130910e-03
2.142862265230255e+00	3.127728e-03
2.145791952730255e+00	3.124552e-03
2.145792952730255e+00	3.124557e-03
2.145808952730255e+00	3.124534e-03
2.145840952730255e+00	3.124505e-03
2.145904952730255e+00	3.124430e-03
2.146032952730255e+00	3.124298e-03
2.146288952730255e+00	3.124016e-03
2.146800952730255e+00	3.123471e-03
2.147824952730255e+00	3.122363e-03
2.149872952730255e+00	3.120173e-03
2.152802640230255e+00	3.117041e-03
2.155732327730255e+00	3.113938e-03
2.158662015230255e+00	3.110842e-03
2.161591702730255e+00	3.107776e-03
2.164521390230255e+00	3.104715e-03
2.167451077730255e+00	3.101685e-03
2.170380765230255e+00	3.098659e-03
2.170381765230255e+00	3.098664e-03
2.170397765230255e+00	3.098642e-03
2.170429765230255e+00	3.098615e-03
2.170493765230255e+00	3.098543e-03
2.170621765230255e+00	3.098418e-03
2.170877765230255e+00	3.098149e-03
2.171389765230255e+00	3.097629e-03
2.172413765230255e+00	3.096574e-03
2.174461765230255e+00	3.094488e-03
2.177391452730255e+00	3.091505e-03
2.180321140230255e+00	3.088550e-03
2.183250827730255e+00	3.085600e-03
2.186180515230255e+00	3.082680e-03
2.189110202730255e+00	3.079765e-03
2.192039890230255e+00	3.076878e-03
2.194969577730255e+00	3.073996e-03
2.194970577730255e+00	3.074001e-03
2.194986577730255e+00	3.073980e-03
2.195018577730255e+00	3.073954e-03
2.195082577730255e+00	3.073886e-03
2.195210577730255e+00	3.073766e-03
2.195466577730255e+00	3.073510e-03
2.195978577730255e+00	3.073015e-03
2.197002577730255e+00	3.072010e-03
2.199050577730255e+00	3.070024e-03
2.201980265230255e+00	3.067181e-03
2.204909952730255e+00	3.064367e-03
2.207839640230255e+00	3.061558e-03
2.210769327730255e+00	3.058777e-03
2.213699015230255e+00	3.056000e-03
2.216628702730255e+00	3.053250e-03
2.219558390230255e+00	3.050505e-03
2.219559390230255e+00	3.050510e-03
2.219575390230255e+00	3.050489e-03
2.219607390230255e+00	3.050465e-03
2.219671390230255e+00	3.050400e-03
2.219799390230255e+00	3.050286e-03
2.220055390230255e+00	3.050042e-03
2.220567390230255e+00	3.049571e-03
2.221591390230255e+00	3.048613e-03
2.223639390230255e+00	3.046721e-03
2.226569077730255e+00	3.044014e-03
2.229498765230255e+00	3.041334e-03
2.232428452730255e+00	3.038658e-03
2.235358140230255e+00	3.036009e-03
2.238287827730255e+00	3.033363e-03
2.241217515230255e+00	3.030745e-03
2.244147202730255e+00	3.028130e-03
2.244148202730255e+00	3.028135e-03
2.244164202730255e+00	3.028115e-03
2.244196202730255e+00	3.028092e-03
2.244260202730255e+00	3.028030e-03
2.244388202730255e+00	3.027922e-03
2.244644202730255e+00	3.027689e-03
2.245156202730255e+00	3.027241e-03
2.246180202730255e+00	3.026328e-03
2.248228202730255e+00	3.024526e-03
2.251157890230255e+00	3.021947e-03
2.254087577730255e+00	3.019395e-03
2.257017265230255e+00	3.016846e-03
2.259946952730255e+00	3.014322e-03
2.262876640230255e+00	3.011803e-03
2.265806327730255e+00	3.009309e-03
2.268736015230255e+00	3.006818e-03
2.268737015230255e+00	3.006823e-03
2.268753015230255e+00	3.006804e-03
2.268785015230255e+00	3.006782e-03
2.268849015230255e+00	3.006722e-03
2.268977015230255e+00	3.006620e-03
2.269233015230255e+00	3.006398e-03
2.269745015230255e+00	3.005971e-03
2.270769015230255e+00	3.005102e-03
2.272817015230255e+00	3.003386e-03
2.275746702730255e+00	3.000929e-03
2.278676390230255e+00	2.998498e-03
2.281606077730255e+00	2.996070e-03
2.284535765230255e+00	2.993667e-03
2.287465452730255e+00	2.991266e-03
2.290395140230255e+00	2.988891e-03
2.293324827730255e+00	2.986518e-03
2.293325827730255e+00	2.986523e-03
2.293341827730255e+00	2.986505e-03
2.293373827730255e+00	2.986484e-03
2.293437827730255e+00	2.986427e-03
2.293565827730255e+00	2.986330e-03
2.293821827730255e+00	2.986118e-03
2.294333827730255e+00	2.985712e-03
2.295357827730255e+00	2.984884e-03
2.297405827730255e+00	2.983249e-03
2.300335515230255e+00	2.980909e-03
2.303265202730255e+00	2.978594e-03
2.306194890230255e+00	2.976281e-03
2.309124577730255e+00	2.973992e-03
2.312054265230255e+00	2.971706e-03
2.314983952730255e+00	2.969443e-03
2.317913640230255e+00	2.967247e-03
2.317914640230255e+00	2.967251e-03
2.317930640230255e+00	2.967234e-03
2.317962640230255e+00	2.967216e-03
2.318026640230255e+00	2.967162e-03
2.318154640230255e+00	2.967072e-03
2.318410640230255e+00	2.966875e-03
2.318922640230255e+00	2.966498e-03
2.319946640230255e+00	2.965729e-03
2.321994640230255e+00	2.964211e-03
2.324924327730255e+00	2.962037e-03
2.327854015230255e+00	2.959887e-03
2.330783702730255e+00	2.957738e-03
2.333713390230255e+00	2.955613e-03
2.336643077730255e+00	2.953489e-03
2.339572765230255e+00	2.951388e-03
2.342502452730255e+00	2.949289e-03
2.345432140230255e+00	2.947212e-03
2.345433140230255e+00	2.947206e-03
2.345449140230255e+00	2.947200e-03
2.345481140230255e+00	2.947172e-03
2.345545140230255e+00	2.947132e-03
2.345673140230255e+00	2.947036e-03
2.345929140230255e+00	2.946860e-03
2.346441140230255e+00	2.946493e-03
2.347465140230255e+00	2.945774e-03
2.349513140230255e+00	2.944327e-03
2.352442827730255e+00	2.942279e-03
2.355372515230255e+00	2.940233e-03
2.358302202730255e+00	2.938208e-03
2.361231890230255e+00	2.936185e-03
2.364161577730255e+00	2.934185e-03
2.367091265230255e+00	2.932185e-03
2.367457476167755e+00	2.931939e-03
2.368189898042755e+00	2.931443e-03
2.368373003511505e+00	2.936809e-03
2.368739214449005e+00	2.964166e-03
2.368830767183380e+00	2.977239e-03
2.369013872652130e+00	3.007545e-03
2.369059649019318e+00	3.016682e-03
2.369071093111115e+00	3.018998e-03
2.369093981294708e+00	3.023697e-03
2.369099703340607e+00	3.024895e-03
2.369111147432404e+00	3.027310e-03
2.369114008455353e+00	3.734260e-03
2.369114723711090e+00	3.932206e-03
2.369114902525025e+00	3.982355e-03
2.369114947228508e+00	3.994934e-03
2.369115036635475e+00	4.020175e-03
2.369115058987217e+00	4.026517e-03
2.369115103690701e+00	1.059990e-02
2.369115180493888e+00	3.202322e-02
2.369115294728058e+00	1.505743e-01
2.369115318603883e+00	2.061978e-01
2.369115366355532e+00	3.580713e-01
2.369115378293444e+00	4.137155e-01
2.369115381277922e+00	4.281104e-01
2.369115387246878e+00	4.579003e-01
2.369115399184790e+00	5.239097e-01
2.369115423060615e+00	6.866007e-01
2.369115423806734e+00	6.924151e-01
2.369115423993264e+00	6.938718e-01
2.369115424366324e+00	6.967912e-01
2.369115425112444e+00	7.026667e-01
2.369115425135760e+00	7.028511e-01
2.369115425182392e+00	7.032201e-01
2.369115425194050e+00	7.033123e-01
2.369115425196965e+00	7.033354e-01
2.369115425202794e+00	7.033815e-01
2.369115425214452e+00	7.034738e-01
2.369115425237768e+00	7.036585e-01
2.369115425284401e+00	7.040278e-01
2.369115425377666e+00	7.047671e-01
2.369115425564196e+00	7.062473e-01
2.369115425937256e+00	7.092052e-01
2.369115426683375e+00	7.150674e-01
2.369115428175614e+00	7.265136e-01
2.369115431160092e+00	7.483107e-01
2.369115437129048e+00	7.890447e-01
2.369115449066961e+00	8.661723e-01
2.369115472942785e+00	1.017517e+00
2.369115520694434e+00	1.320260e+00
2.369115616197733e+00	1.925936e+00
2.369115807204329e+00	3.137807e+00
2.369115812620109e+00	3.172175e+00
2.369115823451669e+00	3.240916e+00
2.369115826159559e+00	3.258101e+00
2.369115831575339e+00	3.292471e+00
2.369115831744582e+00	3.293545e+00
2.369115832083069e+00	3.295693e+00
2.369115832167690e+00	3.296230e+00
2.369115832336933e+00	3.297069e+00
2.369115832675420e+00	3.297311e+00
2.369115833352392e+00	3.297163e+00
2.369115834706337e+00	3.297310e+00
2.369115837414227e+00	3.297229e+00
2.369115842830007e+00	3.297413e+00
2.369115853661567e+00	3.297450e+00
2.369115875324687e+00	3.297847e+00
2.369115918650928e+00	3.298318e+00
2.369116005303409e+00	3.298332e+00
2.369116178608371e+00	3.298273e+00
2.369116525218294e+00	3.298413e+00
2.369117218438141e+00	3.298331e+00
2.369118319565273e+00	3.298446e+00
2.369120207980336e+00	3.298368e+00
2.369123984810463e+00	3.298516e+00
2.369131538470716e+00	3.298416e+00
2.369138492912314e+00	3.298517e+00
2.369146708518276e+00	3.298416e+00
2.369161309565132e+00	3.298517e+00
2.369182437852754e+00	3.298416e+00
2.369222543941015e+00	3.298517e+00
2.369298004312688e+00	3.298416e+00
2.369425372253294e+00	3.298517e+00
2.369670377811112e+00	3.298417e+00
2.370100124093129e+00	3.298519e+00
2.370887308978308e+00	3.298419e+00
2.372322702669571e+00	3.298523e+00
2.374901966793537e+00	3.298428e+00
2.377831654293537e+00	3.298535e+00
2.380761341793537e+00	3.298440e+00
2.383691029293537e+00	3.298547e+00
2.383692029293537e+00	3.298446e+00
2.383708029293537e+00	3.298547e+00
2.383709029293537e+00	3.298445e+00
2.383724567454392e+00	3.298547e+00
2.383725567454392e+00	3.298445e+00
2.383741567454392e+00	3.298547e+00
2.383742567454392e+00	3.298445e+00
2.383758567454392e+00	3.298547e+00
2.383789383666146e+00	3.298445e+00
2.383826931268269e+00	3.298548e+00
2.383902026472513e+00	3.298446e+00
2.384052216881004e+00	3.298548e+00
2.384352597697985e+00	3.298447e+00
2.384953359331946e+00	3.298550e+00
2.386154882599869e+00	3.298450e+00
2.388557929135714e+00	3.298557e+00
2.391487616635714e+00	3.298461e+00
2.394417304135714e+00	3.298569e+00
2.397346991635714e+00	3.298473e+00
2.400276679135714e+00	3.298580e+00
2.403206366635714e+00	3.298484e+00
2.406136054135714e+00	3.298592e+00
2.409065741635714e+00	3.298496e+00
2.411995429135714e+00	3.298603e+00
2.414925116635714e+00	3.298507e+00
2.417854804135714e+00	3.298615e+00
2.420784491635714e+00	3.298518e+00
2.423714179135714e+00	3.298625e+00
2.426643866635714e+00	3.298529e+00
2.429573554135714e+00	3.298636e+00
2.432503241635714e+00	3.298540e+00
2.435432929135714e+00	3.298647e+00
2.438362616635714e+00	3.298551e+00
2.441292304135714e+00	3.298658e+00
2.444221991635714e+00	3.298561e+00
2.447151679135714e+00	3.298669e+00
2.450081366635714e+00	3.298572e+00
2.453011054135714e+00	3.298679e+00
2.455940741635714e+00	3.298582e+00
2.458870429135714e+00	3.298689e+00
2.461800116635714e+00	3.298593e+00
2.464729804135714e+00	3.298700e+00
2.467659491635714e+00	3.298603e+00
2.470589179135714e+00	3.298710e+00
2.473518866635714e+00	3.298613e+00
2.476448554135714e+00	3.298720e+00
2.479378241635714e+00	3.298623e+00
2.482307929135714e+00	3.298730e+00
2.485237616635714e+00	3.298633e+00
2.488167304135714e+00	3.298739e+00
2.491096991635714e+00	3.298642e+00
2.494026679135714e+00	3.298749e+00
2.496956366635714e+00	3.298652e+00
2.499886054135714e+00	3.298759e+00
2.502815741635714e+00	3.298661e+00
2.505745429135714e+00	3.298768e+00
2.508675116635714e+00	3.298671e+00
2.511604804135714e+00	3.298777e+00
2.514534491635714e+00	3.298680e+00
2.517464179135714e+00	3.298786e+00
2.520393866635714e+00	3.298689e+00
2.523323554135714e+00	3.298795e+00
2.526253241635714e+00	3.298698e+00
2.529182929135714e+00	3.298805e+00
2.532112616635714e+00	3.298707e+00
2.535042304135714e+00	3.298813e+00
2.537971991635714e+00	3.298716e+00
2.540901679135714e+00	3.298822e+00
2.543831366635714e+00	3.298725e+00
2.546761054135714e+00	3.298831e+00
2.549690741635714e+00	3.298733e+00
2.552620429135714e+00	3.298839e+00
2.555550116635714e+00	3.298742e+00
2.558479804135714e+00	3.298848e+00
2.561409491635714e+00	3.298750e+00
2.564339179135714e+00	3.298856e+00
2.567268866635714e+00	3.298759e+00
2.570198554135714e+00	3.298865e+00
2.573128241635714e+00	3.298767e+00
2.576057929135714e+00	3.298873e+00
2.578987616635714e+00	3.298775e+00
2.581917304135714e+00	3.298881e+00
2.584846991635714e+00	3.298783e+00
2.587776679135714e+00	3.298889e+00
2.590706366635714e+00	3.298791e+00
2.593636054135714e+00	3.298897e+00
2.596565741635714e+00	3.298799e+00
2.599495429135714e+00	3.298905e+00
2.602425116635714e+00	3.298807e+00
2.605354804135714e+00	3.298912e+00
2.608284491635714e+00	3.298814e+00
2.611214179135714e+00	3.298920e+00
2.614143866635714e+00	3.298822e+00
2.617073554135714e+00	3.298928e+00
2.620003241635714e+00	3.298829e+00
2.622932929135714e+00	3.298935e+00
2.625862616635714e+00	3.298837e+00
2.628792304135714e+00	3.298942e+00
2.631721991635714e+00	3.298844e+00
2.634651679135714e+00	3.298950e+00
2.637581366635714e+00	3.298851e+00
2.640511054135714e+00	3.298957e+00
2.643440741635714e+00	3.298859e+00
2.646370429135714e+00	3.298964e+00
2.649300116635714e+00	3.298866e+00
2.652229804135714e+00	3.298971e+00
2.655159491635714e+00	3.298873e+00
2.658089179135714e+00	3.298978e+00
2.661018866635714e+00	3.298880e+00
2.663948554135714e+00	3.298985e+00
2.666878241635714e+00	3.298887e+00
2.669807929135714e+00	3.298992e+00
2.672737616635714e+00	3.298893e+00
2.675667304135714e+00	3.298999e+00
2.678596991635714e+00	3.298900e+00
2.681526679135714e+00	3.299005e+00
2.684456366635714e+00	3.298907e+00
2.687386054135714e+00	3.299012e+00
2.690315741635714e+00	3.298913e+00
2.693245429135714e+00	3.299018e+00
2.696175116635714e+00	3.298919e+00
2.699104804135714e+00	3.299025e+00
2.702034491635714e+00	3.298926e+00
2.704964179135714e+00	3.299031e+00
2.707893866635714e+00	3.298932e+00
2.710823554135714e+00	3.299037e+00
2.713753241635714e+00	3.298939e+00
2.716682929135714e+00	3.299043e+00
2.719612616635714e+00	3.298945e+00
2.722542304135714e+00	3.299050e+00
2.725471991635714e+00	3.298951e+00
2.728401679135714e+00	3.299056e+00
2.731331366635714e+00	3.298957e+00
2.734261054135714e+00	3.299062e+00
2.737190741635714e+00	3.298963e+00
2.740120429135714e+00	3.299067e+00
2.743050116635714e+00	3.298969e+00
2.745979804135714e+00	3.299073e+00
2.748909491635714e+00	3.298975e+00
2.751839179135714e+00	3.299079e+00
2.754768866635714e+00	3.298980e+00
2.757698554135714e+00	3.299085e+00
2.760628241635714e+00	3.298986e+00
2.763557929135714e+00	3.299091e+00
2.766487616635714e+00	3.298991e+00
2.769417304135714e+00	3.299096e+00
2.772346991635714e+00	3.298997e+00
2.775276679135714e+00	3.299102e+00
2.778206366635714e+00	3.299002e+00
2.781136054135714e+00	3.299107e+00
2.784065741635714e+00	3.299008e+00
2.786995429135714e+00	3.299113e+00
2.789925116635714e+00	3.299013e+00
2.792854804135714e+00	3.299118e+00
2.795784491635714e+00	3.299019e+00
2.798714179135714e+00	3.299123e+00
2.801643866635714e+00	3.299024e+00
2.804573554135714e+00	3.299128e+00
2.807503241635714e+00	3.299029e+00
2.810432929135714e+00	3.299134e+00
2.813362616635714e+00	3.299034e+00
2.816292304135714e+00	3.299139e+00
2.819221991635714e+00	3.299039e+00
2.822151679135714e+00	3.299144e+00
2.825081366635714e+00	3.299044e+00
2.828011054135714e+00	3.299149e+00
2.830940741635714e+00	3.299049e+00
2.833870429135714e+00	3.299154e+00
2.836800116635714e+00	3.299054e+00
2.839729804135714e+00	3.299158e+00
2.842659491635714e+00	3.299059e+00
2.845589179135714e+00	3.299163e+00
2.848518866635714e+00	3.299064e+00
2.851448554135714e+00	3.299168e+00
2.854378241635714e+00	3.299068e+00
2.857307929135714e+00	3.299173e+00
2.860237616635714e+00	3.299073e+00
2.863167304135714e+00	3.299177e+00
2.866096991635714e+00	3.299078e+00
2.869026679135714e+00	3.299182e+00
2.871956366635714e+00	3.299082e+00
2.874886054135714e+00	3.299186e+00
2.877815741635714e+00	3.299087e+00
2.880745429135714e+00	3.299191e+00
2.883675116635714e+00	3.299091e+00
2.886604804135714e+00	3.299195e+00
2.889534491635714e+00	3.299095e+00
2.892464179135714e+00	3.299199e+00
2.895393866635714e+00	3.299100e+00
2.898323554135714e+00	3.299204e+00
2.901253241635714e+00	3.299104e+00
2.904182929135714e+00	3.299208e+00
2.907112616635714e+00	3.299108e+00
2.910042304135714e+00	3.299212e+00
2.912971991635714e+00	3.299112e+00
2.915901679135714e+00	3.299216e+00
2.918831366635714e+00	3.299116e+00
2.919197577573214e+00	3.299167e+00
2.919929999448214e+00	3.299168e+00
2.921394843198214e+00	3.299169e+00
2.924324530698214e+00	3.299126e+00
2.924534550158727e+00	3.299109e+00
2.924587055023855e+00	3.299104e+00
2.924692064754111e+00	3.299093e+00
2.924718317186676e+00	3.299089e+00
2.924770822051804e+00	3.299082e+00
2.924783948268086e+00	3.299080e+00
2.924810200700650e+00	3.299076e+00
2.924816763808791e+00	3.299075e+00
2.924829890025073e+00	3.299073e+00
2.924833171579143e+00	3.299073e+00
2.924839734687284e+00	3.299072e+00
2.924852860903566e+00	3.299070e+00
2.924856142457637e+00	3.298379e+00
2.924856962846154e+00	3.298196e+00
2.924857167943284e+00	3.298149e+00
2.924857219217566e+00	3.298137e+00
2.924857321766131e+00	3.298114e+00
2.924857347403272e+00	3.298108e+00
2.924857398677554e+00	3.298096e+00
2.924857501226119e+00	3.298072e+00
2.924857526863260e+00	3.295833e+00
2.924857578137543e+00	3.287944e+00
2.924857680686107e+00	3.246173e+00
2.924857706323249e+00	3.223598e+00
2.924857757597531e+00	3.160124e+00
2.924857860146096e+00	2.773445e+00
2.924857879711036e+00	2.624307e+00
2.924857884602271e+00	2.584864e+00
2.924857885825080e+00	2.574867e+00
2.924857888270698e+00	2.554594e+00
2.924857888882102e+00	2.549421e+00
2.924857890104911e+00	2.539004e+00
2.924857890410613e+00	2.536373e+00
2.924857890420166e+00	2.536291e+00
2.924857890422555e+00	2.536270e+00
2.924857890423151e+00	2.536265e+00
2.924857890424346e+00	2.536255e+00
2.924857890426734e+00	2.536234e+00
2.924857890431511e+00	2.536193e+00
2.924857890441064e+00	2.536111e+00
2.924857890460170e+00	2.535946e+00
2.924857890498383e+00	2.535617e+00
2.924857890574808e+00	2.534959e+00
2.924857890727660e+00	2.533640e+00
2.924857891033362e+00	2.531002e+00
2.924857891644766e+00	2.525758e+00
2.924857892867575e+00	2.515465e+00
2.924857895313193e+00	2.495709e+00
2.924857900204428e+00	2.458681e+00
2.924857909986898e+00	2.389082e+00
2.924857929551839e+00	2.253895e+00
2.924857968681720e+00	1.984166e+00
2.924858046941482e+00	1.444330e+00
2.924858203461007e+00	3.643693e-01
2.924858242590888e+00	9.427208e-02
2.924858252373359e+00	2.674896e-02
2.924858254818976e+00	9.868228e-03
2.924858255430381e+00	5.648047e-03
2.924858255583232e+00	5.044297e-03
2.924858255888934e+00	4.785431e-03
2.924858256500338e+00	4.937041e-03
2.924858257114164e+00	4.806969e-03
2.924858258341816e+00	4.886445e-03
2.924858260477703e+00	4.768177e-03
2.924858263944400e+00	4.799197e-03
2.924858270877793e+00	4.619549e-03
2.924858284744578e+00	4.494911e-03
2.924858312478148e+00	4.016083e-03
2.924858367945290e+00	3.291568e-03
2.924858478879572e+00	3.763442e-03
2.924858700748138e+00	3.792024e-03
2.924859144485269e+00	3.684475e-03
2.924859739255491e+00	3.746585e-03
2.924860553255530e+00	3.661622e-03
2.924861933927537e+00	3.715959e-03
2.924864695271550e+00	3.603603e-03
2.924865385607554e+00	3.632920e-03
2.924866766279561e+00	3.631562e-03
2.924869229116269e+00	3.632640e-03
2.924871579567802e+00	3.631710e-03
2.924875021049473e+00	3.632509e-03
2.924880825048971e+00	3.631759e-03
2.924890574941837e+00	3.632440e-03
2.924910074727568e+00	3.631718e-03
2.924949074299031e+00	3.632308e-03
2.925027073441957e+00	3.631479e-03
2.925183071727810e+00	3.631818e-03
2.925495068299515e+00	3.630506e-03
2.926119061442924e+00	3.629870e-03
2.927367047729743e+00	3.626618e-03
2.929863020303380e+00	3.622117e-03
2.932792707803380e+00	3.615428e-03
2.935722395303380e+00	3.610098e-03
2.938652082803380e+00	3.603479e-03
2.941581770303380e+00	3.598217e-03
2.944511457803380e+00	3.591667e-03
2.947441145303380e+00	3.586473e-03
2.950370832803380e+00	3.579992e-03
2.953300520303380e+00	3.574865e-03
2.956230207803380e+00	3.568451e-03
2.959159895303380e+00	3.563391e-03
2.962089582803380e+00	3.557043e-03
2.965019270303380e+00	3.552049e-03
2.967948957803380e+00	3.545767e-03
2.970878645303380e+00	3.540838e-03
2.973808332803380e+00	3.534621e-03
2.976738020303380e+00	3.529756e-03
2.979667707803380e+00	3.523603e-03
2.982597395303380e+00	3.518802e-03
2.985527082803380e+00	3.512712e-03
2.988456770303380e+00	3.507974e-03
2.991386457803380e+00	3.501948e-03
2.994316145303380e+00	3.497271e-03
2.997245832803380e+00	3.491307e-03
3.000175520303380e+00	3.486692e-03
Step Information: Run=8  (Step: 9/9)
0.000000000000000e+00	1.558742e-06
1.867297155739665e-15	2.515584e-06
4.944373095832172e-15	4.042873e-06
8.188566491083603e-15	5.554077e-06
1.467695328158647e-14	8.323211e-06
2.765372686259220e-14	1.297649e-05
5.360727402460365e-14	1.961284e-05
1.055143683486266e-13	2.664590e-05
2.093285569966724e-13	3.127232e-05
4.169569342927641e-13	3.414734e-05
8.322136888849473e-13	3.980637e-05
1.662727198069314e-12	5.098217e-05
3.323754216438047e-12	7.266088e-05
6.645808253175514e-12	1.135497e-04
1.328991632665045e-11	1.862916e-04
2.525344626352215e-11	2.918735e-04
4.918050613726556e-11	4.331443e-04
9.703462588475238e-11	5.648231e-04
9.721394110252699e-11	5.650086e-04
9.757257153807620e-11	5.654342e-04
9.828983240917462e-11	5.663169e-04
9.972435415137147e-11	5.680163e-04
1.025933976357652e-10	5.712894e-04
1.083314846045525e-10	5.772702e-04
1.198076585421273e-10	5.874044e-04
1.427600064172768e-10	6.022763e-04
1.886647021675758e-10	6.201412e-04
2.804740936681738e-10	6.395940e-04
4.584992185457019e-10	6.686561e-04
7.579092059346826e-10	7.181466e-04
1.356729180712644e-09	8.168142e-04
1.907331658493136e-09	9.076590e-04
3.008536614054119e-09	1.089200e-03
5.210946525176087e-09	1.452400e-03
9.459285427273042e-09	1.829551e-03
1.783553046535995e-08	2.517002e-03
2.805983249035101e-08	3.363653e-03
2.837934192863198e-08	3.388580e-03
2.901836080519392e-08	3.441116e-03
2.917811552433441e-08	3.454374e-03
2.949762496261538e-08	3.480756e-03
2.957750232218562e-08	3.487340e-03
2.973725704132611e-08	3.500834e-03
3.005676647960708e-08	3.530148e-03
3.069578535616902e-08	3.595772e-03
3.197382310929290e-08	3.741118e-03
3.452989861554067e-08	4.054627e-03
3.964204962803620e-08	4.713192e-03
4.986635165302726e-08	6.139489e-03
7.031495570300938e-08	9.501340e-03
7.542710671550492e-08	1.048549e-02
8.565140874049598e-08	1.256827e-02
1.061000127904781e-07	1.609442e-02
1.469972208904423e-07	2.284873e-02
2.287916370903708e-07	3.639929e-02
3.007019131230812e-07	4.835310e-02
3.793985161450288e-07	6.150485e-02
4.592436649626693e-07	7.492102e-02
5.523102556731349e-07	9.067398e-02
7.384434370940661e-07	1.213691e-01
7.784982730203988e-07	1.279763e-01
8.586079448730644e-07	1.411885e-01
8.786353628362307e-07	1.444916e-01
9.186901987625635e-07	1.510978e-01
9.287039077441468e-07	1.527493e-01
9.312073349895425e-07	1.531622e-01
9.318331918008915e-07	1.532654e-01
9.319896560037287e-07	1.532913e-01
9.323025844094032e-07	1.533429e-01
9.323808165108219e-07	1.533558e-01
9.325372807136590e-07	1.533816e-01
9.328502091193335e-07	1.534332e-01
9.334760659306825e-07	1.535364e-01
9.347277795533804e-07	1.537428e-01
9.372312067987762e-07	1.541557e-01
9.422380612895678e-07	1.549815e-01
9.522517702711510e-07	1.566331e-01
9.722791882343174e-07	1.599362e-01
1.012334024160650e-06	1.665424e-01
1.092443696013316e-06	1.797548e-01
1.252663039718647e-06	2.061798e-01
1.573101727129309e-06	2.590298e-01
2.213979101950633e-06	3.647301e-01
3.213979101950633e-06	5.296610e-01
4.213979101950634e-06	6.945919e-01
6.213979101950634e-06	1.024454e+00
7.213979101950634e-06	1.189385e+00
1.021397910195063e-05	1.684172e+00
1.121397910195063e-05	1.849093e+00
1.621397910195063e-05	2.673692e+00
1.721397910195063e-05	2.838613e+00
1.999999999699662e-05	3.298083e+00
2.040453053143799e-05	3.298094e+00
2.121359160032073e-05	3.298099e+00
2.283171373808620e-05	3.298099e+00
2.474941098445159e-05	3.298099e+00
2.858480547718236e-05	3.298099e+00
3.625559446264392e-05	3.298099e+00
5.159717243356703e-05	3.298099e+00
8.228032837541324e-05	3.298099e+00
1.436466402591057e-04	3.298099e+00
2.663792640264905e-04	3.298100e+00
5.118445115612603e-04	3.298100e+00
1.002775006630800e-03	3.298102e+00
1.984635996769879e-03	3.298105e+00
3.948357977048036e-03	3.298111e+00
6.878045477048036e-03	3.298120e+00
9.807732977048038e-03	3.298129e+00
1.273742047704804e-02	3.298138e+00
1.566710797704804e-02	3.298147e+00
1.859679547704804e-02	3.298156e+00
2.152648297704804e-02	3.298165e+00
2.445617047704804e-02	3.298173e+00
2.738585797704804e-02	3.298182e+00
3.031554547704804e-02	3.298191e+00
3.324523297704803e-02	3.298199e+00
3.617492047704803e-02	3.298208e+00
3.910460797704803e-02	3.298216e+00
4.203429547704803e-02	3.298225e+00
4.496398297704803e-02	3.298233e+00
4.789367047704803e-02	3.298241e+00
5.082335797704803e-02	3.298250e+00
5.375304547704803e-02	3.298258e+00
5.668273297704803e-02	3.298266e+00
5.961242047704803e-02	3.298274e+00
6.254210797704804e-02	3.298282e+00
6.547179547704804e-02	3.298290e+00
6.840148297704804e-02	3.298298e+00
7.133117047704804e-02	3.298306e+00
7.426085797704804e-02	3.298314e+00
7.719054547704804e-02	3.298321e+00
8.012023297704804e-02	3.298329e+00
8.304992047704804e-02	3.298337e+00
8.597960797704804e-02	3.298344e+00
8.890929547704804e-02	3.298352e+00
9.183898297704804e-02	3.298360e+00
9.476867047704804e-02	3.298367e+00
9.769835797704804e-02	3.298374e+00
1.006280454770480e-01	3.298382e+00
1.035577329770480e-01	3.298389e+00
1.064874204770480e-01	3.298396e+00
1.094171079770480e-01	3.298404e+00
1.123467954770480e-01	3.298411e+00
1.152764829770480e-01	3.298418e+00
1.182061704770480e-01	3.298425e+00
1.211358579770480e-01	3.298432e+00
1.240655454770480e-01	3.298439e+00
1.269952329770480e-01	3.298446e+00
1.299249204770480e-01	3.298453e+00
1.328546079770480e-01	3.298460e+00
1.357842954770480e-01	3.298467e+00
1.387139829770480e-01	3.298474e+00
1.416436704770480e-01	3.298480e+00
1.445733579770480e-01	3.298487e+00
1.475030454770480e-01	3.298494e+00
1.504327329770480e-01	3.298500e+00
1.533624204770480e-01	3.298507e+00
1.562921079770480e-01	3.298513e+00
1.592217954770480e-01	3.298520e+00
1.621514829770480e-01	3.298527e+00
1.650811704770480e-01	3.298533e+00
1.680108579770480e-01	3.298539e+00
1.709405454770480e-01	3.298546e+00
1.738702329770480e-01	3.298552e+00
1.767999204770480e-01	3.298558e+00
1.797296079770480e-01	3.298564e+00
1.826592954770480e-01	3.298570e+00
1.855889829770480e-01	3.298577e+00
1.885186704770480e-01	3.298583e+00
1.914483579770480e-01	3.298589e+00
1.943780454770480e-01	3.298595e+00
1.973077329770480e-01	3.298601e+00
2.002374204770480e-01	3.298607e+00
2.031671079770480e-01	3.298613e+00
2.060967954770480e-01	3.298618e+00
2.090264829770480e-01	3.298624e+00
2.119561704770480e-01	3.298630e+00
2.148858579770480e-01	3.298636e+00
2.178155454770480e-01	3.298641e+00
2.207452329770480e-01	3.298647e+00
2.236749204770480e-01	3.298653e+00
2.266046079770480e-01	3.298658e+00
2.295342954770480e-01	3.298664e+00
2.324639829770480e-01	3.298669e+00
2.353936704770480e-01	3.298675e+00
2.383233579770480e-01	3.298680e+00
2.412530454770480e-01	3.298686e+00
2.441827329770480e-01	3.298691e+00
2.471124204770480e-01	3.298697e+00
2.500421079770481e-01	3.298702e+00
2.529717954770481e-01	3.298707e+00
2.559014829770481e-01	3.298712e+00
2.588311704770481e-01	3.298717e+00
2.617608579770481e-01	3.298723e+00
2.646905454770481e-01	3.298728e+00
2.676202329770481e-01	3.298733e+00
2.705499204770481e-01	3.298738e+00
2.734796079770481e-01	3.298743e+00
2.764092954770481e-01	3.298748e+00
2.793389829770481e-01	3.298753e+00
2.822686704770481e-01	3.298758e+00
2.851983579770481e-01	3.298763e+00
2.881280454770481e-01	3.298768e+00
2.910577329770481e-01	3.298773e+00
2.939874204770481e-01	3.298778e+00
2.969171079770481e-01	3.298782e+00
2.998467954770481e-01	3.298787e+00
3.027764829770481e-01	3.298792e+00
3.057061704770481e-01	3.298797e+00
3.086358579770481e-01	3.298801e+00
3.115655454770481e-01	3.298806e+00
3.144952329770481e-01	3.298810e+00
3.174249204770481e-01	3.298815e+00
3.203546079770481e-01	3.298820e+00
3.232842954770481e-01	3.298824e+00
3.262139829770481e-01	3.298829e+00
3.291436704770481e-01	3.298833e+00
3.320733579770481e-01	3.298838e+00
3.350030454770481e-01	3.298842e+00
3.379327329770481e-01	3.298846e+00
3.408624204770481e-01	3.298851e+00
3.437921079770481e-01	3.298855e+00
3.467217954770481e-01	3.298859e+00
3.496514829770481e-01	3.298864e+00
3.525811704770481e-01	3.298868e+00
3.555108579770481e-01	3.298872e+00
3.584405454770481e-01	3.298876e+00
3.613702329770481e-01	3.298880e+00
3.642999204770481e-01	3.298885e+00
3.672296079770481e-01	3.298889e+00
3.701592954770481e-01	3.298893e+00
3.730889829770481e-01	3.298897e+00
3.760186704770481e-01	3.298901e+00
3.789483579770481e-01	3.298905e+00
3.818780454770481e-01	3.298909e+00
3.848077329770481e-01	3.298913e+00
3.877374204770481e-01	3.298917e+00
3.906671079770481e-01	3.298921e+00
3.935967954770481e-01	3.298924e+00
3.965264829770481e-01	3.298928e+00
3.994561704770481e-01	3.298932e+00
4.023858579770481e-01	3.298936e+00
4.053155454770481e-01	3.298940e+00
4.082452329770481e-01	3.298944e+00
4.111749204770481e-01	3.298947e+00
4.141046079770481e-01	3.298951e+00
4.170342954770481e-01	3.298954e+00
4.199639829770481e-01	3.298958e+00
4.228936704770481e-01	3.298962e+00
4.258233579770481e-01	3.298965e+00
4.287530454770481e-01	3.298969e+00
4.316827329770481e-01	3.298973e+00
4.346124204770481e-01	3.298976e+00
4.375421079770481e-01	3.298980e+00
4.404717954770481e-01	3.298983e+00
4.434014829770481e-01	3.298987e+00
4.463311704770481e-01	3.298990e+00
4.492608579770481e-01	3.298994e+00
4.521905454770481e-01	3.298997e+00
4.551202329770481e-01	3.299001e+00
4.580499204770481e-01	3.299004e+00
4.609796079770481e-01	3.299007e+00
4.639092954770481e-01	3.299011e+00
4.668389829770481e-01	3.299014e+00
4.697686704770481e-01	3.299017e+00
4.726983579770481e-01	3.299020e+00
4.756280454770481e-01	3.299023e+00
4.785577329770481e-01	3.299027e+00
4.814874204770481e-01	3.299030e+00
4.844171079770481e-01	3.299033e+00
4.873467954770481e-01	3.299036e+00
4.902764829770481e-01	3.299039e+00
4.932061704770481e-01	3.299042e+00
4.961358579770481e-01	3.299046e+00
4.990655454770481e-01	3.299049e+00
5.019952329770481e-01	3.299052e+00
5.049249204770481e-01	3.299055e+00
5.078546079770481e-01	3.299058e+00
5.107842954770481e-01	3.299061e+00
5.137139829770481e-01	3.299064e+00
5.166436704770481e-01	3.299067e+00
5.195733579770481e-01	3.299070e+00
5.225030454770481e-01	3.299073e+00
5.254327329770481e-01	3.299075e+00
5.283624204770481e-01	3.299078e+00
5.312921079770481e-01	3.299081e+00
5.342217954770481e-01	3.299084e+00
5.371514829770481e-01	3.299087e+00
5.400811704770481e-01	3.299090e+00
5.430108579770481e-01	3.299093e+00
5.459405454770481e-01	3.299095e+00
5.488702329770481e-01	3.299098e+00
5.517999204770481e-01	3.299101e+00
5.547296079770481e-01	3.299103e+00
5.576592954770481e-01	3.299106e+00
5.605889829770481e-01	3.299109e+00
5.635186704770481e-01	3.299112e+00
5.664483579770481e-01	3.299114e+00
5.693780454770481e-01	3.299117e+00
5.723077329770481e-01	3.299119e+00
5.752374204770481e-01	3.299122e+00
5.781671079770481e-01	3.299125e+00
5.810967954770481e-01	3.299127e+00
5.840264829770481e-01	3.299130e+00
5.869561704770481e-01	3.299132e+00
5.898858579770481e-01	3.299135e+00
5.928155454770481e-01	3.299137e+00
5.957452329770481e-01	3.299139e+00
5.986749204770481e-01	3.299142e+00
6.016046079770481e-01	3.299144e+00
6.045342954770481e-01	3.299147e+00
6.074639829770481e-01	3.299149e+00
6.103936704770481e-01	3.299151e+00
6.133233579770481e-01	3.299154e+00
6.162530454770481e-01	3.299156e+00
6.191827329770481e-01	3.299158e+00
6.221124204770481e-01	3.299161e+00
6.250421079770481e-01	3.299163e+00
6.279717954770481e-01	3.299165e+00
6.309014829770481e-01	3.299167e+00
6.311099467274278e-01	3.299138e+00
6.311620626650227e-01	3.299130e+00
6.312662945402125e-01	3.299113e+00
6.314747582905923e-01	3.299068e+00
6.314812727827916e-01	3.299067e+00
6.314829014058415e-01	3.299067e+00
6.314861586519412e-01	3.298335e+00
6.314869729634661e-01	3.298081e+00
6.314869984107012e-01	3.298073e+00
6.314870493051716e-01	3.292569e+00
6.314871510941122e-01	3.255271e+00
6.314871765413473e-01	3.235892e+00
6.314872274358176e-01	3.181691e+00
6.314873292247583e-01	2.855951e+00
6.314873316848573e-01	2.843225e+00
6.314873366050551e-01	2.817053e+00
6.314873378351046e-01	2.810236e+00
6.314873402952035e-01	2.796410e+00
6.314873452154014e-01	2.767572e+00
6.314873550557972e-01	2.704827e+00
6.314873747365888e-01	2.555961e+00
6.314873753516135e-01	2.550759e+00
6.314873765816630e-01	2.540284e+00
6.314873768891753e-01	2.537638e+00
6.314873768987851e-01	2.537555e+00
6.314873769180046e-01	2.537390e+00
6.314873769564436e-01	2.537059e+00
6.314873770333218e-01	2.536397e+00
6.314873771870779e-01	2.535071e+00
6.314873774945903e-01	2.532417e+00
6.314873781096151e-01	2.527140e+00
6.314873793396645e-01	2.516782e+00
6.314873817997635e-01	2.496904e+00
6.314873867199614e-01	2.459663e+00
6.314873965603571e-01	2.389676e+00
6.314874162411487e-01	2.253714e+00
6.314874556027319e-01	1.982414e+00
6.314875343258981e-01	1.439440e+00
6.314876917722306e-01	3.531964e-01
6.314877311338138e-01	8.152816e-02
6.314877409742096e-01	1.361230e-02
6.314877412817219e-01	1.148993e-02
6.314877418967467e-01	7.245198e-03
6.314877420505028e-01	6.184014e-03
6.314877423580153e-01	4.941585e-03
6.314877429730400e-01	4.843886e-03
6.314877437207012e-01	4.901462e-03
6.314877445358593e-01	4.834700e-03
6.314877461661754e-01	4.857544e-03
6.314877494268079e-01	4.766923e-03
6.314877559480727e-01	4.713233e-03
6.314877689906023e-01	4.482818e-03
6.314877950756617e-01	4.144342e-03
6.314878472457802e-01	3.350857e-03
6.314879515860174e-01	3.833391e-03
6.314881602664918e-01	3.751697e-03
6.314885776274405e-01	3.752389e-03
6.314891714553468e-01	3.703052e-03
6.314899443846130e-01	3.728699e-03
6.314912583656036e-01	3.674008e-03
6.314938863275849e-01	3.673466e-03
6.314945433180802e-01	3.646144e-03
6.314947075657040e-01	3.643872e-03
6.314950360609517e-01	3.642637e-03
6.314954828532281e-01	3.643012e-03
6.314958955304593e-01	3.642847e-03
6.314965454291573e-01	3.642930e-03
6.314978452265535e-01	3.642864e-03
6.315004448213459e-01	3.642914e-03
6.315056440109308e-01	3.642849e-03
6.315160423901005e-01	3.642876e-03
6.315368391484399e-01	3.642777e-03
6.315784326651188e-01	3.642730e-03
6.316616196984766e-01	3.642485e-03
6.318279937651921e-01	3.642146e-03
6.321607418986229e-01	3.641319e-03
6.328262381654847e-01	3.639816e-03
6.341572306992083e-01	3.636667e-03
6.368192157666555e-01	3.630546e-03
6.397489032666555e-01	3.623746e-03
6.426785907666555e-01	3.617090e-03
6.456082782666555e-01	3.610376e-03
6.485379657666555e-01	3.603806e-03
6.514676532666555e-01	3.597177e-03
6.543973407666555e-01	3.590691e-03
6.573270282666555e-01	3.584148e-03
6.602567157666555e-01	3.577745e-03
6.631864032666555e-01	3.571285e-03
6.661160907666555e-01	3.564965e-03
6.690457782666555e-01	3.558586e-03
6.719754657666555e-01	3.552348e-03
6.749051532666555e-01	3.546051e-03
6.778348407666555e-01	3.539893e-03
6.807645282666555e-01	3.533675e-03
6.836942157666555e-01	3.527597e-03
6.866239032666555e-01	3.521459e-03
6.895535907666555e-01	3.515459e-03
6.924832782666555e-01	3.509398e-03
6.954129657666555e-01	3.503476e-03
6.983426532666555e-01	3.497492e-03
7.012723407666555e-01	3.491647e-03
7.042020282666555e-01	3.485739e-03
7.071317157666555e-01	3.479969e-03
7.100614032666555e-01	3.474136e-03
7.129910907666555e-01	3.468440e-03
7.159207782666555e-01	3.462682e-03
7.188504657666555e-01	3.457059e-03
7.217801532666555e-01	3.451374e-03
7.247098407666555e-01	3.445824e-03
7.276395282666555e-01	3.440211e-03
7.305692157666555e-01	3.434733e-03
7.334989032666555e-01	3.429191e-03
7.364285907666555e-01	3.423783e-03
7.393582782666555e-01	3.418312e-03
7.422879657666555e-01	3.412975e-03
7.452176532666555e-01	3.407572e-03
7.481473407666555e-01	3.402304e-03
7.510770282666555e-01	3.396970e-03
7.540067157666555e-01	3.391770e-03
7.569364032666555e-01	3.386504e-03
7.598660907666555e-01	3.381370e-03
7.627957782666555e-01	3.376171e-03
7.657254657666555e-01	3.371104e-03
7.686551532666555e-01	3.365971e-03
7.715848407666555e-01	3.360970e-03
7.745145282666555e-01	3.355901e-03
7.774442157666555e-01	3.350965e-03
7.803739032666555e-01	3.345961e-03
7.833035907666555e-01	3.341088e-03
7.862332782666555e-01	3.336147e-03
7.891629657666555e-01	3.331338e-03
7.920926532666555e-01	3.326460e-03
7.950223407666555e-01	3.321712e-03
7.979520282666555e-01	3.316896e-03
8.008817157666555e-01	3.312210e-03
8.038114032666555e-01	3.307455e-03
8.067410907666555e-01	3.302830e-03
8.096707782666555e-01	3.298135e-03
8.126004657666555e-01	3.293569e-03
8.155301532666555e-01	3.288934e-03
8.184598407666555e-01	3.284427e-03
8.213895282666555e-01	3.279851e-03
8.243192157666555e-01	3.275403e-03
8.272489032666555e-01	3.270884e-03
8.301785907666555e-01	3.266493e-03
8.331082782666555e-01	3.262032e-03
8.360379657666555e-01	3.257698e-03
8.389676532666555e-01	3.253293e-03
8.418973407666555e-01	3.249015e-03
8.448270282666555e-01	3.244666e-03
8.477567157666555e-01	3.240444e-03
8.506864032666555e-01	3.236150e-03
8.536160907666555e-01	3.231982e-03
8.565457782666555e-01	3.227743e-03
8.594754657666555e-01	3.223629e-03
8.624051532666555e-01	3.219443e-03
8.653348407666555e-01	3.215383e-03
8.682645282666555e-01	3.211250e-03
8.711942157666555e-01	3.207242e-03
8.741239032666555e-01	3.203161e-03
8.770535907666555e-01	3.199205e-03
8.799832782666555e-01	3.195176e-03
8.829129657666555e-01	3.191272e-03
8.858426532666555e-01	3.187293e-03
8.887723407666555e-01	3.183440e-03
8.917020282666555e-01	3.179512e-03
8.946317157666555e-01	3.175708e-03
8.975614032666555e-01	3.171830e-03
9.004910907666555e-01	3.168075e-03
9.034207782666555e-01	3.164246e-03
9.063504657666555e-01	3.160540e-03
9.092801532666555e-01	3.156759e-03
9.122098407666555e-01	3.153101e-03
9.151395282666555e-01	3.149368e-03
9.180692157666555e-01	3.145758e-03
9.209989032666555e-01	3.142072e-03
9.239285907666555e-01	3.138509e-03
9.268582782666555e-01	3.134869e-03
9.297879657666555e-01	3.131352e-03
9.327176532666555e-01	3.127759e-03
9.356473407666555e-01	3.124287e-03
9.385770282666555e-01	3.120739e-03
9.415067157666555e-01	3.117313e-03
9.444364032666555e-01	3.113810e-03
9.473660907666555e-01	3.110428e-03
9.502957782666555e-01	3.106969e-03
9.532254657666555e-01	3.103631e-03
9.561551532666555e-01	3.100215e-03
9.590848407666555e-01	3.096921e-03
9.620145282666555e-01	3.093548e-03
9.649442157666555e-01	3.090297e-03
9.678739032666555e-01	3.086967e-03
9.708035907666555e-01	3.083758e-03
9.737332782666555e-01	3.080470e-03
9.766629657666555e-01	3.077302e-03
9.795926532666555e-01	3.074056e-03
9.825223407666555e-01	3.070929e-03
9.854520282666555e-01	3.067724e-03
9.883817157666555e-01	3.064638e-03
9.913114032666555e-01	3.061473e-03
9.942410907666555e-01	3.058427e-03
9.971707782666555e-01	3.055302e-03
1.000100465766655e+00	3.052296e-03
1.003030153266655e+00	3.049210e-03
1.005959840766655e+00	3.046243e-03
1.008889528266655e+00	3.043197e-03
1.011819215766655e+00	3.040268e-03
1.014748903266655e+00	3.037260e-03
1.017678590766655e+00	3.034370e-03
1.020608278266655e+00	3.031399e-03
1.023537965766655e+00	3.028546e-03
1.026467653266655e+00	3.025613e-03
1.029397340766655e+00	3.022798e-03
1.032327028266655e+00	3.019902e-03
1.035256715766655e+00	3.017123e-03
1.038186403266655e+00	3.014263e-03
1.041116090766655e+00	3.011520e-03
1.044045778266655e+00	3.008697e-03
1.046975465766655e+00	3.005990e-03
1.049905153266655e+00	3.003202e-03
1.052834840766655e+00	3.000530e-03
1.055764528266655e+00	2.997777e-03
1.058694215766655e+00	2.995140e-03
1.061623903266655e+00	2.992422e-03
1.064553590766655e+00	2.989820e-03
1.067483278266655e+00	2.987135e-03
1.070412965766655e+00	2.984567e-03
1.073342653266655e+00	2.981916e-03
1.076272340766655e+00	2.979381e-03
1.079202028266655e+00	2.976764e-03
1.082131715766655e+00	2.974262e-03
1.085061403266655e+00	2.971726e-03
1.087991090766655e+00	2.969319e-03
1.087992090766655e+00	2.969272e-03
1.088008090766655e+00	2.969300e-03
1.088040090766655e+00	2.969232e-03
1.088104090766655e+00	2.969220e-03
1.088232090766655e+00	2.969072e-03
1.088488090766655e+00	2.968899e-03
1.089000090766655e+00	2.968431e-03
1.090024090766655e+00	2.967619e-03
1.092072090766655e+00	2.965877e-03
1.095001778266655e+00	2.963500e-03
1.097931465766655e+00	2.961055e-03
1.100861153266655e+00	2.958708e-03
1.103790840766655e+00	2.956294e-03
1.106720528266655e+00	2.953978e-03
1.109650215766655e+00	2.951595e-03
1.112579903266655e+00	2.949309e-03
1.115509590766655e+00	2.946955e-03
1.118439278266655e+00	2.944699e-03
1.121368965766655e+00	2.942375e-03
1.124298653266655e+00	2.940149e-03
1.127228340766655e+00	2.937854e-03
1.130158028266655e+00	2.982596e-03
1.130159028266655e+00	2.982297e-03
1.130175028266655e+00	2.978147e-03
1.130207028266655e+00	2.969954e-03
1.130271028266655e+00	2.954517e-03
1.130399028266655e+00	2.935457e-03
1.130655028266655e+00	2.935254e-03
1.131009888356594e+00	2.941065e-03
1.131384613168455e+00	2.949376e-03
1.131478294371421e+00	2.958675e-03
1.131665656777351e+00	2.982145e-03
1.131712497378834e+00	2.989826e-03
1.131806178581799e+00	3.006396e-03
1.131829598882541e+00	3.010993e-03
1.131876439484023e+00	3.020487e-03
1.131888149634394e+00	3.022974e-03
1.131911569935135e+00	3.028024e-03
1.131917425010321e+00	3.029315e-03
1.131918888779117e+00	3.029638e-03
1.131921816316710e+00	3.030286e-03
1.131927671391895e+00	3.988850e-03
1.131927694263282e+00	3.995500e-03
1.131927740006057e+00	4.008820e-03
1.131927831491607e+00	7.965322e-03
1.131927960794497e+00	7.249478e-02
1.131927984223828e+00	9.886486e-02
1.131928031082489e+00	1.702270e-01
1.131928042797154e+00	1.961740e-01
1.131928066226485e+00	2.559498e-01
1.131928113085146e+00	4.397139e-01
1.131928124799812e+00	5.065713e-01
1.131928148229142e+00	6.605440e-01
1.131928148961309e+00	6.660338e-01
1.131928150425642e+00	6.771043e-01
1.131928153354308e+00	6.997997e-01
1.131928153445829e+00	7.005212e-01
1.131928153628871e+00	7.019659e-01
1.131928153674631e+00	7.023277e-01
1.131928153766152e+00	7.030515e-01
1.131928153769012e+00	7.030742e-01
1.131928153774732e+00	7.031194e-01
1.131928153776162e+00	7.031307e-01
1.131928153779022e+00	7.031534e-01
1.131928153784742e+00	7.031987e-01
1.131928153796182e+00	7.032892e-01
1.131928153819062e+00	7.034703e-01
1.131928153864823e+00	7.038327e-01
1.131928153956344e+00	7.045581e-01
1.131928154139385e+00	7.060103e-01
1.131928154505469e+00	7.089128e-01
1.131928155237635e+00	7.146666e-01
1.131928156701968e+00	7.259072e-01
1.131928159630635e+00	7.473289e-01
1.131928165487967e+00	7.873688e-01
1.131928177202633e+00	8.631234e-01
1.131928200631963e+00	1.011640e+00
1.131928247490625e+00	1.308680e+00
1.131928341207947e+00	1.902965e+00
1.131928528642592e+00	3.092027e+00
1.131928534107236e+00	3.126702e+00
1.131928545036525e+00	3.196055e+00
1.131928547768847e+00	3.213393e+00
1.131928553233491e+00	3.248070e+00
1.131928554599652e+00	3.256739e+00
1.131928557331974e+00	3.274077e+00
1.131928558015055e+00	3.278412e+00
1.131928559381216e+00	3.287081e+00
1.131928559722756e+00	3.289248e+00
1.131928560405836e+00	3.293583e+00
1.131928560576607e+00	3.294667e+00
1.131928560918147e+00	3.296834e+00
1.131928561003532e+00	3.297084e+00
1.131928561174302e+00	3.297250e+00
1.131928561515842e+00	3.297190e+00
1.131928562198923e+00	3.297242e+00
1.131928563565084e+00	3.297225e+00
1.131928566297406e+00	3.297294e+00
1.131928571762050e+00	3.297337e+00
1.131928582691338e+00	3.297513e+00
1.131928604549915e+00	3.297776e+00
1.131928648267068e+00	3.298388e+00
1.131928735701374e+00	3.298258e+00
1.131928910569986e+00	3.298327e+00
1.131929260307210e+00	3.298339e+00
1.131929959781659e+00	3.298385e+00
1.131931065671053e+00	3.298371e+00
1.131932974540156e+00	3.298423e+00
1.131936792278361e+00	3.298441e+00
1.131944427754772e+00	3.298470e+00
1.131951668466264e+00	3.298442e+00
1.131959922576270e+00	3.298470e+00
1.131975010964875e+00	3.298442e+00
1.131996849392974e+00	3.298470e+00
1.132038320105679e+00	3.298442e+00
1.132117850062599e+00	3.298470e+00
1.132251805700755e+00	3.298442e+00
1.132512768033720e+00	3.298471e+00
1.132973250228954e+00	3.298444e+00
1.133822133962080e+00	3.298474e+00
1.135384087304608e+00	3.298450e+00
1.138207218228446e+00	3.298484e+00
1.141136905728446e+00	3.298463e+00
1.144066593228446e+00	3.298498e+00
1.146996280728446e+00	3.298476e+00
1.146997280728446e+00	3.298504e+00
1.147013280728446e+00	3.298477e+00
1.147014280728446e+00	3.298504e+00
1.147029787317888e+00	3.298477e+00
1.147030787317888e+00	3.298504e+00
1.147046787317888e+00	3.298477e+00
1.147047787317888e+00	3.298504e+00
1.147063787317888e+00	3.298477e+00
1.147095194075436e+00	3.298504e+00
1.147133342140936e+00	3.298477e+00
1.147209638271935e+00	3.298504e+00
1.147362230533934e+00	3.298478e+00
1.147667415057931e+00	3.298505e+00
1.148277784105926e+00	3.298480e+00
1.149498522201916e+00	3.298509e+00
1.151939998393895e+00	3.298488e+00
1.154869685893895e+00	3.298522e+00
1.157799373393895e+00	3.298501e+00
1.160729060893895e+00	3.298535e+00
1.163658748393895e+00	3.298514e+00
1.166588435893895e+00	3.298547e+00
1.169518123393895e+00	3.298527e+00
1.172447810893895e+00	3.298560e+00
1.175377498393895e+00	3.298540e+00
1.178307185893895e+00	3.298573e+00
1.181236873393895e+00	3.298552e+00
1.184166560893895e+00	3.298585e+00
1.187096248393895e+00	3.298564e+00
1.190025935893895e+00	3.298597e+00
1.192955623393895e+00	3.298576e+00
1.195885310893895e+00	3.298609e+00
1.198814998393895e+00	3.298589e+00
1.201744685893895e+00	3.298621e+00
1.204674373393895e+00	3.298600e+00
1.207604060893895e+00	3.298633e+00
1.210533748393895e+00	3.298612e+00
1.213463435893895e+00	3.298644e+00
1.216393123393895e+00	3.298623e+00
1.219322810893895e+00	3.298656e+00
1.222252498393895e+00	3.298635e+00
1.225182185893895e+00	3.298667e+00
1.228111873393895e+00	3.298646e+00
1.231041560893895e+00	3.298678e+00
1.233971248393895e+00	3.298657e+00
1.236900935893895e+00	3.298689e+00
1.239830623393895e+00	3.298668e+00
1.242760310893895e+00	3.298700e+00
1.245689998393895e+00	3.298679e+00
1.248619685893895e+00	3.298711e+00
1.251549373393895e+00	3.298689e+00
1.254479060893895e+00	3.298721e+00
1.257408748393895e+00	3.298700e+00
1.260338435893895e+00	3.298732e+00
1.263268123393895e+00	3.298710e+00
1.266197810893895e+00	3.298742e+00
1.269127498393895e+00	3.298721e+00
1.272057185893895e+00	3.298752e+00
1.274986873393895e+00	3.298731e+00
1.277916560893895e+00	3.298762e+00
1.280846248393895e+00	3.298741e+00
1.283775935893895e+00	3.298772e+00
1.286705623393895e+00	3.298751e+00
1.289635310893895e+00	3.298782e+00
1.292564998393895e+00	3.298760e+00
1.295494685893895e+00	3.298792e+00
1.298424373393895e+00	3.298770e+00
1.301354060893895e+00	3.298801e+00
1.304283748393895e+00	3.298779e+00
1.307213435893895e+00	3.298811e+00
1.310143123393895e+00	3.298789e+00
1.313072810893895e+00	3.298820e+00
1.316002498393895e+00	3.298798e+00
1.318932185893895e+00	3.298829e+00
1.321861873393895e+00	3.298807e+00
1.324791560893895e+00	3.298838e+00
1.327721248393895e+00	3.298816e+00
1.330650935893895e+00	3.298847e+00
1.333580623393895e+00	3.298825e+00
1.336510310893895e+00	3.298856e+00
1.339439998393895e+00	3.298834e+00
1.342369685893895e+00	3.298865e+00
1.345299373393895e+00	3.298842e+00
1.348229060893895e+00	3.298873e+00
1.351158748393895e+00	3.298851e+00
1.354088435893895e+00	3.298882e+00
1.357018123393895e+00	3.298860e+00
1.359947810893895e+00	3.298890e+00
1.362877498393895e+00	3.298868e+00
1.365807185893895e+00	3.298899e+00
1.368736873393895e+00	3.298876e+00
1.371666560893895e+00	3.298907e+00
1.374596248393895e+00	3.298884e+00
1.377525935893895e+00	3.298915e+00
1.380455623393895e+00	3.298892e+00
1.383385310893895e+00	3.298923e+00
1.386314998393895e+00	3.298900e+00
1.389244685893895e+00	3.298931e+00
1.392174373393895e+00	3.298908e+00
1.395104060893895e+00	3.298939e+00
1.398033748393895e+00	3.298916e+00
1.400963435893895e+00	3.298946e+00
1.403893123393895e+00	3.298923e+00
1.406822810893895e+00	3.298954e+00
1.409752498393895e+00	3.298931e+00
1.412682185893895e+00	3.298961e+00
1.415611873393895e+00	3.298938e+00
1.418541560893895e+00	3.298969e+00
1.421471248393895e+00	3.298946e+00
1.424400935893895e+00	3.298976e+00
1.427330623393895e+00	3.298953e+00
1.430260310893895e+00	3.298983e+00
1.433189998393895e+00	3.298960e+00
1.436119685893895e+00	3.298990e+00
1.439049373393895e+00	3.298967e+00
1.441979060893895e+00	3.298997e+00
1.444908748393895e+00	3.298974e+00
1.447838435893895e+00	3.299004e+00
1.450768123393895e+00	3.298981e+00
1.453697810893895e+00	3.299011e+00
1.456627498393895e+00	3.298988e+00
1.459557185893895e+00	3.299018e+00
1.462486873393895e+00	3.298994e+00
1.465416560893895e+00	3.299024e+00
1.468346248393895e+00	3.299001e+00
1.471275935893895e+00	3.299031e+00
1.474205623393895e+00	3.299007e+00
1.477135310893895e+00	3.299037e+00
1.480064998393895e+00	3.299014e+00
1.482994685893895e+00	3.299044e+00
1.485924373393895e+00	3.299020e+00
1.488854060893895e+00	3.299050e+00
1.491783748393895e+00	3.299026e+00
1.494713435893895e+00	3.299056e+00
1.497643123393895e+00	3.299033e+00
1.500572810893895e+00	3.299062e+00
1.503502498393895e+00	3.299039e+00
1.506432185893895e+00	3.299069e+00
1.509361873393895e+00	3.299045e+00
1.512291560893895e+00	3.299075e+00
1.515221248393895e+00	3.299051e+00
1.518150935893895e+00	3.299081e+00
1.521080623393895e+00	3.299057e+00
1.524010310893895e+00	3.299086e+00
1.526939998393895e+00	3.299063e+00
1.529869685893895e+00	3.299092e+00
1.532799373393895e+00	3.299068e+00
1.535729060893895e+00	3.299098e+00
1.538658748393895e+00	3.299074e+00
1.541588435893895e+00	3.299103e+00
1.544518123393895e+00	3.299080e+00
1.547447810893895e+00	3.299109e+00
1.550377498393895e+00	3.299085e+00
1.553307185893895e+00	3.299114e+00
1.556236873393895e+00	3.299091e+00
1.559166560893895e+00	3.299120e+00
1.562096248393895e+00	3.299096e+00
1.565025935893895e+00	3.299125e+00
1.567955623393895e+00	3.299101e+00
1.570885310893895e+00	3.299131e+00
1.573814998393895e+00	3.299107e+00
1.576744685893895e+00	3.299136e+00
1.579674373393895e+00	3.299112e+00
1.582604060893895e+00	3.299141e+00
1.585533748393895e+00	3.299117e+00
1.588463435893895e+00	3.299146e+00
1.591393123393895e+00	3.299122e+00
1.594322810893895e+00	3.299151e+00
1.597252498393895e+00	3.299127e+00
1.600182185893895e+00	3.299156e+00
1.603111873393895e+00	3.299131e+00
1.606041560893895e+00	3.299160e+00
1.608971248393895e+00	3.299136e+00
1.611900935893895e+00	3.299165e+00
1.614830623393895e+00	3.299141e+00
1.617760310893895e+00	3.299170e+00
1.620689998393895e+00	3.299145e+00
1.623619685893895e+00	3.299175e+00
1.623985896831395e+00	3.299161e+00
1.624718318706395e+00	3.299162e+00
1.626183162456395e+00	3.299163e+00
1.629112849956395e+00	3.299165e+00
1.629479060893895e+00	3.299166e+00
1.630211482768895e+00	3.299166e+00
1.631676326518895e+00	3.299146e+00
1.631857572288107e+00	3.299132e+00
1.632220063826530e+00	3.299085e+00
1.632283975724854e+00	3.299073e+00
1.632299953699435e+00	3.299069e+00
1.632303948193081e+00	3.299068e+00
1.632311937180371e+00	3.299067e+00
1.632313934427194e+00	3.299067e+00
1.632317928920839e+00	3.298289e+00
1.632318053748765e+00	3.298256e+00
1.632318303404618e+00	3.298190e+00
1.632318365818581e+00	3.298174e+00
1.632318490646508e+00	3.298140e+00
1.632318740302361e+00	3.298072e+00
1.632318802716324e+00	3.284313e+00
1.632318927544250e+00	3.185982e+00
1.632318955629383e+00	3.131980e+00
1.632319011799650e+00	2.974213e+00
1.632319025842216e+00	2.912579e+00
1.632319053927349e+00	2.766201e+00
1.632319060948633e+00	2.720201e+00
1.632319074991199e+00	2.620332e+00
1.632319078501841e+00	2.592293e+00
1.632319079379501e+00	2.585214e+00
1.632319081134822e+00	2.570915e+00
1.632319084645464e+00	2.541456e+00
1.632319084755171e+00	2.540516e+00
1.632319084974586e+00	2.538634e+00
1.632319085029440e+00	2.538163e+00
1.632319085139148e+00	2.537219e+00
1.632319085166575e+00	2.536983e+00
1.632319085167432e+00	2.536976e+00
1.632319085169146e+00	2.536961e+00
1.632319085169574e+00	2.536958e+00
1.632319085170431e+00	2.536950e+00
1.632319085172146e+00	2.536935e+00
1.632319085175574e+00	2.536906e+00
1.632319085182431e+00	2.536847e+00
1.632319085196144e+00	2.536729e+00
1.632319085223571e+00	2.536493e+00
1.632319085278425e+00	2.536020e+00
1.632319085388132e+00	2.535074e+00
1.632319085607548e+00	2.533180e+00
1.632319086046378e+00	2.529402e+00
1.632319086924038e+00	2.521934e+00
1.632319088679359e+00	2.507424e+00
1.632319092190001e+00	2.479963e+00
1.632319099211284e+00	2.428649e+00
1.632319113253851e+00	2.330735e+00
1.632319141338984e+00	2.137230e+00
1.632319197509250e+00	1.749848e+00
1.632319309849783e+00	9.749659e-01
1.632319337934916e+00	7.811672e-01
1.632319394105182e+00	3.935675e-01
1.632319408147749e+00	2.966608e-01
1.632319436232882e+00	1.028403e-01
1.632319443254165e+00	5.438297e-02
1.632319445009486e+00	4.226860e-02
1.632319448520127e+00	1.803979e-02
1.632319449397788e+00	1.198257e-02
1.632319449617203e+00	1.046826e-02
1.632319450056033e+00	7.439649e-03
1.632319450165741e+00	6.682495e-03
1.632319450385156e+00	5.173522e-03
1.632319450823986e+00	4.697730e-03
1.632319451322973e+00	5.012745e-03
1.632319451955601e+00	4.768440e-03
1.632319453001824e+00	4.940998e-03
1.632319454428405e+00	4.757513e-03
1.632319456845868e+00	4.869904e-03
1.632319460730832e+00	4.673908e-03
1.632319468500758e+00	4.695502e-03
1.632319484040612e+00	4.336932e-03
1.632319515120319e+00	4.017866e-03
1.632319577279733e+00	2.990925e-03
1.632319701598560e+00	3.863993e-03
1.632319950236216e+00	3.698064e-03
1.632320447511527e+00	3.789135e-03
1.632321047392243e+00	3.658192e-03
1.632321949407967e+00	3.766948e-03
1.632323485884692e+00	3.624103e-03
1.632326558838140e+00	3.704336e-03
1.632332704745037e+00	3.581289e-03
1.632338510817661e+00	3.704196e-03
1.632345377650292e+00	3.581359e-03
1.632356821233444e+00	3.704084e-03
1.632373326776647e+00	3.581336e-03
1.632403601360489e+00	3.703948e-03
1.632459523436313e+00	3.581149e-03
1.632552144370387e+00	3.703593e-03
1.632726045889866e+00	3.580530e-03
1.633025847998783e+00	3.702484e-03
1.633563144549766e+00	3.578578e-03
1.634523718012877e+00	3.698992e-03
1.636216093612040e+00	3.572410e-03
1.639145781112040e+00	3.688290e-03
1.642075468612040e+00	3.558912e-03
1.645005156112040e+00	3.674879e-03
1.647934843612040e+00	3.545588e-03
1.647935843612040e+00	3.668008e-03
1.647951843612040e+00	3.545789e-03
1.647952843612040e+00	3.667804e-03
1.647968843612040e+00	3.545912e-03
1.647969843612040e+00	3.667654e-03
1.647985843612040e+00	3.545983e-03
1.647986843612040e+00	3.667538e-03
1.648002843612040e+00	3.546021e-03
1.648032093586822e+00	3.667430e-03
1.648068047544988e+00	3.545877e-03
1.648139955461321e+00	3.667184e-03
1.648283771293986e+00	3.545391e-03
1.648571402959317e+00	3.666209e-03
1.649146666289978e+00	3.543445e-03
1.650297192951301e+00	3.662322e-03
1.652598246273946e+00	3.535697e-03
1.655527933773946e+00	3.650632e-03
1.658457621273946e+00	3.522677e-03
1.661387308773946e+00	3.637696e-03
1.664316996273946e+00	3.509823e-03
1.667246683773946e+00	3.624925e-03
1.670176371273946e+00	3.497135e-03
1.673106058773946e+00	3.612318e-03
1.676035746273946e+00	3.484609e-03
1.678965433773946e+00	3.599872e-03
1.681895121273946e+00	3.472243e-03
1.684824808773946e+00	3.587586e-03
1.687754496273946e+00	3.460035e-03
1.690684183773946e+00	3.575457e-03
1.693613871273946e+00	3.447984e-03
1.696543558773946e+00	3.563483e-03
1.699473246273946e+00	3.436087e-03
1.702402933773946e+00	3.551662e-03
1.705332621273946e+00	3.424343e-03
1.708262308773946e+00	3.539993e-03
1.711191996273946e+00	3.412749e-03
1.714121683773946e+00	3.528473e-03
1.717051371273946e+00	3.401303e-03
1.719981058773946e+00	3.517101e-03
1.722910746273946e+00	3.390004e-03
1.725840433773946e+00	3.505874e-03
1.728770121273946e+00	3.378849e-03
1.731699808773946e+00	3.494791e-03
1.734629496273946e+00	3.367838e-03
1.737559183773946e+00	3.483851e-03
1.740488871273946e+00	3.356967e-03
1.743418558773946e+00	3.473049e-03
1.746348246273946e+00	3.346236e-03
1.749277933773946e+00	3.462387e-03
1.752207621273946e+00	3.335642e-03
1.755137308773946e+00	3.451861e-03
1.758066996273946e+00	3.325183e-03
1.760996683773946e+00	3.441470e-03
1.763926371273946e+00	3.314859e-03
1.766856058773946e+00	3.431211e-03
1.769785746273946e+00	3.304666e-03
1.772715433773946e+00	3.421084e-03
1.775645121273946e+00	3.294605e-03
1.778574808773946e+00	3.411087e-03
1.781504496273946e+00	3.284672e-03
1.784434183773946e+00	3.401218e-03
1.787363871273946e+00	3.274866e-03
1.790293558773946e+00	3.391475e-03
1.793223246273946e+00	3.265185e-03
1.796152933773946e+00	3.381856e-03
1.799082621273946e+00	3.255629e-03
1.802012308773946e+00	3.372361e-03
1.804941996273946e+00	3.246195e-03
1.807871683773946e+00	3.362988e-03
1.810801371273946e+00	3.236882e-03
1.813731058773946e+00	3.353735e-03
1.816660746273946e+00	3.227688e-03
1.819590433773946e+00	3.344600e-03
1.822520121273946e+00	3.218612e-03
1.825449808773946e+00	3.335582e-03
1.828379496273946e+00	3.209652e-03
1.831309183773946e+00	3.326679e-03
1.834238871273946e+00	3.200806e-03
1.837168558773946e+00	3.317890e-03
1.840098246273946e+00	3.192074e-03
1.843027933773946e+00	3.309214e-03
1.845957621273946e+00	3.183454e-03
1.848887308773946e+00	3.300650e-03
1.851816996273946e+00	3.174944e-03
1.854746683773946e+00	3.292194e-03
1.857676371273946e+00	3.166543e-03
1.860606058773946e+00	3.283847e-03
1.863535746273946e+00	3.158250e-03
1.866465433773946e+00	3.275607e-03
1.869395121273946e+00	3.150063e-03
1.872324808773946e+00	3.267472e-03
1.875254496273946e+00	3.141981e-03
1.878184183773946e+00	3.259442e-03
1.881113871273946e+00	3.134002e-03
1.884043558773946e+00	3.251514e-03
1.886973246273946e+00	3.126125e-03
1.889902933773946e+00	3.243688e-03
1.892832621273946e+00	3.118349e-03
1.895762308773946e+00	3.235962e-03
1.898691996273946e+00	3.110673e-03
1.901621683773946e+00	3.228335e-03
1.904551371273946e+00	3.103095e-03
1.907481058773946e+00	3.220806e-03
1.910410746273946e+00	3.095614e-03
1.913340433773946e+00	3.213373e-03
1.916270121273946e+00	3.088229e-03
1.919199808773946e+00	3.206035e-03
1.922129496273946e+00	3.080938e-03
1.925059183773946e+00	3.198791e-03
1.927988871273946e+00	3.073741e-03
1.930918558773946e+00	3.191640e-03
1.933848246273946e+00	3.066636e-03
1.936777933773946e+00	3.184580e-03
1.939707621273946e+00	3.059622e-03
1.942637308773946e+00	3.177611e-03
1.945566996273946e+00	3.052698e-03
1.948496683773946e+00	3.170731e-03
1.951426371273946e+00	3.045862e-03
1.954356058773946e+00	3.163939e-03
1.957285746273946e+00	3.039113e-03
1.960215433773946e+00	3.157235e-03
1.963145121273946e+00	3.032452e-03
1.966074808773946e+00	3.150615e-03
1.969004496273946e+00	3.025875e-03
1.971934183773946e+00	3.144081e-03
1.974863871273946e+00	3.019383e-03
1.977793558773946e+00	3.137631e-03
1.980723246273946e+00	3.012974e-03
1.983652933773946e+00	3.131262e-03
1.986582621273946e+00	3.006647e-03
1.989512308773946e+00	3.124976e-03
1.992441996273946e+00	3.000401e-03
1.995371683773946e+00	3.118770e-03
1.998301371273946e+00	2.994235e-03
2.001231058773946e+00	3.112643e-03
2.004160746273946e+00	2.988148e-03
2.007090433773946e+00	3.106595e-03
2.010020121273946e+00	2.982138e-03
2.012949808773946e+00	3.100625e-03
2.015879496273946e+00	2.976206e-03
2.018809183773946e+00	3.094730e-03
2.021738871273946e+00	2.970350e-03
2.024668558773946e+00	3.088912e-03
2.027598246273946e+00	2.964569e-03
2.030527933773946e+00	3.083167e-03
2.033457621273946e+00	2.958861e-03
2.036387308773946e+00	3.077497e-03
2.039316996273946e+00	2.953227e-03
2.042246683773946e+00	3.071899e-03
2.045176371273946e+00	2.947665e-03
2.048106058773946e+00	3.066372e-03
2.051035746273946e+00	2.942174e-03
2.053965433773946e+00	3.060916e-03
2.056895121273946e+00	2.936754e-03
2.059824808773946e+00	3.055531e-03
2.062754496273946e+00	2.931403e-03
2.065684183773946e+00	3.050214e-03
2.068613871273946e+00	2.926120e-03
2.071543558773946e+00	3.044965e-03
2.074473246273946e+00	2.920905e-03
2.077402933773946e+00	3.039783e-03
2.080332621273946e+00	2.915757e-03
2.083262308773946e+00	3.034668e-03
2.086191996273946e+00	2.910730e-03
2.089121683773946e+00	3.029736e-03
2.092051371273946e+00	2.905836e-03
2.094981058773946e+00	3.024873e-03
2.097910746273946e+00	2.901005e-03
2.100840433773946e+00	3.020073e-03
2.103770121273946e+00	2.896236e-03
2.106699808773946e+00	3.015335e-03
2.109629496273946e+00	2.891528e-03
2.112559183773946e+00	3.010657e-03
2.115488871273946e+00	2.886881e-03
2.118418558773946e+00	3.006039e-03
2.121348246273946e+00	2.882293e-03
2.124277933773946e+00	3.001481e-03
2.127207621273946e+00	2.877763e-03
2.127573832211446e+00	2.938212e-03
2.128306254086446e+00	2.937651e-03
2.129771097836446e+00	2.936530e-03
2.130137308773946e+00	2.936251e-03
2.130869730648946e+00	2.935692e-03
2.132110674550697e+00	2.970828e-03
2.132301296183397e+00	2.991776e-03
2.132348951591572e+00	2.997639e-03
2.132444262407922e+00	3.010615e-03
2.132468090112010e+00	3.014329e-03
2.132515745520184e+00	3.022068e-03
2.132527659372228e+00	3.024121e-03
2.132551487076316e+00	3.028303e-03
2.132557444002338e+00	3.029378e-03
2.132558933233843e+00	3.029648e-03
2.132561911696854e+00	3.030188e-03
2.132567868622876e+00	3.456515e-03
2.132569357854381e+00	3.812194e-03
2.132569730162258e+00	3.903631e-03
2.132569823239227e+00	3.926650e-03
2.132570009393165e+00	3.973008e-03
2.132570055931650e+00	3.984719e-03
2.132570149008619e+00	4.008222e-03
2.132570172277861e+00	4.014129e-03
2.132570218816346e+00	4.025963e-03
2.132570311893315e+00	1.853743e-02
2.132570424489819e+00	8.785608e-02
2.132570452638945e+00	1.285568e-01
2.132570508937198e+00	2.478521e-01
2.132570523011760e+00	2.945138e-01
2.132570551160887e+00	4.053978e-01
2.132570558198168e+00	4.402705e-01
2.132570572272731e+00	5.160084e-01
2.132570575791372e+00	5.372823e-01
2.132570582828653e+00	5.815814e-01
2.132570596903216e+00	6.815805e-01
2.132570597343046e+00	6.849691e-01
2.132570598222707e+00	6.917797e-01
2.132570598442622e+00	6.934950e-01
2.132570598882452e+00	6.969341e-01
2.132570598992409e+00	6.977971e-01
2.132570599212325e+00	6.995251e-01
2.132570599652154e+00	7.029940e-01
2.132570599665899e+00	7.031027e-01
2.132570599693389e+00	7.033201e-01
2.132570599700261e+00	7.033744e-01
2.132570599714005e+00	7.034832e-01
2.132570599717442e+00	7.035104e-01
2.132570599724314e+00	7.035648e-01
2.132570599738059e+00	7.036735e-01
2.132570599738489e+00	7.036769e-01
2.132570599739347e+00	7.036837e-01
2.132570599741066e+00	7.036973e-01
2.132570599744501e+00	7.037245e-01
2.132570599751374e+00	7.037789e-01
2.132570599765119e+00	7.038877e-01
2.132570599792608e+00	7.041054e-01
2.132570599847587e+00	7.045408e-01
2.132570599957544e+00	7.054126e-01
2.132570600177460e+00	7.071577e-01
2.132570600617290e+00	7.106405e-01
2.132570601496950e+00	7.175224e-01
2.132570603256270e+00	7.308927e-01
2.132570606774911e+00	7.561944e-01
2.132570613812192e+00	8.034715e-01
2.132570627886755e+00	8.936892e-01
2.132570656035881e+00	1.071999e+00
2.132570712334134e+00	1.428963e+00
2.132570824930638e+00	2.142999e+00
2.132570853079764e+00	2.321581e+00
2.132570909378016e+00	2.678745e+00
2.132570923452580e+00	2.768043e+00
2.132570951601705e+00	2.946644e+00
2.132570958638987e+00	2.991297e+00
2.132570972713550e+00	3.080602e+00
2.132571000862676e+00	3.259220e+00
2.132571001742336e+00	3.264802e+00
2.132571003501657e+00	3.275965e+00
2.132571007020298e+00	3.296980e+00
2.132571014057579e+00	3.297529e+00
2.132571028132142e+00	3.297272e+00
2.132571056281268e+00	3.298091e+00
2.132571112579520e+00	3.298399e+00
2.132571225176025e+00	3.298495e+00
2.132571450369034e+00	3.298119e+00
2.132571900755051e+00	3.298571e+00
2.132572801527086e+00	3.298166e+00
2.132574047967140e+00	3.298601e+00
2.132576540847247e+00	3.298214e+00
2.132577164067273e+00	3.298432e+00
2.132578410507327e+00	3.298448e+00
2.132578722117340e+00	3.298452e+00
2.132579345337367e+00	3.298456e+00
2.132580273187104e+00	3.298456e+00
2.132581129992797e+00	3.298456e+00
2.132582812424763e+00	3.298456e+00
2.132586177288695e+00	3.298456e+00
2.132592907016558e+00	3.298456e+00
2.132606366472285e+00	3.298456e+00
2.132633285383738e+00	3.298456e+00
2.132687123206644e+00	3.298456e+00
2.132794798852457e+00	3.298456e+00
2.133010150144082e+00	3.298457e+00
2.133440852727332e+00	3.298458e+00
2.134302257893832e+00	3.298460e+00
2.136025068226834e+00	3.298464e+00
2.138954755726834e+00	3.298470e+00
2.141884443226834e+00	3.298477e+00
2.144814130726834e+00	3.298484e+00
2.147743818226834e+00	3.298491e+00
2.150673505726834e+00	3.298497e+00
2.153603193226834e+00	3.298504e+00
2.156532880726834e+00	3.298511e+00
2.159462568226834e+00	3.298517e+00
2.162392255726834e+00	3.298523e+00
2.165321943226834e+00	3.298530e+00
2.168251630726834e+00	3.298536e+00
2.171181318226834e+00	3.298543e+00
2.174111005726834e+00	3.298549e+00
2.177040693226834e+00	3.298555e+00
2.179970380726834e+00	3.298562e+00
2.182900068226834e+00	3.298568e+00
2.185829755726834e+00	3.298574e+00
2.188759443226834e+00	3.298580e+00
2.191689130726834e+00	3.298586e+00
2.194618818226834e+00	3.298592e+00
2.197548505726834e+00	3.298598e+00
2.200478193226834e+00	3.298604e+00
2.203407880726834e+00	3.298610e+00
2.206337568226834e+00	3.298616e+00
2.209267255726834e+00	3.298621e+00
2.212196943226834e+00	3.298627e+00
2.215126630726834e+00	3.298633e+00
2.218056318226834e+00	3.298639e+00
2.220986005726834e+00	3.298645e+00
2.223915693226834e+00	3.298650e+00
2.226845380726834e+00	3.298656e+00
2.229775068226834e+00	3.298661e+00
2.232704755726834e+00	3.298667e+00
2.235634443226834e+00	3.298672e+00
2.238564130726834e+00	3.298678e+00
2.241493818226834e+00	3.298683e+00
2.244423505726834e+00	3.298689e+00
2.247353193226834e+00	3.298694e+00
2.250282880726834e+00	3.298699e+00
2.253212568226834e+00	3.298705e+00
2.256142255726834e+00	3.298710e+00
2.259071943226834e+00	3.298715e+00
2.262001630726834e+00	3.298720e+00
2.264931318226834e+00	3.298726e+00
2.267861005726834e+00	3.298731e+00
2.270790693226834e+00	3.298736e+00
2.273720380726834e+00	3.298741e+00
2.276650068226834e+00	3.298746e+00
2.279579755726834e+00	3.298751e+00
2.282509443226834e+00	3.298756e+00
2.285439130726834e+00	3.298761e+00
2.288368818226834e+00	3.298766e+00
2.291298505726834e+00	3.298771e+00
2.294228193226834e+00	3.298775e+00
2.297157880726834e+00	3.298780e+00
2.300087568226834e+00	3.298785e+00
2.303017255726834e+00	3.298790e+00
2.305946943226834e+00	3.298795e+00
2.308876630726834e+00	3.298799e+00
2.311806318226834e+00	3.298804e+00
2.314736005726834e+00	3.298808e+00
2.317665693226834e+00	3.298813e+00
2.320595380726834e+00	3.298818e+00
2.323525068226834e+00	3.298822e+00
2.326454755726834e+00	3.298827e+00
2.329384443226834e+00	3.298831e+00
2.332314130726834e+00	3.298836e+00
2.335243818226834e+00	3.298840e+00
2.338173505726834e+00	3.298844e+00
2.341103193226834e+00	3.298849e+00
2.344032880726834e+00	3.298853e+00
2.346962568226834e+00	3.298857e+00
2.349892255726834e+00	3.298862e+00
2.352821943226834e+00	3.298866e+00
2.355751630726834e+00	3.298870e+00
2.358681318226834e+00	3.298874e+00
2.361611005726834e+00	3.298878e+00
2.364540693226834e+00	3.298883e+00
2.367470380726834e+00	3.298887e+00
2.370400068226834e+00	3.298891e+00
2.373329755726834e+00	3.298895e+00
2.376259443226834e+00	3.298899e+00
2.379189130726834e+00	3.298903e+00
2.382118818226834e+00	3.298907e+00
2.385048505726834e+00	3.298911e+00
2.387978193226834e+00	3.298915e+00
2.390907880726834e+00	3.298919e+00
2.393837568226834e+00	3.298923e+00
2.396767255726834e+00	3.298927e+00
2.399696943226834e+00	3.298930e+00
2.402626630726834e+00	3.298934e+00
2.405556318226834e+00	3.298938e+00
2.408486005726834e+00	3.298942e+00
2.411415693226834e+00	3.298946e+00
2.414345380726834e+00	3.298949e+00
2.417275068226834e+00	3.298953e+00
2.420204755726834e+00	3.298957e+00
2.423134443226834e+00	3.298960e+00
2.426064130726834e+00	3.298964e+00
2.428993818226834e+00	3.298968e+00
2.431923505726834e+00	3.298971e+00
2.434853193226834e+00	3.298975e+00
2.437782880726834e+00	3.298978e+00
2.440712568226834e+00	3.298982e+00
2.443642255726834e+00	3.298985e+00
2.446571943226834e+00	3.298989e+00
2.449501630726834e+00	3.298992e+00
2.452431318226834e+00	3.298995e+00
2.455361005726834e+00	3.298999e+00
2.458290693226834e+00	3.299002e+00
2.461220380726834e+00	3.299006e+00
2.464150068226834e+00	3.299009e+00
2.467079755726834e+00	3.299012e+00
2.470009443226834e+00	3.299016e+00
2.472939130726834e+00	3.299019e+00
2.475868818226834e+00	3.299022e+00
2.478798505726834e+00	3.299025e+00
2.481728193226834e+00	3.299028e+00
2.484657880726834e+00	3.299032e+00
2.487587568226834e+00	3.299035e+00
2.490517255726834e+00	3.299038e+00
2.493446943226834e+00	3.299041e+00
2.496376630726834e+00	3.299044e+00
2.499306318226834e+00	3.299047e+00
2.502236005726834e+00	3.299050e+00
2.505165693226834e+00	3.299053e+00
2.508095380726834e+00	3.299056e+00
2.511025068226834e+00	3.299059e+00
2.513954755726834e+00	3.299062e+00
2.516884443226834e+00	3.299065e+00
2.519814130726834e+00	3.299068e+00
2.522743818226834e+00	3.299071e+00
2.525673505726834e+00	3.299074e+00
2.528603193226834e+00	3.299077e+00
2.531532880726834e+00	3.299080e+00
2.534462568226834e+00	3.299083e+00
2.537392255726834e+00	3.299086e+00
2.540321943226834e+00	3.299088e+00
2.543251630726834e+00	3.299091e+00
2.546181318226834e+00	3.299094e+00
2.549111005726834e+00	3.299097e+00
2.552040693226834e+00	3.299099e+00
2.554970380726834e+00	3.299102e+00
2.557900068226834e+00	3.299105e+00
2.560829755726834e+00	3.299108e+00
2.563759443226834e+00	3.299110e+00
2.566689130726834e+00	3.299113e+00
2.569618818226834e+00	3.299116e+00
2.572548505726834e+00	3.299118e+00
2.575478193226834e+00	3.299121e+00
2.578407880726834e+00	3.299124e+00
2.581337568226834e+00	3.299126e+00
2.584267255726834e+00	3.299129e+00
2.587196943226834e+00	3.299131e+00
2.590126630726834e+00	3.299134e+00
2.593056318226834e+00	3.299136e+00
2.595986005726834e+00	3.299139e+00
2.598915693226834e+00	3.299141e+00
2.601845380726834e+00	3.299143e+00
2.604775068226834e+00	3.299146e+00
2.607704755726834e+00	3.299148e+00
2.610634443226834e+00	3.299150e+00
2.613564130726834e+00	3.299153e+00
2.616493818226834e+00	3.299155e+00
2.619423505726834e+00	3.299157e+00
2.622353193226834e+00	3.299160e+00
2.625282880726834e+00	3.299162e+00
2.628212568226834e+00	3.299164e+00
2.631142255726834e+00	3.299166e+00
2.631508466664334e+00	3.299167e+00
2.632240888539334e+00	3.299160e+00
2.632423994008084e+00	3.299147e+00
2.632790204945584e+00	3.299102e+00
2.632881757679959e+00	3.299084e+00
2.632904645863552e+00	3.299080e+00
2.632950422230740e+00	3.299070e+00
2.632961866322537e+00	3.299067e+00
2.632964727345486e+00	3.299067e+00
2.632970449391384e+00	3.298198e+00
2.632970628205319e+00	3.298147e+00
2.632970672908802e+00	3.298134e+00
2.632970762315769e+00	3.298108e+00
2.632970784667511e+00	3.298102e+00
2.632970829370995e+00	3.298089e+00
2.632970918777962e+00	3.295025e+00
2.632970941129704e+00	3.290751e+00
2.632970985833187e+00	3.279967e+00
2.632971075240155e+00	3.230528e+00
2.632971097591896e+00	3.206163e+00
2.632971142295380e+00	3.141136e+00
2.632971231702347e+00	2.813752e+00
2.632971233988593e+00	2.800842e+00
2.632971238561084e+00	2.774348e+00
2.632971247706067e+00	2.717055e+00
2.632971265996031e+00	2.582776e+00
2.632971270568523e+00	2.543761e+00
2.632971270711413e+00	2.542540e+00
2.632971270997194e+00	2.540094e+00
2.632971271068639e+00	2.539481e+00
2.632971271211529e+00	2.538254e+00
2.632971271247252e+00	2.537947e+00
2.632971271318697e+00	2.537332e+00
2.632971271336559e+00	2.537178e+00
2.632971271341024e+00	2.537140e+00
2.632971271342140e+00	2.537130e+00
2.632971271344373e+00	2.537111e+00
2.632971271344931e+00	2.537106e+00
2.632971271346047e+00	2.537097e+00
2.632971271348280e+00	2.537077e+00
2.632971271352745e+00	2.537039e+00
2.632971271361676e+00	2.536962e+00
2.632971271379537e+00	2.536808e+00
2.632971271415260e+00	2.536501e+00
2.632971271486705e+00	2.535885e+00
2.632971271629595e+00	2.534652e+00
2.632971271915376e+00	2.532186e+00
2.632971272486937e+00	2.527279e+00
2.632971273630060e+00	2.517634e+00
2.632971275916306e+00	2.499070e+00
2.632971280488797e+00	2.464224e+00
2.632971289633780e+00	2.398848e+00
2.632971307923744e+00	2.272328e+00
2.632971344503674e+00	2.020240e+00
2.632971417663534e+00	1.515638e+00
2.632971563983254e+00	5.062178e-01
2.632971600563184e+00	2.537559e-01
2.632971609708166e+00	1.906421e-01
2.632971627998131e+00	6.441482e-02
2.632971632570622e+00	3.285773e-02
2.632971633713745e+00	2.496844e-02
2.632971635999991e+00	9.189815e-03
2.632971636571552e+00	5.245144e-03
2.632971636714443e+00	4.971783e-03
2.632971637000223e+00	4.843784e-03
2.632971637571785e+00	4.910804e-03
2.632971638444252e+00	4.839742e-03
2.632971640172246e+00	4.864629e-03
2.632971643628234e+00	4.767742e-03
2.632971650460853e+00	4.712893e-03
2.632971664126091e+00	4.470081e-03
2.632971691456566e+00	4.116947e-03
2.632971746117518e+00	3.284470e-03
2.632971855439421e+00	3.831955e-03
2.632972074083227e+00	3.747256e-03
2.632972511370840e+00	3.752186e-03
2.632973104933880e+00	3.700999e-03
2.632973907796545e+00	3.729152e-03
2.632975268833363e+00	3.670832e-03
2.632977990906999e+00	3.671946e-03
2.632978671425407e+00	3.643729e-03
2.632980032462225e+00	3.642160e-03
2.632982323137020e+00	3.643399e-03
2.632984469067948e+00	3.642344e-03
2.632987702868340e+00	3.643242e-03
2.632993030710571e+00	3.642405e-03
2.633002027003636e+00	3.643164e-03
2.633020019589767e+00	3.642366e-03
2.633056004762028e+00	3.643026e-03
2.633127630856726e+00	3.642120e-03
2.633270883046122e+00	3.642521e-03
2.633557387424913e+00	3.641117e-03
2.634130396182496e+00	3.640513e-03
2.635276413697661e+00	3.637110e-03
2.637568448727992e+00	3.632524e-03
2.640498136227992e+00	3.625031e-03
2.643427823727992e+00	3.619047e-03
2.646357511227992e+00	3.611640e-03
2.649287198727992e+00	3.605742e-03
2.652216886227992e+00	3.598420e-03
2.655146573727992e+00	3.592607e-03
2.658076261227992e+00	3.585370e-03
2.661005948727992e+00	3.579641e-03
2.663935636227992e+00	3.572488e-03
2.666865323727992e+00	3.566840e-03
2.669795011227992e+00	3.559770e-03
2.672724698727992e+00	3.554204e-03
2.675654386227992e+00	3.547214e-03
2.678584073727992e+00	3.541729e-03
2.681513761227992e+00	3.534820e-03
2.684443448727992e+00	3.529414e-03
2.687373136227992e+00	3.522584e-03
2.690302823727992e+00	3.517257e-03
2.693232511227992e+00	3.510505e-03
2.696162198727992e+00	3.505255e-03
2.699091886227992e+00	3.498581e-03
2.702021573727992e+00	3.493407e-03
2.704951261227992e+00	3.486809e-03
2.707880948727992e+00	3.481711e-03
2.710810636227992e+00	3.475188e-03
2.713740323727992e+00	3.470164e-03
2.716670011227992e+00	3.463716e-03
2.719599698727992e+00	3.458766e-03
2.722529386227992e+00	3.452391e-03
2.725459073727992e+00	3.447513e-03
2.728388761227992e+00	3.441211e-03
2.731318448727992e+00	3.436405e-03
2.734248136227992e+00	3.430173e-03
2.737177823727992e+00	3.425438e-03
2.740107511227992e+00	3.419278e-03
2.743037198727992e+00	3.414612e-03
2.745966886227992e+00	3.408521e-03
2.748896573727992e+00	3.403925e-03
2.751826261227992e+00	3.397903e-03
2.754755948727992e+00	3.393374e-03
2.757685636227992e+00	3.387420e-03
2.760615323727992e+00	3.382958e-03
2.763545011227992e+00	3.377072e-03
2.766474698727992e+00	3.372676e-03
2.769404386227992e+00	3.366856e-03
2.772334073727992e+00	3.362526e-03
2.775263761227992e+00	3.356771e-03
2.778193448727992e+00	3.352505e-03
2.781123136227992e+00	3.346815e-03
2.784052823727992e+00	3.342613e-03
2.786982511227992e+00	3.336986e-03
2.789912198727992e+00	3.332848e-03
2.792841886227992e+00	3.327284e-03
2.795771573727992e+00	3.323207e-03
2.798701261227992e+00	3.317705e-03
2.801630948727992e+00	3.313690e-03
2.804560636227992e+00	3.308249e-03
2.807490323727992e+00	3.304295e-03
2.810420011227992e+00	3.298915e-03
2.813349698727992e+00	3.295020e-03
2.816279386227992e+00	3.289700e-03
2.819209073727992e+00	3.285864e-03
2.822138761227992e+00	3.280602e-03
2.825068448727992e+00	3.276825e-03
2.827998136227992e+00	3.271622e-03
2.830927823727992e+00	3.267901e-03
2.833857511227992e+00	3.262756e-03
2.836787198727992e+00	3.259093e-03
2.839716886227992e+00	3.254004e-03
2.842646573727992e+00	3.250396e-03
2.845576261227992e+00	3.245363e-03
2.848505948727992e+00	3.241811e-03
2.851435636227992e+00	3.236834e-03
2.854365323727992e+00	3.233337e-03
2.857295011227992e+00	3.228414e-03
2.860224698727992e+00	3.224970e-03
2.863154386227992e+00	3.220101e-03
2.866084073727992e+00	3.216711e-03
2.869013761227992e+00	3.211895e-03
2.871943448727992e+00	3.208557e-03
2.874873136227992e+00	3.203794e-03
2.877802823727992e+00	3.200508e-03
2.880732511227992e+00	3.195797e-03
2.883662198727992e+00	3.192562e-03
2.886591886227992e+00	3.187902e-03
2.889521573727992e+00	3.184718e-03
2.892451261227992e+00	3.180108e-03
2.895380948727992e+00	3.176974e-03
2.898310636227992e+00	3.172414e-03
2.901240323727992e+00	3.169329e-03
2.904170011227992e+00	3.164819e-03
2.907099698727992e+00	3.161782e-03
2.910029386227992e+00	3.157320e-03
2.912959073727992e+00	3.154332e-03
2.915888761227992e+00	3.149918e-03
2.918818448727992e+00	3.146977e-03
2.921748136227992e+00	3.142611e-03
2.924677823727992e+00	3.139716e-03
2.927607511227992e+00	3.135397e-03
2.930537198727992e+00	3.132548e-03
2.933466886227992e+00	3.128275e-03
2.936396573727992e+00	3.125472e-03
2.939326261227992e+00	3.121245e-03
2.942255948727992e+00	3.118487e-03
2.945185636227992e+00	3.114305e-03
2.948115323727992e+00	3.111591e-03
2.951045011227992e+00	3.107453e-03
2.953974698727992e+00	3.104783e-03
2.956904386227992e+00	3.100689e-03
2.959834073727992e+00	3.098063e-03
2.962763761227992e+00	3.094012e-03
2.965693448727992e+00	3.091429e-03
2.968623136227992e+00	3.087420e-03
2.971552823727992e+00	3.084879e-03
2.974482511227992e+00	3.080913e-03
2.977412198727992e+00	3.078413e-03
2.980341886227992e+00	3.074489e-03
2.983271573727992e+00	3.072031e-03
2.986201261227992e+00	3.068148e-03
2.989130948727992e+00	3.065730e-03
2.992060636227992e+00	3.061887e-03
2.994990323727992e+00	3.059509e-03
2.997920011227992e+00	3.055707e-03
3.000849698727992e+00	3.053368e-03
